<09 Dec 2025 13:06:22> [TT3Unit.SetInstanceIndex] InstanceName : Ahmad Yani - 351 ; InstanceIndex : 29774
<09 Dec 2025 13:06:22> [TT3Unit.SetInstanceIndex] InstanceName : BMP1 ; InstanceIndex : 29785
<09 Dec 2025 13:06:22> [TT3Unit.SetInstanceIndex] InstanceName : BMP2 ; InstanceIndex : 29786
<09 Dec 2025 13:06:22> [TT3Unit.SetInstanceIndex] InstanceName : BMP3 ; InstanceIndex : 29787
<09 Dec 2025 13:06:22> [TT3Unit.SetInstanceIndex] InstanceName : BMP4 ; InstanceIndex : 29788
<09 Dec 2025 13:06:22> [TT3Unit.SetInstanceIndex] InstanceName : BTR 80 - 01 ; InstanceIndex : 29781
<09 Dec 2025 13:06:22> [TT3Unit.SetInstanceIndex] InstanceName : BTR 80 - 02 ; InstanceIndex : 29782
<09 Dec 2025 13:06:22> [TT3Unit.SetInstanceIndex] InstanceName : BTR 80 - 03 ; InstanceIndex : 29783
<09 Dec 2025 13:06:22> [TT3Unit.SetInstanceIndex] InstanceName : BTR 80 - 04 ; InstanceIndex : 29784
<09 Dec 2025 13:06:22> [TT3Unit.SetInstanceIndex] InstanceName : Bung Tomo - 357 ; InstanceIndex : 29799
<09 Dec 2025 13:06:22> [TT3Unit.SetInstanceIndex] InstanceName : Diponegoro - 365 ; InstanceIndex : 29801
<09 Dec 2025 13:06:22> [TT3Unit.SetInstanceIndex] InstanceName : Frans Kaisiepo - 368 ; InstanceIndex : 29776
<09 Dec 2025 13:06:22> [TT3Unit.SetInstanceIndex] InstanceName : HU - 410 ; InstanceIndex : 29789
<09 Dec 2025 13:06:22> [TT3Unit.SetInstanceIndex] InstanceName : I Gusti Ngurah Rai - 332 ; InstanceIndex : 29777
<09 Dec 2025 13:06:22> [TT3Unit.SetInstanceIndex] InstanceName : Karel Satsuitubun - 356 ; InstanceIndex : 29775
<09 Dec 2025 13:06:22> [TT3Unit.SetInstanceIndex] InstanceName : LCU1 ; InstanceIndex : 29778
<09 Dec 2025 13:06:22> [TT3Unit.SetInstanceIndex] InstanceName : LCU2 ; InstanceIndex : 29779
<09 Dec 2025 13:06:22> [TT3Unit.SetInstanceIndex] InstanceName : Makassar - 590 ; InstanceIndex : 29768
<09 Dec 2025 13:06:22> [TT3Unit.SetInstanceIndex] InstanceName : Regu - 01 ; InstanceIndex : 29790
<09 Dec 2025 13:06:22> [TT3Unit.SetInstanceIndex] InstanceName : Regu - 02 ; InstanceIndex : 29791
<09 Dec 2025 13:06:22> [TT3Unit.SetInstanceIndex] InstanceName : Regu - 03 ; InstanceIndex : 29792
<09 Dec 2025 13:06:22> [TT3Unit.SetInstanceIndex] InstanceName : Surabaya - 591 ; InstanceIndex : 29769
<09 Dec 2025 13:06:22> [TT3Unit.SetInstanceIndex] InstanceName : Teluk Bintuni - 520 ; InstanceIndex : 29770
<09 Dec 2025 13:06:22> [TT3Unit.SetInstanceIndex] InstanceName : Teluk Wondama - 527 ; InstanceIndex : 29773
<09 Dec 2025 13:06:22> [TT3Unit.SetInstanceIndex] InstanceName : Usman-Harun - 359 ; InstanceIndex : 29800
<30 Nov 2025 08:25:33> [LoadScenarioID] Load Peta
<30 Nov 2025 08:25:33> [LoadScenarioID] D:\Map\GST_GAME\AOTC\Surabaya - Sangatta\Surabaya - Sangatta.gst
<30 Nov 2025 08:25:33> [netVBSOnConnected] Connected to VBS Socket
<30 Nov 2025 08:25:33> [TSimMgr_Server.netRecv_Synch_Pos_VBS] Sender : 192.168.1.50Platform Name : Ahmad Yani - 351 ; Platform ID = 29774 X = 117° 56' 47.4" E Y = 00° 38' 16.1" N Z = 0.000 Course = 0.000 Speed = 0.00 Altitude = 0.00
<30 Nov 2025 08:25:33> [TSimMgr_Client.LogEventRecv] <0055> CPID_CMD_SYNCH                   
<30 Nov 2025 08:25:33> [TSimMgr_Server.netRecv_Synch_Pos_VBS] Sender : 192.168.1.50Platform Name : Bung Tomo - 357 ; Platform ID = 29799 X = 117° 51' 42.5" E Y = 00° 30' 57.0" N Z = 0.000 Course = 360.000 Speed = 0.00 Altitude = 0.00
<30 Nov 2025 08:25:33> [TSimMgr_Client.LogEventRecv] <0034> CPID_UDP_GAMECTRL_INFO
<30 Nov 2025 08:53:56> [TSimMgr_Client.LogEventRecv] <0055> CPID_CMD_SYNCH                   
<30 Nov 2025 08:53:56> [TSimMgr_Server.netRecv_Synch_Pos_VBS] Sender : 192.168.1.50Platform Name : Diponegoro - 365 ; Platform ID = 29801 X = 118° 00' 16.1" E Y = 00° 36' 17.3" N Z = 0.000 Course = 360.000 Speed = 0.00 Altitude = 0.00
<30 Nov 2025 08:53:56> [TSimMgr_Client.LogEventRecv] <0015> UNDEFINED (15)
<30 Nov 2025 08:53:56> [TSimMgr_Client.LogEventRecv] <0034> CPID_UDP_GAMECTRL_INFO
<30 Nov 2025 08:25:47> [TSimMgr_Client.LogEventRecv] <0031> CPID_UDP_PLATFORM_MOVE
<30 Nov 2025 08:25:47> [TSimMgr_Client.LogEventRecv] <0031> CPID_UDP_PLATFORM_MOVE
<30 Nov 2025 08:25:47> [TSimMgr_Client.LogEventRecv] <0031> CPID_UDP_PLATFORM_MOVE
<30 Nov 2025 08:25:47> [TSimMgr_Client.LogEventRecv] <0031> CPID_UDP_PLATFORM_MOVE
<30 Nov 2025 08:25:47> [TSimMgr_Client.LogEventRecv] <0031> CPID_UDP_PLATFORM_MOVE
<30 Nov 2025 08:25:47> [TSimMgr_Client.LogEventRecv] <0031> CPID_UDP_PLATFORM_MOVE
<30 Nov 2025 08:25:47> [TSimMgr_Client.LogEventRecv] <0031> CPID_UDP_PLATFORM_MOVE
<30 Nov 2025 08:25:47> [TSimMgr_Client.LogEventRecv] <0031> CPID_UDP_PLATFORM_MOVE
<30 Nov 2025 08:25:47> [TSimMgr_Client.LogEventRecv] <0031> CPID_UDP_PLATFORM_MOVE
<30 Nov 2025 08:25:47> [TSimMgr_Client.LogEventRecv] <0031> CPID_UDP_PLATFORM_MOVE
<30 Nov 2025 08:25:47> [TSimMgr_Client.LogEventRecv] <0031> CPID_UDP_PLATFORM_MOVE
<30 Nov 2025 08:25:47> [TSimMgr_Client.LogEventRecv] <0031> CPID_UDP_PLATFORM_MOVE
<30 Nov 2025 08:25:47> [TSimMgr_Client.LogEventRecv] <0031> CPID_UDP_PLATFORM_MOVE
<30 Nov 2025 08:25:47> [TSimMgr_Client.LogEventRecv] <0031> CPID_UDP_PLATFORM_MOVE
<30 Nov 2025 08:25:47> [TSimMgr_Client.LogEventRecv] <0031> CPID_UDP_PLATFORM_MOVE
<30 Nov 2025 08:25:47> [TSimMgr_Client.LogEventRecv] <0031> CPID_UDP_PLATFORM_MOVE
<30 Nov 2025 08:25:47> [TSimMgr_Client.LogEventRecv] <0031> CPID_UDP_PLATFORM_MOVE
<30 Nov 2025 08:25:47> [TSimMgr_Client.LogEventRecv] <0031> CPID_UDP_PLATFORM_MOVE
<30 Nov 2025 08:25:47> [TSimMgr_Client.LogEventRecv] <0031> CPID_UDP_PLATFORM_MOVE
<30 Nov 2025 08:25:47> [TSimMgr_Client.LogEventRecv] <0031> CPID_UDP_PLATFORM_MOVE
<30 Nov 2025 08:25:47> [TSimMgr_Client.LogEventRecv] <0031> CPID_UDP_PLATFORM_MOVE
<30 Nov 2025 08:25:47> [TSimMgr_Client.LogEventRecv] <0031> CPID_UDP_PLATFORM_MOVE
<30 Nov 2025 08:25:47> [TSimMgr_Client.LogEventRecv] <0031> CPID_UDP_PLATFORM_MOVE
<30 Nov 2025 08:25:47> [TSimMgr_Client.LogEventRecv] <0031> CPID_UDP_PLATFORM_MOVE
<30 Nov 2025 08:25:47> [TSimMgr_Client.LogEventRecv] <0031> CPID_UDP_PLATFORM_MOVE
<30 Nov 2025 08:25:47> [TSimMgr_Client.LogEventRecv] <0031> CPID_UDP_PLATFORM_MOVE
<30 Nov 2025 08:25:47> [TSimMgr_Client.LogEventRecv] <0031> CPID_UDP_PLATFORM_MOVE
<30 Nov 2025 08:25:47> [TSimMgr_Client.LogEventRecv] <0031> CPID_UDP_PLATFORM_MOVE
<30 Nov 2025 08:25:47> [TSimMgr_Client.LogEventRecv] <0031> CPID_UDP_PLATFORM_MOVE
<30 Nov 2025 08:25:47> [TSimMgr_Client.LogEventRecv] <0031> CPID_UDP_PLATFORM_MOVE
<30 Nov 2025 08:25:47> [TSimMgr_Client.LogEventRecv] <0031> CPID_UDP_PLATFORM_MOVE
<30 Nov 2025 08:25:47> [TSimMgr_Client.LogEventRecv] <0031> CPID_UDP_PLATFORM_MOVE
<30 Nov 2025 08:25:47> [TSimMgr_Client.LogEventRecv] <0031> CPID_UDP_PLATFORM_MOVE
<30 Nov 2025 08:25:47> [TSimMgr_Client.LogEventRecv] <0031> CPID_UDP_PLATFORM_MOVE
<30 Nov 2025 08:25:47> [TSimMgr_Client.LogEventRecv] <0031> CPID_UDP_PLATFORM_MOVE
<30 Nov 2025 08:25:47> [TSimMgr_Client.LogEventRecv] <0031> CPID_UDP_PLATFORM_MOVE
<30 Nov 2025 08:25:47> [TSimMgr_Client.LogEventRecv] <0031> CPID_UDP_PLATFORM_MOVE
<30 Nov 2025 08:25:47> [TSimMgr_Client.LogEventRecv] <0031> CPID_UDP_PLATFORM_MOVE
<30 Nov 2025 08:25:47> [TSimMgr_Client.LogEventRecv] <0031> CPID_UDP_PLATFORM_MOVE
<30 Nov 2025 08:25:47> [TSimMgr_Client.LogEventRecv] <0031> CPID_UDP_PLATFORM_MOVE
<30 Nov 2025 08:25:47> [TSimMgr_Client.LogEventRecv] <0031> CPID_UDP_PLATFORM_MOVE
<30 Nov 2025 08:25:47> [TSimMgr_Client.LogEventRecv] <0031> CPID_UDP_PLATFORM_MOVE
<30 Nov 2025 08:25:47> [TSimMgr_Client.LogEventRecv] <0031> CPID_UDP_PLATFORM_MOVE
<30 Nov 2025 08:25:47> [TSimMgr_Client.LogEventRecv] <0031> CPID_UDP_PLATFORM_MOVE
<30 Nov 2025 08:25:47> [TSimMgr_Client.LogEventRecv] <0031> CPID_UDP_PLATFORM_MOVE
<30 Nov 2025 08:25:47> [TSimMgr_Client.LogEventRecv] <0031> CPID_UDP_PLATFORM_MOVE
<30 Nov 2025 08:25:47> [TSimMgr_Client.LogEventRecv] <0031> CPID_UDP_PLATFORM_MOVE
<30 Nov 2025 08:25:47> [TSimMgr_Client.LogEventRecv] <0031> CPID_UDP_PLATFORM_MOVE
<30 Nov 2025 08:25:47> [TSimMgr_Client.LogEventRecv] <0031> CPID_UDP_PLATFORM_MOVE
<30 Nov 2025 08:25:47> [TSimMgr_Client.LogEventRecv] <0031> CPID_UDP_PLATFORM_MOVE
<30 Nov 2025 08:25:53> [TSimMgr_Client.LogEventRecv] <0031> CPID_UDP_PLATFORM_MOVE
<30 Nov 2025 08:25:53> [TSimMgr_Client.LogEventRecv] <0031> CPID_UDP_PLATFORM_MOVE
<30 Nov 2025 08:25:53> [TSimMgr_Client.LogEventRecv] <0031> CPID_UDP_PLATFORM_MOVE
<30 Nov 2025 08:25:53> [TSimMgr_Client.LogEventRecv] <0031> CPID_UDP_PLATFORM_MOVE
<30 Nov 2025 08:25:53> [TSimMgr_Client.LogEventRecv] <0031> CPID_UDP_PLATFORM_MOVE
<30 Nov 2025 08:25:53> [TSimMgr_Client.LogEventRecv] <0031> CPID_UDP_PLATFORM_MOVE
<30 Nov 2025 08:25:53> [TSimMgr_Client.LogEventRecv] <0031> CPID_UDP_PLATFORM_MOVE
<30 Nov 2025 08:25:53> [TSimMgr_Client.LogEventRecv] <0031> CPID_UDP_PLATFORM_MOVE
<30 Nov 2025 08:25:53> [TSimMgr_Client.LogEventRecv] <0031> CPID_UDP_PLATFORM_MOVE
<30 Nov 2025 08:25:53> [TSimMgr_Client.LogEventRecv] <0031> CPID_UDP_PLATFORM_MOVE
<30 Nov 2025 08:25:53> [TSimMgr_Client.LogEventRecv] <0031> CPID_UDP_PLATFORM_MOVE
<30 Nov 2025 08:25:53> [TSimMgr_Client.LogEventRecv] <0031> CPID_UDP_PLATFORM_MOVE
<30 Nov 2025 08:25:53> [TSimMgr_Client.LogEventRecv] <0031> CPID_UDP_PLATFORM_MOVE
<30 Nov 2025 08:25:53> [TSimMgr_Client.LogEventRecv] <0031> CPID_UDP_PLATFORM_MOVE
<30 Nov 2025 08:25:53> [TSimMgr_Client.LogEventRecv] <0031> CPID_UDP_PLATFORM_MOVE
<30 Nov 2025 08:25:53> [TSimMgr_Client.LogEventRecv] <0031> CPID_UDP_PLATFORM_MOVE
<30 Nov 2025 08:25:53> [TSimMgr_Client.LogEventRecv] <0031> CPID_UDP_PLATFORM_MOVE
<30 Nov 2025 08:25:53> [TSimMgr_Client.LogEventRecv] <0031> CPID_UDP_PLATFORM_MOVE
<30 Nov 2025 08:25:53> [TSimMgr_Client.LogEventRecv] <0031> CPID_UDP_PLATFORM_MOVE
<30 Nov 2025 08:25:53> [TSimMgr_Client.LogEventRecv] <0031> CPID_UDP_PLATFORM_MOVE
<30 Nov 2025 08:25:53> [TSimMgr_Client.LogEventRecv] <0031> CPID_UDP_PLATFORM_MOVE
<30 Nov 2025 08:25:53> [TSimMgr_Client.LogEventRecv] <0031> CPID_UDP_PLATFORM_MOVE
<30 Nov 2025 08:25:53> [TSimMgr_Client.LogEventRecv] <0031> CPID_UDP_PLATFORM_MOVE
<30 Nov 2025 08:25:53> [TSimMgr_Client.LogEventRecv] <0031> CPID_UDP_PLATFORM_MOVE
<30 Nov 2025 08:25:53> [TSimMgr_Client.LogEventRecv] <0031> CPID_UDP_PLATFORM_MOVE
<30 Nov 2025 08:25:53> [TSimMgr_Client.LogEventRecv] <0035> CPID_UDP_Synch_Obj
<30 Nov 2025 08:26:01> [TSimMgr_Client.LogEventRecv] <0031> CPID_UDP_PLATFORM_MOVE
<30 Nov 2025 08:26:01> [TSimMgr_Client.LogEventRecv] <0031> CPID_UDP_PLATFORM_MOVE
<30 Nov 2025 08:26:01> [TSimMgr_Client.LogEventRecv] <0031> CPID_UDP_PLATFORM_MOVE
<30 Nov 2025 08:26:01> [TSimMgr_Client.LogEventRecv] <0031> CPID_UDP_PLATFORM_MOVE
<30 Nov 2025 08:26:01> [TSimMgr_Client.LogEventRecv] <0031> CPID_UDP_PLATFORM_MOVE
<30 Nov 2025 08:26:01> [TSimMgr_Client.LogEventRecv] <0031> CPID_UDP_PLATFORM_MOVE
<30 Nov 2025 08:26:01> [TSimMgr_Client.LogEventRecv] <0031> CPID_UDP_PLATFORM_MOVE
<30 Nov 2025 08:26:01> [TSimMgr_Client.LogEventRecv] <0031> CPID_UDP_PLATFORM_MOVE
<30 Nov 2025 08:26:01> [TSimMgr_Client.LogEventRecv] <0031> CPID_UDP_PLATFORM_MOVE
<30 Nov 2025 08:26:01> [TSimMgr_Client.LogEventRecv] <0031> CPID_UDP_PLATFORM_MOVE
<30 Nov 2025 08:26:01> [TSimMgr_Client.LogEventRecv] <0031> CPID_UDP_PLATFORM_MOVE
<30 Nov 2025 08:26:01> [TSimMgr_Client.LogEventRecv] <0031> CPID_UDP_PLATFORM_MOVE
<30 Nov 2025 08:26:01> [TSimMgr_Client.LogEventRecv] <0031> CPID_UDP_PLATFORM_MOVE
<30 Nov 2025 08:26:01> [TSimMgr_Client.LogEventRecv] <0031> CPID_UDP_PLATFORM_MOVE
<30 Nov 2025 08:26:01> [TSimMgr_Client.LogEventRecv] <0031> CPID_UDP_PLATFORM_MOVE
<30 Nov 2025 08:26:01> [TSimMgr_Client.LogEventRecv] <0031> CPID_UDP_PLATFORM_MOVE
<30 Nov 2025 08:26:01> [TSimMgr_Client.LogEventRecv] <0031> CPID_UDP_PLATFORM_MOVE
<30 Nov 2025 08:26:01> [TSimMgr_Client.LogEventRecv] <0031> CPID_UDP_PLATFORM_MOVE
<30 Nov 2025 08:26:01> [TSimMgr_Client.LogEventRecv] <0031> CPID_UDP_PLATFORM_MOVE
<30 Nov 2025 08:26:01> [TSimMgr_Client.LogEventRecv] <0031> CPID_UDP_PLATFORM_MOVE
<30 Nov 2025 08:26:01> [TSimMgr_Client.LogEventRecv] <0031> CPID_UDP_PLATFORM_MOVE
<30 Nov 2025 08:26:01> [TSimMgr_Client.LogEventRecv] <0031> CPID_UDP_PLATFORM_MOVE
<30 Nov 2025 08:26:01> [TSimMgr_Client.LogEventRecv] <0031> CPID_UDP_PLATFORM_MOVE
<30 Nov 2025 08:26:01> [TSimMgr_Client.LogEventRecv] <0031> CPID_UDP_PLATFORM_MOVE
<30 Nov 2025 08:26:01> [TSimMgr_Client.LogEventRecv] <0031> CPID_UDP_PLATFORM_MOVE
<30 Nov 2025 08:26:01> [TSimMgr_Client.LogEventRecv] <0031> CPID_UDP_PLATFORM_MOVE
<30 Nov 2025 08:26:09> [TSimMgr_Client.LogEventRecv] <0031> CPID_UDP_PLATFORM_MOVE
<30 Nov 2025 08:26:09> [TSimMgr_Client.LogEventRecv] <0031> CPID_UDP_PLATFORM_MOVE
<30 Nov 2025 08:26:09> [TSimMgr_Client.LogEventRecv] <0031> CPID_UDP_PLATFORM_MOVE
<30 Nov 2025 08:26:09> [TSimMgr_Client.LogEventRecv] <0031> CPID_UDP_PLATFORM_MOVE
<30 Nov 2025 08:26:09> [TSimMgr_Client.LogEventRecv] <0031> CPID_UDP_PLATFORM_MOVE
<30 Nov 2025 08:26:09> [TSimMgr_Client.LogEventRecv] <0031> CPID_UDP_PLATFORM_MOVE
<30 Nov 2025 08:26:09> [TSimMgr_Client.LogEventRecv] <0031> CPID_UDP_PLATFORM_MOVE
<30 Nov 2025 08:26:09> [TSimMgr_Client.LogEventRecv] <0031> CPID_UDP_PLATFORM_MOVE
<30 Nov 2025 08:26:09> [TSimMgr_Client.LogEventRecv] <0031> CPID_UDP_PLATFORM_MOVE
<30 Nov 2025 08:26:09> [TSimMgr_Client.LogEventRecv] <0031> CPID_UDP_PLATFORM_MOVE
<30 Nov 2025 08:26:09> [TSimMgr_Client.LogEventRecv] <0031> CPID_UDP_PLATFORM_MOVE
<30 Nov 2025 08:26:09> [TSimMgr_Client.LogEventRecv] <0031> CPID_UDP_PLATFORM_MOVE
<30 Nov 2025 08:26:09> [TSimMgr_Client.LogEventRecv] <0031> CPID_UDP_PLATFORM_MOVE
<30 Nov 2025 08:26:09> [TSimMgr_Client.LogEventRecv] <0031> CPID_UDP_PLATFORM_MOVE
<30 Nov 2025 08:26:09> [TSimMgr_Client.LogEventRecv] <0031> CPID_UDP_PLATFORM_MOVE
<30 Nov 2025 08:26:09> [TSimMgr_Client.LogEventRecv] <0031> CPID_UDP_PLATFORM_MOVE
<30 Nov 2025 08:26:09> [TSimMgr_Client.LogEventRecv] <0031> CPID_UDP_PLATFORM_MOVE
<30 Nov 2025 08:26:09> [TSimMgr_Client.LogEventRecv] <0031> CPID_UDP_PLATFORM_MOVE
<30 Nov 2025 08:26:09> [TSimMgr_Client.LogEventRecv] <0031> CPID_UDP_PLATFORM_MOVE
<30 Nov 2025 08:26:09> [TSimMgr_Client.LogEventRecv] <0031> CPID_UDP_PLATFORM_MOVE
<30 Nov 2025 08:26:09> [TSimMgr_Client.LogEventRecv] <0031> CPID_UDP_PLATFORM_MOVE
<30 Nov 2025 08:26:09> [TSimMgr_Client.LogEventRecv] <0031> CPID_UDP_PLATFORM_MOVE
<30 Nov 2025 08:26:09> [TSimMgr_Client.LogEventRecv] <0031> CPID_UDP_PLATFORM_MOVE
<30 Nov 2025 08:26:09> [TSimMgr_Client.LogEventRecv] <0031> CPID_UDP_PLATFORM_MOVE
<30 Nov 2025 08:26:09> [TSimMgr_Client.LogEventRecv] <0031> CPID_UDP_PLATFORM_MOVE
<30 Nov 2025 08:26:09> [TSimMgr_Client.LogEventRecv] <0031> CPID_UDP_PLATFORM_MOVE
<30 Nov 2025 08:26:17> [TSimMgr_Client.LogEventRecv] <0031> CPID_UDP_PLATFORM_MOVE
<30 Nov 2025 08:26:17> [TSimMgr_Client.LogEventRecv] <0031> CPID_UDP_PLATFORM_MOVE
<30 Nov 2025 08:26:17> [TSimMgr_Client.LogEventRecv] <0031> CPID_UDP_PLATFORM_MOVE
<30 Nov 2025 08:26:17> [TSimMgr_Client.LogEventRecv] <0031> CPID_UDP_PLATFORM_MOVE
<30 Nov 2025 08:26:17> [TSimMgr_Client.LogEventRecv] <0031> CPID_UDP_PLATFORM_MOVE
<30 Nov 2025 08:26:17> [TSimMgr_Client.LogEventRecv] <0031> CPID_UDP_PLATFORM_MOVE
<30 Nov 2025 08:26:17> [TSimMgr_Client.LogEventRecv] <0031> CPID_UDP_PLATFORM_MOVE
<30 Nov 2025 08:26:17> [TSimMgr_Client.LogEventRecv] <0031> CPID_UDP_PLATFORM_MOVE
<30 Nov 2025 08:26:17> [TSimMgr_Client.LogEventRecv] <0031> CPID_UDP_PLATFORM_MOVE
<30 Nov 2025 08:26:17> [TSimMgr_Client.LogEventRecv] <0031> CPID_UDP_PLATFORM_MOVE
<30 Nov 2025 08:26:17> [TSimMgr_Client.LogEventRecv] <0031> CPID_UDP_PLATFORM_MOVE
<30 Nov 2025 08:26:17> [TSimMgr_Client.LogEventRecv] <0031> CPID_UDP_PLATFORM_MOVE
<30 Nov 2025 08:26:17> [TSimMgr_Client.LogEventRecv] <0031> CPID_UDP_PLATFORM_MOVE
<30 Nov 2025 08:26:17> [TSimMgr_Client.LogEventRecv] <0031> CPID_UDP_PLATFORM_MOVE
<30 Nov 2025 08:26:17> [TSimMgr_Client.LogEventRecv] <0031> CPID_UDP_PLATFORM_MOVE
<30 Nov 2025 08:26:17> [TSimMgr_Client.LogEventRecv] <0031> CPID_UDP_PLATFORM_MOVE
<30 Nov 2025 08:26:17> [TSimMgr_Client.LogEventRecv] <0031> CPID_UDP_PLATFORM_MOVE
<30 Nov 2025 08:26:17> [TSimMgr_Client.LogEventRecv] <0031> CPID_UDP_PLATFORM_MOVE
<30 Nov 2025 08:26:17> [TSimMgr_Client.LogEventRecv] <0031> CPID_UDP_PLATFORM_MOVE
<30 Nov 2025 08:26:17> [TSimMgr_Client.LogEventRecv] <0031> CPID_UDP_PLATFORM_MOVE
<30 Nov 2025 08:26:17> [TSimMgr_Client.LogEventRecv] <0031> CPID_UDP_PLATFORM_MOVE
<30 Nov 2025 08:26:17> [TSimMgr_Client.LogEventRecv] <0031> CPID_UDP_PLATFORM_MOVE
<30 Nov 2025 08:26:17> [TSimMgr_Client.LogEventRecv] <0031> CPID_UDP_PLATFORM_MOVE
<30 Nov 2025 08:26:17> [TSimMgr_Client.LogEventRecv] <0031> CPID_UDP_PLATFORM_MOVE
<30 Nov 2025 08:26:17> [TSimMgr_Client.LogEventRecv] <0031> CPID_UDP_PLATFORM_MOVE
<30 Nov 2025 08:26:17> [TSimMgr_Client.LogEventRecv] <0031> CPID_UDP_PLATFORM_MOVE
<30 Nov 2025 08:26:25> [TSimMgr_Client.LogEventRecv] <0031> CPID_UDP_PLATFORM_MOVE
<30 Nov 2025 08:26:25> [TSimMgr_Client.LogEventRecv] <0031> CPID_UDP_PLATFORM_MOVE
<30 Nov 2025 08:26:25> [TSimMgr_Client.LogEventRecv] <0031> CPID_UDP_PLATFORM_MOVE
<30 Nov 2025 08:26:25> [TSimMgr_Client.LogEventRecv] <0031> CPID_UDP_PLATFORM_MOVE
<30 Nov 2025 08:26:25> [TSimMgr_Client.LogEventRecv] <0031> CPID_UDP_PLATFORM_MOVE
<30 Nov 2025 08:26:25> [TSimMgr_Client.LogEventRecv] <0031> CPID_UDP_PLATFORM_MOVE
<30 Nov 2025 08:26:25> [TSimMgr_Client.LogEventRecv] <0031> CPID_UDP_PLATFORM_MOVE
<30 Nov 2025 08:26:25> [TSimMgr_Client.LogEventRecv] <0031> CPID_UDP_PLATFORM_MOVE
<30 Nov 2025 08:26:25> [TSimMgr_Client.LogEventRecv] <0031> CPID_UDP_PLATFORM_MOVE
<30 Nov 2025 08:26:25> [TSimMgr_Client.LogEventRecv] <0031> CPID_UDP_PLATFORM_MOVE
<30 Nov 2025 08:26:25> [TSimMgr_Client.LogEventRecv] <0031> CPID_UDP_PLATFORM_MOVE
<30 Nov 2025 08:26:25> [TSimMgr_Client.LogEventRecv] <0031> CPID_UDP_PLATFORM_MOVE
<30 Nov 2025 08:26:25> [TSimMgr_Client.LogEventRecv] <0031> CPID_UDP_PLATFORM_MOVE
<30 Nov 2025 08:26:25> [TSimMgr_Client.LogEventRecv] <0031> CPID_UDP_PLATFORM_MOVE
<30 Nov 2025 08:26:25> [TSimMgr_Client.LogEventRecv] <0031> CPID_UDP_PLATFORM_MOVE
<30 Nov 2025 08:26:25> [TSimMgr_Client.LogEventRecv] <0031> CPID_UDP_PLATFORM_MOVE
<30 Nov 2025 08:26:25> [TSimMgr_Client.LogEventRecv] <0031> CPID_UDP_PLATFORM_MOVE
<30 Nov 2025 08:26:25> [TSimMgr_Client.LogEventRecv] <0031> CPID_UDP_PLATFORM_MOVE
<30 Nov 2025 08:26:25> [TSimMgr_Client.LogEventRecv] <0031> CPID_UDP_PLATFORM_MOVE
<30 Nov 2025 08:26:25> [TSimMgr_Client.LogEventRecv] <0031> CPID_UDP_PLATFORM_MOVE
<30 Nov 2025 08:26:25> [TSimMgr_Client.LogEventRecv] <0031> CPID_UDP_PLATFORM_MOVE
<30 Nov 2025 08:26:25> [TSimMgr_Client.LogEventRecv] <0031> CPID_UDP_PLATFORM_MOVE
<30 Nov 2025 08:26:25> [TSimMgr_Client.LogEventRecv] <0031> CPID_UDP_PLATFORM_MOVE
<30 Nov 2025 08:26:25> [TSimMgr_Client.LogEventRecv] <0031> CPID_UDP_PLATFORM_MOVE
<30 Nov 2025 08:26:25> [TSimMgr_Client.LogEventRecv] <0031> CPID_UDP_PLATFORM_MOVE
<30 Nov 2025 08:26:25> [TSimMgr_Client.LogEventRecv] <0031> CPID_UDP_PLATFORM_MOVE
<30 Nov 2025 08:26:33> [TSimMgr_Client.LogEventRecv] <0031> CPID_UDP_PLATFORM_MOVE
<30 Nov 2025 08:26:33> [TSimMgr_Client.LogEventRecv] <0031> CPID_UDP_PLATFORM_MOVE
<30 Nov 2025 08:26:33> [TSimMgr_Client.LogEventRecv] <0031> CPID_UDP_PLATFORM_MOVE
<30 Nov 2025 08:26:33> [TSimMgr_Client.LogEventRecv] <0031> CPID_UDP_PLATFORM_MOVE
<30 Nov 2025 08:26:33> [TSimMgr_Client.LogEventRecv] <0031> CPID_UDP_PLATFORM_MOVE
<30 Nov 2025 08:26:33> [TSimMgr_Client.LogEventRecv] <0031> CPID_UDP_PLATFORM_MOVE
<30 Nov 2025 08:26:33> [TSimMgr_Client.LogEventRecv] <0031> CPID_UDP_PLATFORM_MOVE
<30 Nov 2025 08:26:33> [TSimMgr_Client.LogEventRecv] <0031> CPID_UDP_PLATFORM_MOVE
<30 Nov 2025 08:26:33> [TSimMgr_Client.LogEventRecv] <0031> CPID_UDP_PLATFORM_MOVE
<30 Nov 2025 08:26:33> [TSimMgr_Client.LogEventRecv] <0031> CPID_UDP_PLATFORM_MOVE
<30 Nov 2025 08:26:33> [TSimMgr_Client.LogEventRecv] <0031> CPID_UDP_PLATFORM_MOVE
<30 Nov 2025 08:26:33> [TSimMgr_Client.LogEventRecv] <0031> CPID_UDP_PLATFORM_MOVE
<30 Nov 2025 08:26:33> [TSimMgr_Client.LogEventRecv] <0031> CPID_UDP_PLATFORM_MOVE
<30 Nov 2025 08:26:33> [TSimMgr_Client.LogEventRecv] <0031> CPID_UDP_PLATFORM_MOVE
<30 Nov 2025 08:26:33> [TSimMgr_Client.LogEventRecv] <0031> CPID_UDP_PLATFORM_MOVE
<30 Nov 2025 08:26:33> [TSimMgr_Client.LogEventRecv] <0031> CPID_UDP_PLATFORM_MOVE
<30 Nov 2025 08:26:33> [TSimMgr_Client.LogEventRecv] <0031> CPID_UDP_PLATFORM_MOVE
<30 Nov 2025 08:26:33> [TSimMgr_Client.LogEventRecv] <0031> CPID_UDP_PLATFORM_MOVE
<30 Nov 2025 08:26:33> [TSimMgr_Client.LogEventRecv] <0031> CPID_UDP_PLATFORM_MOVE
<30 Nov 2025 08:26:33> [TSimMgr_Client.LogEventRecv] <0031> CPID_UDP_PLATFORM_MOVE
<30 Nov 2025 08:26:33> [TSimMgr_Client.LogEventRecv] <0031> CPID_UDP_PLATFORM_MOVE
<30 Nov 2025 08:26:33> [TSimMgr_Client.LogEventRecv] <0031> CPID_UDP_PLATFORM_MOVE
<30 Nov 2025 08:26:33> [TSimMgr_Client.LogEventRecv] <0031> CPID_UDP_PLATFORM_MOVE
<30 Nov 2025 08:26:33> [TSimMgr_Client.LogEventRecv] <0031> CPID_UDP_PLATFORM_MOVE
<30 Nov 2025 08:26:33> [TSimMgr_Client.LogEventRecv] <0031> CPID_UDP_PLATFORM_MOVE
<30 Nov 2025 08:26:33> [TSimMgr_Client.LogEventRecv] <0031> CPID_UDP_PLATFORM_MOVE
<30 Nov 2025 08:26:41> [TSimMgr_Client.LogEventRecv] <0031> CPID_UDP_PLATFORM_MOVE
<30 Nov 2025 08:26:41> [TSimMgr_Client.LogEventRecv] <0031> CPID_UDP_PLATFORM_MOVE
<30 Nov 2025 08:26:41> [TSimMgr_Client.LogEventRecv] <0031> CPID_UDP_PLATFORM_MOVE
<30 Nov 2025 08:26:41> [TSimMgr_Client.LogEventRecv] <0031> CPID_UDP_PLATFORM_MOVE
<30 Nov 2025 08:26:41> [TSimMgr_Client.LogEventRecv] <0031> CPID_UDP_PLATFORM_MOVE
<30 Nov 2025 08:26:41> [TSimMgr_Client.LogEventRecv] <0031> CPID_UDP_PLATFORM_MOVE
<30 Nov 2025 08:26:41> [TSimMgr_Client.LogEventRecv] <0031> CPID_UDP_PLATFORM_MOVE
<30 Nov 2025 08:26:41> [TSimMgr_Client.LogEventRecv] <0031> CPID_UDP_PLATFORM_MOVE
<30 Nov 2025 08:26:41> [TSimMgr_Client.LogEventRecv] <0031> CPID_UDP_PLATFORM_MOVE
<30 Nov 2025 08:26:41> [TSimMgr_Client.LogEventRecv] <0031> CPID_UDP_PLATFORM_MOVE
<30 Nov 2025 08:26:41> [TSimMgr_Client.LogEventRecv] <0031> CPID_UDP_PLATFORM_MOVE
<30 Nov 2025 08:26:41> [TSimMgr_Client.LogEventRecv] <0031> CPID_UDP_PLATFORM_MOVE
<30 Nov 2025 08:26:41> [TSimMgr_Client.LogEventRecv] <0031> CPID_UDP_PLATFORM_MOVE
<30 Nov 2025 08:26:41> [TSimMgr_Client.LogEventRecv] <0031> CPID_UDP_PLATFORM_MOVE
<30 Nov 2025 08:26:41> [TSimMgr_Client.LogEventRecv] <0031> CPID_UDP_PLATFORM_MOVE
<30 Nov 2025 08:26:41> [TSimMgr_Client.LogEventRecv] <0031> CPID_UDP_PLATFORM_MOVE
<30 Nov 2025 08:26:41> [TSimMgr_Client.LogEventRecv] <0031> CPID_UDP_PLATFORM_MOVE
<30 Nov 2025 08:26:41> [TSimMgr_Client.LogEventRecv] <0031> CPID_UDP_PLATFORM_MOVE
<30 Nov 2025 08:26:41> [TSimMgr_Client.LogEventRecv] <0031> CPID_UDP_PLATFORM_MOVE
<30 Nov 2025 08:26:41> [TSimMgr_Client.LogEventRecv] <0031> CPID_UDP_PLATFORM_MOVE
<30 Nov 2025 08:26:41> [TSimMgr_Client.LogEventRecv] <0031> CPID_UDP_PLATFORM_MOVE
<30 Nov 2025 08:26:41> [TSimMgr_Client.LogEventRecv] <0031> CPID_UDP_PLATFORM_MOVE
<30 Nov 2025 08:26:41> [TSimMgr_Client.LogEventRecv] <0031> CPID_UDP_PLATFORM_MOVE
<30 Nov 2025 08:26:41> [TSimMgr_Client.LogEventRecv] <0031> CPID_UDP_PLATFORM_MOVE
<30 Nov 2025 08:26:41> [TSimMgr_Client.LogEventRecv] <0031> CPID_UDP_PLATFORM_MOVE
<30 Nov 2025 08:26:41> [TSimMgr_Client.LogEventRecv] <0031> CPID_UDP_PLATFORM_MOVE
<30 Nov 2025 08:26:49> [TSimMgr_Client.LogEventRecv] <0031> CPID_UDP_PLATFORM_MOVE
<30 Nov 2025 08:26:49> [TSimMgr_Client.LogEventRecv] <0031> CPID_UDP_PLATFORM_MOVE
<30 Nov 2025 08:26:49> [TSimMgr_Client.LogEventRecv] <0031> CPID_UDP_PLATFORM_MOVE
<30 Nov 2025 08:26:49> [TSimMgr_Client.LogEventRecv] <0031> CPID_UDP_PLATFORM_MOVE
<30 Nov 2025 08:26:49> [TSimMgr_Client.LogEventRecv] <0031> CPID_UDP_PLATFORM_MOVE
<30 Nov 2025 08:26:49> [TSimMgr_Client.LogEventRecv] <0031> CPID_UDP_PLATFORM_MOVE
<30 Nov 2025 08:26:49> [TSimMgr_Client.LogEventRecv] <0031> CPID_UDP_PLATFORM_MOVE
<30 Nov 2025 08:26:49> [TSimMgr_Client.LogEventRecv] <0031> CPID_UDP_PLATFORM_MOVE
<30 Nov 2025 08:26:49> [TSimMgr_Client.LogEventRecv] <0031> CPID_UDP_PLATFORM_MOVE
<30 Nov 2025 08:26:49> [TSimMgr_Client.LogEventRecv] <0031> CPID_UDP_PLATFORM_MOVE
<30 Nov 2025 08:26:49> [TSimMgr_Client.LogEventRecv] <0031> CPID_UDP_PLATFORM_MOVE
<30 Nov 2025 08:26:49> [TSimMgr_Client.LogEventRecv] <0031> CPID_UDP_PLATFORM_MOVE
<30 Nov 2025 08:26:49> [TSimMgr_Client.LogEventRecv] <0031> CPID_UDP_PLATFORM_MOVE
<30 Nov 2025 08:26:49> [TSimMgr_Client.LogEventRecv] <0031> CPID_UDP_PLATFORM_MOVE
<30 Nov 2025 08:26:49> [TSimMgr_Client.LogEventRecv] <0031> CPID_UDP_PLATFORM_MOVE
<30 Nov 2025 08:26:49> [TSimMgr_Client.LogEventRecv] <0031> CPID_UDP_PLATFORM_MOVE
<30 Nov 2025 08:26:49> [TSimMgr_Client.LogEventRecv] <0031> CPID_UDP_PLATFORM_MOVE
<30 Nov 2025 08:26:49> [TSimMgr_Client.LogEventRecv] <0031> CPID_UDP_PLATFORM_MOVE
<30 Nov 2025 08:26:49> [TSimMgr_Client.LogEventRecv] <0031> CPID_UDP_PLATFORM_MOVE
<30 Nov 2025 08:26:49> [TSimMgr_Client.LogEventRecv] <0031> CPID_UDP_PLATFORM_MOVE
<30 Nov 2025 08:26:49> [TSimMgr_Client.LogEventRecv] <0031> CPID_UDP_PLATFORM_MOVE
<30 Nov 2025 08:26:49> [TSimMgr_Client.LogEventRecv] <0031> CPID_UDP_PLATFORM_MOVE
<30 Nov 2025 08:26:49> [TSimMgr_Client.LogEventRecv] <0031> CPID_UDP_PLATFORM_MOVE
<30 Nov 2025 08:26:49> [TSimMgr_Client.LogEventRecv] <0031> CPID_UDP_PLATFORM_MOVE
<30 Nov 2025 08:26:49> [TSimMgr_Client.LogEventRecv] <0031> CPID_UDP_PLATFORM_MOVE
<30 Nov 2025 08:26:49> [TSimMgr_Client.LogEventRecv] <0031> CPID_UDP_PLATFORM_MOVE
<30 Nov 2025 08:26:57> [TSimMgr_Client.LogEventRecv] <0031> CPID_UDP_PLATFORM_MOVE
<30 Nov 2025 08:26:57> [TSimMgr_Client.LogEventRecv] <0031> CPID_UDP_PLATFORM_MOVE
<30 Nov 2025 08:26:57> [TSimMgr_Client.LogEventRecv] <0031> CPID_UDP_PLATFORM_MOVE
<30 Nov 2025 08:26:57> [TSimMgr_Client.LogEventRecv] <0031> CPID_UDP_PLATFORM_MOVE
<30 Nov 2025 08:26:57> [TSimMgr_Client.LogEventRecv] <0031> CPID_UDP_PLATFORM_MOVE
<30 Nov 2025 08:26:57> [TSimMgr_Client.LogEventRecv] <0031> CPID_UDP_PLATFORM_MOVE
<30 Nov 2025 08:26:57> [TSimMgr_Client.LogEventRecv] <0031> CPID_UDP_PLATFORM_MOVE
<30 Nov 2025 08:26:57> [TSimMgr_Client.LogEventRecv] <0031> CPID_UDP_PLATFORM_MOVE
<30 Nov 2025 08:26:57> [TSimMgr_Client.LogEventRecv] <0031> CPID_UDP_PLATFORM_MOVE
<30 Nov 2025 08:26:57> [TSimMgr_Client.LogEventRecv] <0031> CPID_UDP_PLATFORM_MOVE
<30 Nov 2025 08:26:57> [TSimMgr_Client.LogEventRecv] <0031> CPID_UDP_PLATFORM_MOVE
<30 Nov 2025 08:26:57> [TSimMgr_Client.LogEventRecv] <0031> CPID_UDP_PLATFORM_MOVE
<30 Nov 2025 08:26:57> [TSimMgr_Client.LogEventRecv] <0031> CPID_UDP_PLATFORM_MOVE
<30 Nov 2025 08:26:57> [TSimMgr_Client.LogEventRecv] <0031> CPID_UDP_PLATFORM_MOVE
<30 Nov 2025 08:26:57> [TSimMgr_Client.LogEventRecv] <0031> CPID_UDP_PLATFORM_MOVE
<30 Nov 2025 08:26:57> [TSimMgr_Client.LogEventRecv] <0031> CPID_UDP_PLATFORM_MOVE
<30 Nov 2025 08:26:57> [TSimMgr_Client.LogEventRecv] <0031> CPID_UDP_PLATFORM_MOVE
<30 Nov 2025 08:26:57> [TSimMgr_Client.LogEventRecv] <0031> CPID_UDP_PLATFORM_MOVE
<30 Nov 2025 08:26:57> [TSimMgr_Client.LogEventRecv] <0031> CPID_UDP_PLATFORM_MOVE
<30 Nov 2025 08:26:57> [TSimMgr_Client.LogEventRecv] <0031> CPID_UDP_PLATFORM_MOVE
<30 Nov 2025 08:26:57> [TSimMgr_Client.LogEventRecv] <0031> CPID_UDP_PLATFORM_MOVE
<30 Nov 2025 08:26:57> [TSimMgr_Client.LogEventRecv] <0031> CPID_UDP_PLATFORM_MOVE
<30 Nov 2025 08:26:57> [TSimMgr_Client.LogEventRecv] <0031> CPID_UDP_PLATFORM_MOVE
<30 Nov 2025 08:26:57> [TSimMgr_Client.LogEventRecv] <0031> CPID_UDP_PLATFORM_MOVE
<30 Nov 2025 08:26:57> [TSimMgr_Client.LogEventRecv] <0031> CPID_UDP_PLATFORM_MOVE
<30 Nov 2025 08:26:57> [TSimMgr_Client.LogEventRecv] <0031> CPID_UDP_PLATFORM_MOVE
<30 Nov 2025 08:27:05> [TSimMgr_Client.LogEventRecv] <0031> CPID_UDP_PLATFORM_MOVE
<30 Nov 2025 08:27:05> [TSimMgr_Client.LogEventRecv] <0031> CPID_UDP_PLATFORM_MOVE
<30 Nov 2025 08:27:05> [TSimMgr_Client.LogEventRecv] <0031> CPID_UDP_PLATFORM_MOVE
<30 Nov 2025 08:27:05> [TSimMgr_Client.LogEventRecv] <0031> CPID_UDP_PLATFORM_MOVE
<30 Nov 2025 08:27:05> [TSimMgr_Client.LogEventRecv] <0031> CPID_UDP_PLATFORM_MOVE
<30 Nov 2025 08:27:05> [TSimMgr_Client.LogEventRecv] <0031> CPID_UDP_PLATFORM_MOVE
<30 Nov 2025 08:27:05> [TSimMgr_Client.LogEventRecv] <0031> CPID_UDP_PLATFORM_MOVE
<30 Nov 2025 08:27:05> [TSimMgr_Client.LogEventRecv] <0031> CPID_UDP_PLATFORM_MOVE
<30 Nov 2025 08:27:05> [TSimMgr_Client.LogEventRecv] <0031> CPID_UDP_PLATFORM_MOVE
<30 Nov 2025 08:27:05> [TSimMgr_Client.LogEventRecv] <0031> CPID_UDP_PLATFORM_MOVE
<30 Nov 2025 08:27:05> [TSimMgr_Client.LogEventRecv] <0031> CPID_UDP_PLATFORM_MOVE
<30 Nov 2025 08:27:05> [TSimMgr_Client.LogEventRecv] <0031> CPID_UDP_PLATFORM_MOVE
<30 Nov 2025 08:27:05> [TSimMgr_Client.LogEventRecv] <0031> CPID_UDP_PLATFORM_MOVE
<30 Nov 2025 08:27:05> [TSimMgr_Client.LogEventRecv] <0031> CPID_UDP_PLATFORM_MOVE
<30 Nov 2025 08:27:05> [TSimMgr_Client.LogEventRecv] <0031> CPID_UDP_PLATFORM_MOVE
<30 Nov 2025 08:27:05> [TSimMgr_Client.LogEventRecv] <0031> CPID_UDP_PLATFORM_MOVE
<30 Nov 2025 08:27:05> [TSimMgr_Client.LogEventRecv] <0031> CPID_UDP_PLATFORM_MOVE
<30 Nov 2025 08:27:05> [TSimMgr_Client.LogEventRecv] <0031> CPID_UDP_PLATFORM_MOVE
<30 Nov 2025 08:27:05> [TSimMgr_Client.LogEventRecv] <0031> CPID_UDP_PLATFORM_MOVE
<30 Nov 2025 08:27:05> [TSimMgr_Client.LogEventRecv] <0031> CPID_UDP_PLATFORM_MOVE
<30 Nov 2025 08:27:05> [TSimMgr_Client.LogEventRecv] <0031> CPID_UDP_PLATFORM_MOVE
<30 Nov 2025 08:27:05> [TSimMgr_Client.LogEventRecv] <0031> CPID_UDP_PLATFORM_MOVE
<30 Nov 2025 08:27:05> [TSimMgr_Client.LogEventRecv] <0031> CPID_UDP_PLATFORM_MOVE
<30 Nov 2025 08:27:05> [TSimMgr_Client.LogEventRecv] <0031> CPID_UDP_PLATFORM_MOVE
<30 Nov 2025 08:27:05> [TSimMgr_Client.LogEventRecv] <0031> CPID_UDP_PLATFORM_MOVE
<30 Nov 2025 08:27:05> [TSimMgr_Client.LogEventRecv] <0031> CPID_UDP_PLATFORM_MOVE
<30 Nov 2025 08:27:13> [TSimMgr_Client.LogEventRecv] <0031> CPID_UDP_PLATFORM_MOVE
<30 Nov 2025 08:27:13> [TSimMgr_Client.LogEventRecv] <0031> CPID_UDP_PLATFORM_MOVE
<30 Nov 2025 08:27:13> [TSimMgr_Client.LogEventRecv] <0031> CPID_UDP_PLATFORM_MOVE
<30 Nov 2025 08:27:13> [TSimMgr_Client.LogEventRecv] <0031> CPID_UDP_PLATFORM_MOVE
<30 Nov 2025 08:27:13> [TSimMgr_Client.LogEventRecv] <0031> CPID_UDP_PLATFORM_MOVE
<30 Nov 2025 08:27:13> [TSimMgr_Client.LogEventRecv] <0031> CPID_UDP_PLATFORM_MOVE
<30 Nov 2025 08:27:13> [TSimMgr_Client.LogEventRecv] <0031> CPID_UDP_PLATFORM_MOVE
<30 Nov 2025 08:27:13> [TSimMgr_Client.LogEventRecv] <0031> CPID_UDP_PLATFORM_MOVE
<30 Nov 2025 08:27:13> [TSimMgr_Client.LogEventRecv] <0031> CPID_UDP_PLATFORM_MOVE
<30 Nov 2025 08:27:13> [TSimMgr_Client.LogEventRecv] <0031> CPID_UDP_PLATFORM_MOVE
<30 Nov 2025 08:27:13> [TSimMgr_Client.LogEventRecv] <0031> CPID_UDP_PLATFORM_MOVE
<30 Nov 2025 08:27:13> [TSimMgr_Client.LogEventRecv] <0031> CPID_UDP_PLATFORM_MOVE
<30 Nov 2025 08:27:13> [TSimMgr_Client.LogEventRecv] <0031> CPID_UDP_PLATFORM_MOVE
<30 Nov 2025 08:27:13> [TSimMgr_Client.LogEventRecv] <0031> CPID_UDP_PLATFORM_MOVE
<30 Nov 2025 08:27:13> [TSimMgr_Client.LogEventRecv] <0031> CPID_UDP_PLATFORM_MOVE
<30 Nov 2025 08:27:13> [TSimMgr_Client.LogEventRecv] <0031> CPID_UDP_PLATFORM_MOVE
<30 Nov 2025 08:27:13> [TSimMgr_Client.LogEventRecv] <0031> CPID_UDP_PLATFORM_MOVE
<30 Nov 2025 08:27:13> [TSimMgr_Client.LogEventRecv] <0031> CPID_UDP_PLATFORM_MOVE
<30 Nov 2025 08:27:13> [TSimMgr_Client.LogEventRecv] <0031> CPID_UDP_PLATFORM_MOVE
<30 Nov 2025 08:27:13> [TSimMgr_Client.LogEventRecv] <0031> CPID_UDP_PLATFORM_MOVE
<30 Nov 2025 08:27:13> [TSimMgr_Client.LogEventRecv] <0031> CPID_UDP_PLATFORM_MOVE
<30 Nov 2025 08:27:13> [TSimMgr_Client.LogEventRecv] <0031> CPID_UDP_PLATFORM_MOVE
<30 Nov 2025 08:27:13> [TSimMgr_Client.LogEventRecv] <0031> CPID_UDP_PLATFORM_MOVE
<30 Nov 2025 08:27:13> [TSimMgr_Client.LogEventRecv] <0031> CPID_UDP_PLATFORM_MOVE
<30 Nov 2025 08:27:13> [TSimMgr_Client.LogEventRecv] <0031> CPID_UDP_PLATFORM_MOVE
<30 Nov 2025 08:27:13> [TSimMgr_Client.LogEventRecv] <0031> CPID_UDP_PLATFORM_MOVE
<30 Nov 2025 08:27:21> [TSimMgr_Client.LogEventRecv] <0031> CPID_UDP_PLATFORM_MOVE
<30 Nov 2025 08:27:21> [TSimMgr_Client.LogEventRecv] <0031> CPID_UDP_PLATFORM_MOVE
<30 Nov 2025 08:27:21> [TSimMgr_Client.LogEventRecv] <0031> CPID_UDP_PLATFORM_MOVE
<30 Nov 2025 08:27:21> [TSimMgr_Client.LogEventRecv] <0031> CPID_UDP_PLATFORM_MOVE
<30 Nov 2025 08:27:21> [TSimMgr_Client.LogEventRecv] <0031> CPID_UDP_PLATFORM_MOVE
<30 Nov 2025 08:27:21> [TSimMgr_Client.LogEventRecv] <0031> CPID_UDP_PLATFORM_MOVE
<30 Nov 2025 08:27:21> [TSimMgr_Client.LogEventRecv] <0031> CPID_UDP_PLATFORM_MOVE
<30 Nov 2025 08:27:21> [TSimMgr_Client.LogEventRecv] <0031> CPID_UDP_PLATFORM_MOVE
<30 Nov 2025 08:27:21> [TSimMgr_Client.LogEventRecv] <0031> CPID_UDP_PLATFORM_MOVE
<30 Nov 2025 08:27:21> [TSimMgr_Client.LogEventRecv] <0031> CPID_UDP_PLATFORM_MOVE
<30 Nov 2025 08:27:21> [TSimMgr_Client.LogEventRecv] <0031> CPID_UDP_PLATFORM_MOVE
<30 Nov 2025 08:27:21> [TSimMgr_Client.LogEventRecv] <0031> CPID_UDP_PLATFORM_MOVE
<30 Nov 2025 08:27:21> [TSimMgr_Client.LogEventRecv] <0031> CPID_UDP_PLATFORM_MOVE
<30 Nov 2025 08:27:21> [TSimMgr_Client.LogEventRecv] <0031> CPID_UDP_PLATFORM_MOVE
<30 Nov 2025 08:27:21> [TSimMgr_Client.LogEventRecv] <0031> CPID_UDP_PLATFORM_MOVE
<30 Nov 2025 08:27:21> [TSimMgr_Client.LogEventRecv] <0031> CPID_UDP_PLATFORM_MOVE
<30 Nov 2025 08:27:21> [TSimMgr_Client.LogEventRecv] <0031> CPID_UDP_PLATFORM_MOVE
<30 Nov 2025 08:27:21> [TSimMgr_Client.LogEventRecv] <0031> CPID_UDP_PLATFORM_MOVE
<30 Nov 2025 08:27:21> [TSimMgr_Client.LogEventRecv] <0031> CPID_UDP_PLATFORM_MOVE
<30 Nov 2025 08:27:21> [TSimMgr_Client.LogEventRecv] <0031> CPID_UDP_PLATFORM_MOVE
<30 Nov 2025 08:27:21> [TSimMgr_Client.LogEventRecv] <0031> CPID_UDP_PLATFORM_MOVE
<30 Nov 2025 08:27:21> [TSimMgr_Client.LogEventRecv] <0031> CPID_UDP_PLATFORM_MOVE
<30 Nov 2025 08:27:21> [TSimMgr_Client.LogEventRecv] <0031> CPID_UDP_PLATFORM_MOVE
<30 Nov 2025 08:27:21> [TSimMgr_Client.LogEventRecv] <0031> CPID_UDP_PLATFORM_MOVE
<30 Nov 2025 08:27:21> [TSimMgr_Client.LogEventRecv] <0031> CPID_UDP_PLATFORM_MOVE
<30 Nov 2025 08:27:21> [TSimMgr_Client.LogEventRecv] <0031> CPID_UDP_PLATFORM_MOVE
<30 Nov 2025 08:27:29> [TSimMgr_Client.LogEventRecv] <0031> CPID_UDP_PLATFORM_MOVE
<30 Nov 2025 08:27:29> [TSimMgr_Client.LogEventRecv] <0031> CPID_UDP_PLATFORM_MOVE
<30 Nov 2025 08:27:29> [TSimMgr_Client.LogEventRecv] <0031> CPID_UDP_PLATFORM_MOVE
<30 Nov 2025 08:27:29> [TSimMgr_Client.LogEventRecv] <0031> CPID_UDP_PLATFORM_MOVE
<30 Nov 2025 08:27:29> [TSimMgr_Client.LogEventRecv] <0031> CPID_UDP_PLATFORM_MOVE
<30 Nov 2025 08:27:29> [TSimMgr_Client.LogEventRecv] <0031> CPID_UDP_PLATFORM_MOVE
<30 Nov 2025 08:27:29> [TSimMgr_Client.LogEventRecv] <0031> CPID_UDP_PLATFORM_MOVE
<30 Nov 2025 08:27:29> [TSimMgr_Client.LogEventRecv] <0031> CPID_UDP_PLATFORM_MOVE
<30 Nov 2025 08:27:29> [TSimMgr_Client.LogEventRecv] <0031> CPID_UDP_PLATFORM_MOVE
<30 Nov 2025 08:27:29> [TSimMgr_Client.LogEventRecv] <0031> CPID_UDP_PLATFORM_MOVE
<30 Nov 2025 08:27:29> [TSimMgr_Client.LogEventRecv] <0031> CPID_UDP_PLATFORM_MOVE
<30 Nov 2025 08:27:29> [TSimMgr_Client.LogEventRecv] <0031> CPID_UDP_PLATFORM_MOVE
<30 Nov 2025 08:27:29> [TSimMgr_Client.LogEventRecv] <0031> CPID_UDP_PLATFORM_MOVE
<30 Nov 2025 08:27:29> [TSimMgr_Client.LogEventRecv] <0031> CPID_UDP_PLATFORM_MOVE
<30 Nov 2025 08:27:29> [TSimMgr_Client.LogEventRecv] <0031> CPID_UDP_PLATFORM_MOVE
<30 Nov 2025 08:27:29> [TSimMgr_Client.LogEventRecv] <0031> CPID_UDP_PLATFORM_MOVE
<30 Nov 2025 08:27:29> [TSimMgr_Client.LogEventRecv] <0031> CPID_UDP_PLATFORM_MOVE
<30 Nov 2025 08:27:29> [TSimMgr_Client.LogEventRecv] <0031> CPID_UDP_PLATFORM_MOVE
<30 Nov 2025 08:27:29> [TSimMgr_Client.LogEventRecv] <0031> CPID_UDP_PLATFORM_MOVE
<30 Nov 2025 08:27:29> [TSimMgr_Client.LogEventRecv] <0031> CPID_UDP_PLATFORM_MOVE
<30 Nov 2025 08:27:29> [TSimMgr_Client.LogEventRecv] <0031> CPID_UDP_PLATFORM_MOVE
<30 Nov 2025 08:27:29> [TSimMgr_Client.LogEventRecv] <0031> CPID_UDP_PLATFORM_MOVE
<30 Nov 2025 08:27:29> [TSimMgr_Client.LogEventRecv] <0031> CPID_UDP_PLATFORM_MOVE
<30 Nov 2025 08:27:29> [TSimMgr_Client.LogEventRecv] <0031> CPID_UDP_PLATFORM_MOVE
<30 Nov 2025 08:27:29> [TSimMgr_Client.LogEventRecv] <0031> CPID_UDP_PLATFORM_MOVE
<30 Nov 2025 08:27:29> [TSimMgr_Client.LogEventRecv] <0031> CPID_UDP_PLATFORM_MOVE
<30 Nov 2025 08:27:37> [TSimMgr_Client.LogEventRecv] <0031> CPID_UDP_PLATFORM_MOVE
<30 Nov 2025 08:27:37> [TSimMgr_Client.LogEventRecv] <0031> CPID_UDP_PLATFORM_MOVE
<30 Nov 2025 08:27:37> [TSimMgr_Client.LogEventRecv] <0031> CPID_UDP_PLATFORM_MOVE
<30 Nov 2025 08:27:37> [TSimMgr_Client.LogEventRecv] <0031> CPID_UDP_PLATFORM_MOVE
<30 Nov 2025 08:27:37> [TSimMgr_Client.LogEventRecv] <0031> CPID_UDP_PLATFORM_MOVE
<30 Nov 2025 08:27:37> [TSimMgr_Client.LogEventRecv] <0031> CPID_UDP_PLATFORM_MOVE
<30 Nov 2025 08:27:37> [TSimMgr_Client.LogEventRecv] <0031> CPID_UDP_PLATFORM_MOVE
<30 Nov 2025 08:27:37> [TSimMgr_Client.LogEventRecv] <0031> CPID_UDP_PLATFORM_MOVE
<30 Nov 2025 08:27:37> [TSimMgr_Client.LogEventRecv] <0031> CPID_UDP_PLATFORM_MOVE
<30 Nov 2025 08:27:37> [TSimMgr_Client.LogEventRecv] <0031> CPID_UDP_PLATFORM_MOVE
<30 Nov 2025 08:27:37> [TSimMgr_Client.LogEventRecv] <0031> CPID_UDP_PLATFORM_MOVE
<30 Nov 2025 08:27:37> [TSimMgr_Client.LogEventRecv] <0031> CPID_UDP_PLATFORM_MOVE
<30 Nov 2025 08:27:37> [TSimMgr_Client.LogEventRecv] <0031> CPID_UDP_PLATFORM_MOVE
<30 Nov 2025 08:27:37> [TSimMgr_Client.LogEventRecv] <0031> CPID_UDP_PLATFORM_MOVE
<30 Nov 2025 08:27:37> [TSimMgr_Client.LogEventRecv] <0031> CPID_UDP_PLATFORM_MOVE
<30 Nov 2025 08:27:37> [TSimMgr_Client.LogEventRecv] <0031> CPID_UDP_PLATFORM_MOVE
<30 Nov 2025 08:27:37> [TSimMgr_Client.LogEventRecv] <0031> CPID_UDP_PLATFORM_MOVE
<30 Nov 2025 08:27:37> [TSimMgr_Client.LogEventRecv] <0031> CPID_UDP_PLATFORM_MOVE
<30 Nov 2025 08:27:37> [TSimMgr_Client.LogEventRecv] <0031> CPID_UDP_PLATFORM_MOVE
<30 Nov 2025 08:27:37> [TSimMgr_Client.LogEventRecv] <0031> CPID_UDP_PLATFORM_MOVE
<30 Nov 2025 08:27:37> [TSimMgr_Client.LogEventRecv] <0031> CPID_UDP_PLATFORM_MOVE
<30 Nov 2025 08:27:37> [TSimMgr_Client.LogEventRecv] <0031> CPID_UDP_PLATFORM_MOVE
<30 Nov 2025 08:27:37> [TSimMgr_Client.LogEventRecv] <0031> CPID_UDP_PLATFORM_MOVE
<30 Nov 2025 08:27:37> [TSimMgr_Client.LogEventRecv] <0031> CPID_UDP_PLATFORM_MOVE
<30 Nov 2025 08:27:37> [TSimMgr_Client.LogEventRecv] <0031> CPID_UDP_PLATFORM_MOVE
<30 Nov 2025 08:27:37> [TSimMgr_Client.LogEventRecv] <0031> CPID_UDP_PLATFORM_MOVE
<30 Nov 2025 08:27:45> [TSimMgr_Client.LogEventRecv] <0031> CPID_UDP_PLATFORM_MOVE
<30 Nov 2025 08:27:45> [TSimMgr_Client.LogEventRecv] <0031> CPID_UDP_PLATFORM_MOVE
<30 Nov 2025 08:27:45> [TSimMgr_Client.LogEventRecv] <0031> CPID_UDP_PLATFORM_MOVE
<30 Nov 2025 08:27:45> [TSimMgr_Client.LogEventRecv] <0031> CPID_UDP_PLATFORM_MOVE
<30 Nov 2025 08:27:45> [TSimMgr_Client.LogEventRecv] <0031> CPID_UDP_PLATFORM_MOVE
<30 Nov 2025 08:27:45> [TSimMgr_Client.LogEventRecv] <0031> CPID_UDP_PLATFORM_MOVE
<30 Nov 2025 08:27:45> [TSimMgr_Client.LogEventRecv] <0031> CPID_UDP_PLATFORM_MOVE
<30 Nov 2025 08:27:45> [TSimMgr_Client.LogEventRecv] <0031> CPID_UDP_PLATFORM_MOVE
<30 Nov 2025 08:27:45> [TSimMgr_Client.LogEventRecv] <0031> CPID_UDP_PLATFORM_MOVE
<30 Nov 2025 08:27:45> [TSimMgr_Client.LogEventRecv] <0031> CPID_UDP_PLATFORM_MOVE
<30 Nov 2025 08:27:45> [TSimMgr_Client.LogEventRecv] <0031> CPID_UDP_PLATFORM_MOVE
<30 Nov 2025 08:27:45> [TSimMgr_Client.LogEventRecv] <0031> CPID_UDP_PLATFORM_MOVE
<30 Nov 2025 08:27:45> [TSimMgr_Client.LogEventRecv] <0031> CPID_UDP_PLATFORM_MOVE
<30 Nov 2025 08:27:45> [TSimMgr_Client.LogEventRecv] <0031> CPID_UDP_PLATFORM_MOVE
<30 Nov 2025 08:28:25> [TSimMgr_Client.LogEventRecv] <0031> CPID_UDP_PLATFORM_MOVE
<30 Nov 2025 08:28:25> [TSimMgr_Client.LogEventRecv] <0031> CPID_UDP_PLATFORM_MOVE
<30 Nov 2025 08:28:25> [TSimMgr_Client.LogEventRecv] <0031> CPID_UDP_PLATFORM_MOVE
<30 Nov 2025 08:28:25> [TSimMgr_Client.LogEventRecv] <0031> CPID_UDP_PLATFORM_MOVE
<30 Nov 2025 08:28:25> [TSimMgr_Client.LogEventRecv] <0031> CPID_UDP_PLATFORM_MOVE
<30 Nov 2025 08:33:05> [TSimMgr_Client.LogEventRecv] <0031> CPID_UDP_PLATFORM_MOVE
<30 Nov 2025 08:33:05> [TSimMgr_Client.LogEventRecv] <0031> CPID_UDP_PLATFORM_MOVE
<30 Nov 2025 08:33:05> [TSimMgr_Client.LogEventRecv] <0031> CPID_UDP_PLATFORM_MOVE
<30 Nov 2025 08:33:45> [TSimMgr_Client.LogEventRecv] <0031> CPID_UDP_PLATFORM_MOVE
<30 Nov 2025 08:33:53> [TSimMgr_Client.LogEventRecv] <0034> CPID_UDP_GAMECTRL_INFO
<30 Nov 2025 08:33:53> [TSimMgr_Client.LogEventRecv] <0031> CPID_UDP_PLATFORM_MOVE
<30 Nov 2025 08:34:09> [TSimMgr_Client.LogEventRecv] <0031> CPID_UDP_PLATFORM_MOVE
<30 Nov 2025 08:34:09> [TSimMgr_Client.LogEventRecv] <0031> CPID_UDP_PLATFORM_MOVE
<30 Nov 2025 08:34:09> [TSimMgr_Client.LogEventRecv] <0031> CPID_UDP_PLATFORM_MOVE
<30 Nov 2025 08:34:09> [TSimMgr_Client.LogEventRecv] <0031> CPID_UDP_PLATFORM_MOVE
<30 Nov 2025 08:34:09> [TSimMgr_Client.LogEventRecv] <0031> CPID_UDP_PLATFORM_MOVE
<30 Nov 2025 08:35:13> [TSimMgr_Client.LogEventRecv] <0031> CPID_UDP_PLATFORM_MOVE
<30 Nov 2025 08:35:29> [TSimMgr_Client.LogEventRecv] <0031> CPID_UDP_PLATFORM_MOVE
<30 Nov 2025 08:35:53> [TSimMgr_Client.LogEventRecv] <0031> CPID_UDP_PLATFORM_MOVE
<30 Nov 2025 08:35:53> [TSimMgr_Client.LogEventRecv] <0031> CPID_UDP_PLATFORM_MOVE
<30 Nov 2025 08:36:17> [TSimMgr_Client.LogEventRecv] <0031> CPID_UDP_PLATFORM_MOVE
<30 Nov 2025 08:36:17> [TSimMgr_Client.LogEventRecv] <0031> CPID_UDP_PLATFORM_MOVE
<30 Nov 2025 08:36:57> [TSimMgr_Client.LogEventRecv] <0031> CPID_UDP_PLATFORM_MOVE
<30 Nov 2025 08:36:57> [TSimMgr_Client.LogEventRecv] <0031> CPID_UDP_PLATFORM_MOVE
<30 Nov 2025 08:36:57> [TSimMgr_Client.LogEventRecv] <0031> CPID_UDP_PLATFORM_MOVE
<30 Nov 2025 08:36:57> [TSimMgr_Client.LogEventRecv] <0031> CPID_UDP_PLATFORM_MOVE
<30 Nov 2025 08:36:57> [TSimMgr_Client.LogEventRecv] <0031> CPID_UDP_PLATFORM_MOVE
<30 Nov 2025 08:36:57> [TSimMgr_Client.LogEventRecv] <0031> CPID_UDP_PLATFORM_MOVE
<30 Nov 2025 08:36:57> [TSimMgr_Client.LogEventRecv] <0031> CPID_UDP_PLATFORM_MOVE
<30 Nov 2025 08:36:57> [TSimMgr_Client.LogEventRecv] <0031> CPID_UDP_PLATFORM_MOVE
<30 Nov 2025 08:36:57> [TSimMgr_Client.LogEventRecv] <0031> CPID_UDP_PLATFORM_MOVE
<30 Nov 2025 08:36:57> [TSimMgr_Client.LogEventRecv] <0031> CPID_UDP_PLATFORM_MOVE
<30 Nov 2025 08:40:57> [TSimMgr_Client.LogEventRecv] <0031> CPID_UDP_PLATFORM_MOVE
<30 Nov 2025 08:40:57> [TSimMgr_Client.LogEventRecv] <0031> CPID_UDP_PLATFORM_MOVE
<30 Nov 2025 08:42:17> [TSimMgr_Client.LogEventRecv] <0031> CPID_UDP_PLATFORM_MOVE
<30 Nov 2025 08:42:17> [TSimMgr_Client.LogEventRecv] <0031> CPID_UDP_PLATFORM_MOVE
<30 Nov 2025 08:42:17> [TSimMgr_Client.LogEventRecv] <0031> CPID_UDP_PLATFORM_MOVE
<30 Nov 2025 08:42:17> [TSimMgr_Client.LogEventRecv] <0031> CPID_UDP_PLATFORM_MOVE
<30 Nov 2025 08:42:17> [TSimMgr_Client.LogEventRecv] <0031> CPID_UDP_PLATFORM_MOVE
<30 Nov 2025 08:42:17> [TSimMgr_Client.LogEventRecv] <0031> CPID_UDP_PLATFORM_MOVE
<30 Nov 2025 08:42:17> [TSimMgr_Client.LogEventRecv] <0031> CPID_UDP_PLATFORM_MOVE
<30 Nov 2025 08:42:17> [TSimMgr_Client.LogEventRecv] <0034> CPID_UDP_GAMECTRL_INFO
<30 Nov 2025 08:42:17> [TSimMgr_Client.LogEventRecv] <0031> CPID_UDP_PLATFORM_MOVE
<30 Nov 2025 08:42:17> [TSimMgr_Client.LogEventRecv] <0031> CPID_UDP_PLATFORM_MOVE
<30 Nov 2025 08:42:17> [TSimMgr_Client.LogEventRecv] <0031> CPID_UDP_PLATFORM_MOVE
<30 Nov 2025 08:42:17> [TSimMgr_Client.LogEventRecv] <0031> CPID_UDP_PLATFORM_MOVE
<30 Nov 2025 08:42:17> [TSimMgr_Client.LogEventRecv] <0031> CPID_UDP_PLATFORM_MOVE
<30 Nov 2025 08:42:17> [TSimMgr_Client.LogEventRecv] <0031> CPID_UDP_PLATFORM_MOVE
<30 Nov 2025 08:42:17> [TSimMgr_Client.LogEventRecv] <0031> CPID_UDP_PLATFORM_MOVE
<30 Nov 2025 08:42:17> [TSimMgr_Client.LogEventRecv] <0031> CPID_UDP_PLATFORM_MOVE
<30 Nov 2025 08:42:17> [TSimMgr_Client.LogEventRecv] <0031> CPID_UDP_PLATFORM_MOVE
<30 Nov 2025 08:42:17> [TSimMgr_Client.LogEventRecv] <0031> CPID_UDP_PLATFORM_MOVE
<30 Nov 2025 08:42:17> [TSimMgr_Server.netRecv_Synch_Pos_VBS] Sender : 192.168.1.50Platform Name : I Gusti Ngurah Rai - 332 ; Platform ID = 29777 X = 118° 00' 29.8" E Y = 00° 39' 25.3" N Z = 0.000 Course = 360.000 Speed = 0.00 Altitude = 0.00
<30 Nov 2025 08:42:17> [TSimMgr_Server.netRecv_Synch_Pos_VBS] Sender : 192.168.1.50Platform Name : Karel Satsuitubun - 356 ; Platform ID = 29775 X = 117° 50' 30.4" E Y = 00° 35' 06.3" N Z = 0.000 Course = 0.000 Speed = 0.00 Altitude = 0.00
<30 Nov 2025 08:42:17> [TSimMgr_Server.netRecv_Synch_Pos_VBS] Sender : 192.168.1.50Platform Name : Makassar - 590 ; Platform ID = 29768 X = 117° 54' 48.9" E Y = 00° 33' 00.4" N Z = 0.000 Course = 360.000 Speed = 0.00 Altitude = 0.00
<30 Nov 2025 08:42:17> [TSimMgr_Server.netRecv_Synch_Pos_VBS] Sender : 192.168.1.50Platform Name : Surabaya - 591 ; Platform ID = 29769 X = 117° 51' 17.2" E Y = 00° 35' 08.2" N Z = 0.000 Course = 360.000 Speed = 0.00 Altitude = 0.00
<30 Nov 2025 08:42:17> [TSimMgr_Server.netRecv_Synch_Pos_VBS] Sender : 192.168.1.50Platform Name : Teluk Bintuni - 520 ; Platform ID = 29770 X = 117° 58' 00.6" E Y = 00° 34' 28.2" N Z = 0.000 Course = 0.000 Speed = 0.00 Altitude = 0.00
<30 Nov 2025 08:42:17> [TSimMgr_Server.netRecv_Synch_Pos_VBS] Sender : 192.168.1.50Platform Name : Teluk Wondama - 527 ; Platform ID = 29773 X = 117° 54' 00.2" E Y = 00° 37' 07.4" N Z = 0.000 Course = 0.000 Speed = 0.00 Altitude = 0.00
<30 Nov 2025 08:42:17> [TSimMgr_Server.netRecv_Synch_Pos_VBS] Sender : 192.168.1.50Platform Name : Usman-Harun - 359 ; Platform ID = 29800 X = 117° 48' 41.2" E Y = 00° 31' 15.2" N Z = 0.000 Course = 360.000 Speed = 0.00 Altitude = 0.00
<30 Nov 2025 08:42:17> [TSimMgr_Client.LogEventRecv] <0031> CPID_UDP_PLATFORM_MOVE
<30 Nov 2025 08:42:17> [TSimMgr_Client.LogEventRecv] <0031> CPID_UDP_PLATFORM_MOVE
<30 Nov 2025 08:42:17> [TSimMgr_Client.LogEventRecv] <0031> CPID_UDP_PLATFORM_MOVE
<30 Nov 2025 08:42:17> [TSimMgr_Client.LogEventRecv] <0031> CPID_UDP_PLATFORM_MOVE
<30 Nov 2025 08:42:17> [TSimMgr_Client.LogEventRecv] <0031> CPID_UDP_PLATFORM_MOVE
<30 Nov 2025 08:42:17> [TSimMgr_Client.LogEventRecv] <0031> CPID_UDP_PLATFORM_MOVE
<30 Nov 2025 08:42:17> [TSimMgr_Client.LogEventRecv] <0031> CPID_UDP_PLATFORM_MOVE
<30 Nov 2025 08:42:17> [TSimMgr_Client.LogEventRecv] <0031> CPID_UDP_PLATFORM_MOVE
<30 Nov 2025 08:42:17> [TSimMgr_Client.LogEventRecv] <0031> CPID_UDP_PLATFORM_MOVE
<30 Nov 2025 08:42:17> [TSimMgr_Client.LogEventRecv] <0031> CPID_UDP_PLATFORM_MOVE
<30 Nov 2025 08:42:17> [TSimMgr_Client.LogEventRecv] <0031> CPID_UDP_PLATFORM_MOVE
<30 Nov 2025 08:42:17> [TSimMgr_Client.LogEventRecv] <0031> CPID_UDP_PLATFORM_MOVE
<30 Nov 2025 08:42:17> [TSimMgr_Client.LogEventRecv] <0031> CPID_UDP_PLATFORM_MOVE
<30 Nov 2025 08:42:17> [TSimMgr_Client.LogEventRecv] <0031> CPID_UDP_PLATFORM_MOVE
<30 Nov 2025 08:42:17> [TSimMgr_Client.LogEventRecv] <0031> CPID_UDP_PLATFORM_MOVE
<30 Nov 2025 08:42:17> [TSimMgr_Client.LogEventRecv] <0031> CPID_UDP_PLATFORM_MOVE
<30 Nov 2025 08:42:17> [TSimMgr_Client.LogEventRecv] <0031> CPID_UDP_PLATFORM_MOVE
<30 Nov 2025 08:42:17> [TSimMgr_Client.LogEventRecv] <0031> CPID_UDP_PLATFORM_MOVE
<30 Nov 2025 08:42:17> [TSimMgr_Client.LogEventRecv] <0031> CPID_UDP_PLATFORM_MOVE
<30 Nov 2025 08:42:17> [TSimMgr_Client.LogEventRecv] <0031> CPID_UDP_PLATFORM_MOVE
<30 Nov 2025 08:42:17> [TSimMgr_Client.LogEventRecv] <0031> CPID_UDP_PLATFORM_MOVE
<30 Nov 2025 08:42:17> [TSimMgr_Client.LogEventRecv] <0031> CPID_UDP_PLATFORM_MOVE
<30 Nov 2025 08:42:17> [TSimMgr_Client.LogEventRecv] <0031> CPID_UDP_PLATFORM_MOVE
<30 Nov 2025 08:42:17> [TSimMgr_Client.LogEventRecv] <0031> CPID_UDP_PLATFORM_MOVE
<30 Nov 2025 08:42:17> [TSimMgr_Client.LogEventRecv] <0031> CPID_UDP_PLATFORM_MOVE
<30 Nov 2025 08:42:17> [TSimMgr_Client.LogEventRecv] <0031> CPID_UDP_PLATFORM_MOVE
<30 Nov 2025 08:42:17> [TSimMgr_Client.LogEventRecv] <0031> CPID_UDP_PLATFORM_MOVE
<30 Nov 2025 08:42:17> [TSimMgr_Client.LogEventRecv] <0031> CPID_UDP_PLATFORM_MOVE
<30 Nov 2025 08:42:17> [TSimMgr_Client.LogEventRecv] <0031> CPID_UDP_PLATFORM_MOVE
<30 Nov 2025 08:42:17> [TSimMgr_Client.LogEventRecv] <0031> CPID_UDP_PLATFORM_MOVE
<30 Nov 2025 08:42:17> [TSimMgr_Client.LogEventRecv] <0031> CPID_UDP_PLATFORM_MOVE
<30 Nov 2025 08:42:17> [TSimMgr_Client.LogEventRecv] <0031> CPID_UDP_PLATFORM_MOVE
<30 Nov 2025 08:42:17> [TSimMgr_Client.LogEventRecv] <0031> CPID_UDP_PLATFORM_MOVE
<30 Nov 2025 08:42:17> [TSimMgr_Client.LogEventRecv] <0031> CPID_UDP_PLATFORM_MOVE
<30 Nov 2025 08:42:17> [TSimMgr_Client.LogEventRecv] <0031> CPID_UDP_PLATFORM_MOVE
<30 Nov 2025 08:42:17> [TSimMgr_Client.LogEventRecv] <0031> CPID_UDP_PLATFORM_MOVE
<30 Nov 2025 08:42:17> [TSimMgr_Client.LogEventRecv] <0031> CPID_UDP_PLATFORM_MOVE
<30 Nov 2025 08:42:17> [TSimMgr_Client.LogEventRecv] <0031> CPID_UDP_PLATFORM_MOVE
<30 Nov 2025 08:42:17> [TSimMgr_Client.LogEventRecv] <0031> CPID_UDP_PLATFORM_MOVE
<30 Nov 2025 08:42:17> [TSimMgr_Client.LogEventRecv] <0015> UNDEFINED (15)
<30 Nov 2025 08:42:17> [TSimMgr_Client.LogEventRecv] <0015> UNDEFINED (15)
<30 Nov 2025 08:42:17> [TSimMgr_Client.LogEventRecv] <0031> CPID_UDP_PLATFORM_MOVE
<30 Nov 2025 08:42:17> [TSimMgr_Client.LogEventRecv] <0031> CPID_UDP_PLATFORM_MOVE
<30 Nov 2025 08:42:17> [TSimMgr_Client.LogEventRecv] <0031> CPID_UDP_PLATFORM_MOVE
<30 Nov 2025 08:42:17> [TSimMgr_Client.LogEventRecv] <0031> CPID_UDP_PLATFORM_MOVE
<30 Nov 2025 08:42:17> [TSimMgr_Client.LogEventRecv] <0031> CPID_UDP_PLATFORM_MOVE
<30 Nov 2025 08:42:17> [TSimMgr_Client.LogEventRecv] <0031> CPID_UDP_PLATFORM_MOVE
<30 Nov 2025 08:42:17> [TSimMgr_Client.LogEventRecv] <0031> CPID_UDP_PLATFORM_MOVE
<30 Nov 2025 08:42:17> [TSimMgr_Client.LogEventRecv] <0031> CPID_UDP_PLATFORM_MOVE
<30 Nov 2025 08:42:17> [TSimMgr_Client.LogEventRecv] <0031> CPID_UDP_PLATFORM_MOVE
<30 Nov 2025 08:42:17> [TSimMgr_Client.LogEventRecv] <0031> CPID_UDP_PLATFORM_MOVE
<30 Nov 2025 08:42:17> [TSimMgr_Client.LogEventRecv] <0031> CPID_UDP_PLATFORM_MOVE
<30 Nov 2025 08:42:17> [TSimMgr_Client.LogEventRecv] <0031> CPID_UDP_PLATFORM_MOVE
<30 Nov 2025 08:42:17> [TSimMgr_Client.LogEventRecv] <0031> CPID_UDP_PLATFORM_MOVE
<30 Nov 2025 08:42:17> [TSimMgr_Client.LogEventRecv] <0031> CPID_UDP_PLATFORM_MOVE
<30 Nov 2025 08:42:17> [TSimMgr_Client.LogEventRecv] <0031> CPID_UDP_PLATFORM_MOVE
<30 Nov 2025 08:42:17> [TSimMgr_Client.LogEventRecv] <0031> CPID_UDP_PLATFORM_MOVE
<30 Nov 2025 08:42:17> [TSimMgr_Client.LogEventRecv] <0031> CPID_UDP_PLATFORM_MOVE
<30 Nov 2025 08:42:17> [TSimMgr_Client.LogEventRecv] <0015> UNDEFINED (15)
<30 Nov 2025 08:42:17> [TSimMgr_Client.LogEventRecv] <0031> CPID_UDP_PLATFORM_MOVE
<30 Nov 2025 08:42:17> [TSimMgr_Client.LogEventRecv] <0031> CPID_UDP_PLATFORM_MOVE
<30 Nov 2025 08:42:17> [TSimMgr_Client.LogEventRecv] <0031> CPID_UDP_PLATFORM_MOVE
<30 Nov 2025 08:42:17> [TSimMgr_Client.LogEventRecv] <0031> CPID_UDP_PLATFORM_MOVE
<30 Nov 2025 08:42:17> [TSimMgr_Client.LogEventRecv] <0031> CPID_UDP_PLATFORM_MOVE
<30 Nov 2025 08:42:17> [TSimMgr_Client.LogEventRecv] <0031> CPID_UDP_PLATFORM_MOVE
<30 Nov 2025 08:42:17> [TSimMgr_Client.LogEventRecv] <0031> CPID_UDP_PLATFORM_MOVE
<30 Nov 2025 08:42:17> [TSimMgr_Client.LogEventRecv] <0031> CPID_UDP_PLATFORM_MOVE
<30 Nov 2025 08:42:17> [TSimMgr_Client.LogEventRecv] <0031> CPID_UDP_PLATFORM_MOVE
<30 Nov 2025 08:42:17> [TSimMgr_Client.LogEventRecv] <0031> CPID_UDP_PLATFORM_MOVE
<30 Nov 2025 08:42:17> [TSimMgr_Client.LogEventRecv] <0031> CPID_UDP_PLATFORM_MOVE
<30 Nov 2025 08:42:17> [TSimMgr_Client.LogEventRecv] <0031> CPID_UDP_PLATFORM_MOVE
<30 Nov 2025 08:42:17> [TSimMgr_Client.LogEventRecv] <0031> CPID_UDP_PLATFORM_MOVE
<30 Nov 2025 08:42:17> [TSimMgr_Client.LogEventRecv] <0031> CPID_UDP_PLATFORM_MOVE
<30 Nov 2025 08:42:17> [TSimMgr_Client.LogEventRecv] <0031> CPID_UDP_PLATFORM_MOVE
<30 Nov 2025 08:42:17> [TSimMgr_Client.LogEventRecv] <0031> CPID_UDP_PLATFORM_MOVE
<30 Nov 2025 08:42:17> [TSimMgr_Client.LogEventRecv] <0031> CPID_UDP_PLATFORM_MOVE
<30 Nov 2025 08:42:17> [TSimMgr_Client.LogEventRecv] <0031> CPID_UDP_PLATFORM_MOVE
<30 Nov 2025 08:42:17> [TSimMgr_Client.LogEventRecv] <0031> CPID_UDP_PLATFORM_MOVE
<30 Nov 2025 08:42:17> [TSimMgr_Client.LogEventRecv] <0031> CPID_UDP_PLATFORM_MOVE
<30 Nov 2025 08:42:17> [TSimMgr_Client.LogEventRecv] <0031> CPID_UDP_PLATFORM_MOVE
<30 Nov 2025 08:42:17> [TSimMgr_Client.LogEventRecv] <0031> CPID_UDP_PLATFORM_MOVE
<30 Nov 2025 08:42:17> [TSimMgr_Client.LogEventRecv] <0031> CPID_UDP_PLATFORM_MOVE
<30 Nov 2025 08:42:17> [TSimMgr_Client.LogEventRecv] <0031> CPID_UDP_PLATFORM_MOVE
<30 Nov 2025 08:42:17> [TSimMgr_Client.LogEventRecv] <0031> CPID_UDP_PLATFORM_MOVE
<30 Nov 2025 08:42:17> [TSimMgr_Client.LogEventRecv] <0031> CPID_UDP_PLATFORM_MOVE
<30 Nov 2025 08:42:17> [TSimMgr_Client.LogEventRecv] <0031> CPID_UDP_PLATFORM_MOVE
<30 Nov 2025 08:42:17> [TSimMgr_Client.LogEventRecv] <0031> CPID_UDP_PLATFORM_MOVE
<30 Nov 2025 08:42:17> [TSimMgr_Client.LogEventRecv] <0031> CPID_UDP_PLATFORM_MOVE
<30 Nov 2025 08:42:17> [TSimMgr_Client.LogEventRecv] <0031> CPID_UDP_PLATFORM_MOVE
<30 Nov 2025 08:42:17> [TSimMgr_Client.LogEventRecv] <0031> CPID_UDP_PLATFORM_MOVE
<30 Nov 2025 08:42:17> [TSimMgr_Client.LogEventRecv] <0031> CPID_UDP_PLATFORM_MOVE
<30 Nov 2025 08:42:17> [TSimMgr_Client.LogEventRecv] <0031> CPID_UDP_PLATFORM_MOVE
<30 Nov 2025 08:42:17> [TSimMgr_Client.LogEventRecv] <0031> CPID_UDP_PLATFORM_MOVE
<30 Nov 2025 08:42:17> [TSimMgr_Client.LogEventRecv] <0031> CPID_UDP_PLATFORM_MOVE
<30 Nov 2025 08:42:17> [TSimMgr_Client.LogEventRecv] <0031> CPID_UDP_PLATFORM_MOVE
<30 Nov 2025 08:42:17> [TSimMgr_Client.LogEventRecv] <0031> CPID_UDP_PLATFORM_MOVE
<30 Nov 2025 08:42:17> [TSimMgr_Client.LogEventRecv] <0031> CPID_UDP_PLATFORM_MOVE
<30 Nov 2025 08:42:17> [TSimMgr_Client.LogEventRecv] <0031> CPID_UDP_PLATFORM_MOVE
<30 Nov 2025 08:42:17> [TSimMgr_Client.LogEventRecv] <0031> CPID_UDP_PLATFORM_MOVE
<30 Nov 2025 08:42:17> [TSimMgr_Client.LogEventRecv] <0031> CPID_UDP_PLATFORM_MOVE
<30 Nov 2025 08:42:17> [TSimMgr_Client.LogEventRecv] <0031> CPID_UDP_PLATFORM_MOVE
<30 Nov 2025 08:42:17> [TSimMgr_Client.LogEventRecv] <0031> CPID_UDP_PLATFORM_MOVE
<30 Nov 2025 08:42:17> [TSimMgr_Client.LogEventRecv] <0031> CPID_UDP_PLATFORM_MOVE
<30 Nov 2025 08:42:17> [TSimMgr_Client.LogEventRecv] <0031> CPID_UDP_PLATFORM_MOVE
<30 Nov 2025 08:42:17> [TSimMgr_Client.LogEventRecv] <0031> CPID_UDP_PLATFORM_MOVE
<30 Nov 2025 08:42:17> [TSimMgr_Client.LogEventRecv] <0031> CPID_UDP_PLATFORM_MOVE
<30 Nov 2025 08:42:17> [TSimMgr_Client.LogEventRecv] <0031> CPID_UDP_PLATFORM_MOVE
<30 Nov 2025 08:42:17> [TSimMgr_Client.LogEventRecv] <0031> CPID_UDP_PLATFORM_MOVE
<30 Nov 2025 08:42:17> [TSimMgr_Client.LogEventRecv] <0031> CPID_UDP_PLATFORM_MOVE
<30 Nov 2025 08:42:17> [TSimMgr_Client.LogEventRecv] <0031> CPID_UDP_PLATFORM_MOVE
<30 Nov 2025 08:42:17> [TSimMgr_Client.LogEventRecv] <0031> CPID_UDP_PLATFORM_MOVE
<30 Nov 2025 08:42:17> [TSimMgr_Client.LogEventRecv] <0031> CPID_UDP_PLATFORM_MOVE
<30 Nov 2025 08:42:17> [TSimMgr_Client.LogEventRecv] <0031> CPID_UDP_PLATFORM_MOVE
<30 Nov 2025 08:42:17> [TSimMgr_Client.LogEventRecv] <0031> CPID_UDP_PLATFORM_MOVE
<30 Nov 2025 08:42:17> [TSimMgr_Client.LogEventRecv] <0031> CPID_UDP_PLATFORM_MOVE
<30 Nov 2025 08:42:17> [TSimMgr_Client.LogEventRecv] <0031> CPID_UDP_PLATFORM_MOVE
<30 Nov 2025 08:42:17> [TSimMgr_Client.LogEventRecv] <0031> CPID_UDP_PLATFORM_MOVE
<30 Nov 2025 08:42:17> [TSimMgr_Client.LogEventRecv] <0031> CPID_UDP_PLATFORM_MOVE
<30 Nov 2025 08:42:17> [TSimMgr_Client.LogEventRecv] <0031> CPID_UDP_PLATFORM_MOVE
<30 Nov 2025 08:42:17> [TSimMgr_Client.LogEventRecv] <0031> CPID_UDP_PLATFORM_MOVE
<30 Nov 2025 08:42:17> [TSimMgr_Client.LogEventRecv] <0031> CPID_UDP_PLATFORM_MOVE
<30 Nov 2025 08:42:17> [TSimMgr_Client.LogEventRecv] <0031> CPID_UDP_PLATFORM_MOVE
<30 Nov 2025 08:42:17> [TSimMgr_Client.LogEventRecv] <0031> CPID_UDP_PLATFORM_MOVE
<30 Nov 2025 08:42:17> [TSimMgr_Client.LogEventRecv] <0031> CPID_UDP_PLATFORM_MOVE
<30 Nov 2025 08:42:17> [TSimMgr_Client.LogEventRecv] <0031> CPID_UDP_PLATFORM_MOVE
<30 Nov 2025 08:42:17> [TSimMgr_Client.LogEventRecv] <0031> CPID_UDP_PLATFORM_MOVE
<30 Nov 2025 08:42:17> [TSimMgr_Client.LogEventRecv] <0031> CPID_UDP_PLATFORM_MOVE
<30 Nov 2025 08:42:17> [TSimMgr_Client.LogEventRecv] <0031> CPID_UDP_PLATFORM_MOVE
<30 Nov 2025 08:42:17> [TSimMgr_Client.LogEventRecv] <0031> CPID_UDP_PLATFORM_MOVE
<30 Nov 2025 08:42:17> [TSimMgr_Client.LogEventRecv] <0031> CPID_UDP_PLATFORM_MOVE
<30 Nov 2025 08:42:17> [TSimMgr_Client.LogEventRecv] <0031> CPID_UDP_PLATFORM_MOVE
<30 Nov 2025 08:42:17> [TSimMgr_Client.LogEventRecv] <0031> CPID_UDP_PLATFORM_MOVE
<30 Nov 2025 08:42:17> [TSimMgr_Client.LogEventRecv] <0031> CPID_UDP_PLATFORM_MOVE
<30 Nov 2025 08:42:17> [TSimMgr_Client.LogEventRecv] <0031> CPID_UDP_PLATFORM_MOVE
<30 Nov 2025 08:42:17> [TSimMgr_Client.LogEventRecv] <0031> CPID_UDP_PLATFORM_MOVE
<30 Nov 2025 08:42:17> [TSimMgr_Client.LogEventRecv] <0031> CPID_UDP_PLATFORM_MOVE
<30 Nov 2025 08:42:17> [TSimMgr_Client.LogEventRecv] <0031> CPID_UDP_PLATFORM_MOVE
<30 Nov 2025 08:42:17> [TSimMgr_Client.LogEventRecv] <0031> CPID_UDP_PLATFORM_MOVE
<30 Nov 2025 08:42:17> [TSimMgr_Client.LogEventRecv] <0031> CPID_UDP_PLATFORM_MOVE
<30 Nov 2025 08:42:17> [TSimMgr_Client.LogEventRecv] <0031> CPID_UDP_PLATFORM_MOVE
<30 Nov 2025 08:42:17> [TSimMgr_Client.LogEventRecv] <0031> CPID_UDP_PLATFORM_MOVE
<30 Nov 2025 08:42:17> [TSimMgr_Client.LogEventRecv] <0031> CPID_UDP_PLATFORM_MOVE
<30 Nov 2025 08:42:17> [TSimMgr_Client.LogEventRecv] <0031> CPID_UDP_PLATFORM_MOVE
<30 Nov 2025 08:42:17> [TSimMgr_Client.LogEventRecv] <0031> CPID_UDP_PLATFORM_MOVE
<30 Nov 2025 08:42:17> [TSimMgr_Client.LogEventRecv] <0031> CPID_UDP_PLATFORM_MOVE
<30 Nov 2025 08:42:17> [TSimMgr_Client.LogEventRecv] <0031> CPID_UDP_PLATFORM_MOVE
<30 Nov 2025 08:42:17> [TSimMgr_Client.LogEventRecv] <0031> CPID_UDP_PLATFORM_MOVE
<30 Nov 2025 08:42:17> [TSimMgr_Client.LogEventRecv] <0031> CPID_UDP_PLATFORM_MOVE
<30 Nov 2025 08:42:17> [TSimMgr_Client.LogEventRecv] <0031> CPID_UDP_PLATFORM_MOVE
<30 Nov 2025 08:42:17> [TSimMgr_Client.LogEventRecv] <0031> CPID_UDP_PLATFORM_MOVE
<30 Nov 2025 08:42:17> [TSimMgr_Client.LogEventRecv] <0031> CPID_UDP_PLATFORM_MOVE
<30 Nov 2025 08:42:17> [TSimMgr_Client.LogEventRecv] <0031> CPID_UDP_PLATFORM_MOVE
<30 Nov 2025 08:42:17> [TSimMgr_Client.LogEventRecv] <0031> CPID_UDP_PLATFORM_MOVE
<30 Nov 2025 08:42:17> [TSimMgr_Client.LogEventRecv] <0031> CPID_UDP_PLATFORM_MOVE
<30 Nov 2025 08:42:17> [TSimMgr_Client.LogEventRecv] <0031> CPID_UDP_PLATFORM_MOVE
<30 Nov 2025 08:42:17> [TSimMgr_Client.LogEventRecv] <0031> CPID_UDP_PLATFORM_MOVE
<30 Nov 2025 08:42:17> [TSimMgr_Client.LogEventRecv] <0031> CPID_UDP_PLATFORM_MOVE
<30 Nov 2025 08:42:17> [TSimMgr_Client.LogEventRecv] <0031> CPID_UDP_PLATFORM_MOVE
<30 Nov 2025 08:42:17> [TSimMgr_Client.LogEventRecv] <0031> CPID_UDP_PLATFORM_MOVE
<30 Nov 2025 08:42:17> [TSimMgr_Client.LogEventRecv] <0031> CPID_UDP_PLATFORM_MOVE
<30 Nov 2025 08:42:17> [TSimMgr_Client.LogEventRecv] <0031> CPID_UDP_PLATFORM_MOVE
<30 Nov 2025 08:42:17> [TSimMgr_Client.LogEventRecv] <0031> CPID_UDP_PLATFORM_MOVE
<30 Nov 2025 08:42:17> [TSimMgr_Client.LogEventRecv] <0031> CPID_UDP_PLATFORM_MOVE
<30 Nov 2025 08:42:17> [TSimMgr_Client.LogEventRecv] <0031> CPID_UDP_PLATFORM_MOVE
<30 Nov 2025 08:42:17> [TSimMgr_Client.LogEventRecv] <0031> CPID_UDP_PLATFORM_MOVE
<30 Nov 2025 08:42:17> [TSimMgr_Client.LogEventRecv] <0031> CPID_UDP_PLATFORM_MOVE
<30 Nov 2025 08:42:17> [TSimMgr_Client.LogEventRecv] <0031> CPID_UDP_PLATFORM_MOVE
<30 Nov 2025 08:42:17> [TSimMgr_Client.LogEventRecv] <0031> CPID_UDP_PLATFORM_MOVE
<30 Nov 2025 08:42:17> [TSimMgr_Client.LogEventRecv] <0031> CPID_UDP_PLATFORM_MOVE
<30 Nov 2025 08:42:17> [TSimMgr_Client.LogEventRecv] <0031> CPID_UDP_PLATFORM_MOVE
<30 Nov 2025 08:42:17> [TSimMgr_Client.LogEventRecv] <0031> CPID_UDP_PLATFORM_MOVE
<30 Nov 2025 08:42:17> [TSimMgr_Client.LogEventRecv] <0031> CPID_UDP_PLATFORM_MOVE
<30 Nov 2025 08:42:17> [TSimMgr_Client.LogEventRecv] <0031> CPID_UDP_PLATFORM_MOVE
<30 Nov 2025 08:42:17> [TSimMgr_Client.LogEventRecv] <0031> CPID_UDP_PLATFORM_MOVE
<30 Nov 2025 08:42:17> [TSimMgr_Client.LogEventRecv] <0031> CPID_UDP_PLATFORM_MOVE
<30 Nov 2025 08:42:17> [TSimMgr_Client.LogEventRecv] <0031> CPID_UDP_PLATFORM_MOVE
<30 Nov 2025 08:42:17> [TSimMgr_Client.LogEventRecv] <0031> CPID_UDP_PLATFORM_MOVE
<30 Nov 2025 08:42:17> [TSimMgr_Client.LogEventRecv] <0031> CPID_UDP_PLATFORM_MOVE
<30 Nov 2025 08:42:17> [TSimMgr_Client.LogEventRecv] <0031> CPID_UDP_PLATFORM_MOVE
<30 Nov 2025 08:42:17> [TSimMgr_Client.LogEventRecv] <0031> CPID_UDP_PLATFORM_MOVE
<30 Nov 2025 08:42:17> [TSimMgr_Client.LogEventRecv] <0031> CPID_UDP_PLATFORM_MOVE
<30 Nov 2025 08:42:17> [TSimMgr_Client.LogEventRecv] <0031> CPID_UDP_PLATFORM_MOVE
<30 Nov 2025 08:42:17> [TSimMgr_Client.LogEventRecv] <0031> CPID_UDP_PLATFORM_MOVE
<30 Nov 2025 08:42:17> [TSimMgr_Client.LogEventRecv] <0031> CPID_UDP_PLATFORM_MOVE
<30 Nov 2025 08:42:17> [TSimMgr_Client.LogEventRecv] <0031> CPID_UDP_PLATFORM_MOVE
<30 Nov 2025 08:42:17> [TSimMgr_Client.LogEventRecv] <0031> CPID_UDP_PLATFORM_MOVE
<30 Nov 2025 08:42:17> [TSimMgr_Client.LogEventRecv] <0031> CPID_UDP_PLATFORM_MOVE
<30 Nov 2025 08:42:17> [TSimMgr_Client.LogEventRecv] <0031> CPID_UDP_PLATFORM_MOVE
<30 Nov 2025 08:42:17> [TSimMgr_Client.LogEventRecv] <0031> CPID_UDP_PLATFORM_MOVE
<30 Nov 2025 08:42:17> [TSimMgr_Client.LogEventRecv] <0031> CPID_UDP_PLATFORM_MOVE
<30 Nov 2025 08:42:17> [TSimMgr_Client.LogEventRecv] <0031> CPID_UDP_PLATFORM_MOVE
<30 Nov 2025 08:42:17> [TSimMgr_Client.LogEventRecv] <0031> CPID_UDP_PLATFORM_MOVE
<30 Nov 2025 08:42:17> [TSimMgr_Client.LogEventRecv] <0031> CPID_UDP_PLATFORM_MOVE
<30 Nov 2025 08:42:17> [TSimMgr_Client.LogEventRecv] <0031> CPID_UDP_PLATFORM_MOVE
<30 Nov 2025 08:42:17> [TSimMgr_Client.LogEventRecv] <0031> CPID_UDP_PLATFORM_MOVE
<30 Nov 2025 08:42:17> [TSimMgr_Client.LogEventRecv] <0031> CPID_UDP_PLATFORM_MOVE
<30 Nov 2025 08:42:17> [TSimMgr_Client.LogEventRecv] <0031> CPID_UDP_PLATFORM_MOVE
<30 Nov 2025 08:42:17> [TSimMgr_Client.LogEventRecv] <0031> CPID_UDP_PLATFORM_MOVE
<30 Nov 2025 08:42:17> [TSimMgr_Client.LogEventRecv] <0031> CPID_UDP_PLATFORM_MOVE
<30 Nov 2025 08:42:17> [TSimMgr_Client.LogEventRecv] <0031> CPID_UDP_PLATFORM_MOVE
<30 Nov 2025 08:42:17> [TSimMgr_Client.LogEventRecv] <0031> CPID_UDP_PLATFORM_MOVE
<30 Nov 2025 08:42:17> [TSimMgr_Client.LogEventRecv] <0031> CPID_UDP_PLATFORM_MOVE
<30 Nov 2025 08:42:17> [TSimMgr_Client.LogEventRecv] <0031> CPID_UDP_PLATFORM_MOVE
<30 Nov 2025 08:42:17> [TSimMgr_Client.LogEventRecv] <0031> CPID_UDP_PLATFORM_MOVE
<30 Nov 2025 08:42:17> [TSimMgr_Client.LogEventRecv] <0031> CPID_UDP_PLATFORM_MOVE
<30 Nov 2025 08:42:17> [TSimMgr_Client.LogEventRecv] <0031> CPID_UDP_PLATFORM_MOVE
<30 Nov 2025 08:42:17> [TSimMgr_Client.LogEventRecv] <0031> CPID_UDP_PLATFORM_MOVE
<30 Nov 2025 08:42:17> [TSimMgr_Client.LogEventRecv] <0031> CPID_UDP_PLATFORM_MOVE
<30 Nov 2025 08:42:17> [TSimMgr_Client.LogEventRecv] <0031> CPID_UDP_PLATFORM_MOVE
<30 Nov 2025 08:42:17> [TSimMgr_Client.LogEventRecv] <0031> CPID_UDP_PLATFORM_MOVE
<30 Nov 2025 08:42:17> [TSimMgr_Client.LogEventRecv] <0031> CPID_UDP_PLATFORM_MOVE
<30 Nov 2025 08:42:17> [TSimMgr_Client.LogEventRecv] <0031> CPID_UDP_PLATFORM_MOVE
<30 Nov 2025 08:42:17> [TSimMgr_Client.LogEventRecv] <0031> CPID_UDP_PLATFORM_MOVE
<30 Nov 2025 08:42:17> [TSimMgr_Client.LogEventRecv] <0031> CPID_UDP_PLATFORM_MOVE
<30 Nov 2025 08:42:17> [TSimMgr_Client.LogEventRecv] <0031> CPID_UDP_PLATFORM_MOVE
<30 Nov 2025 08:42:17> [TSimMgr_Client.LogEventRecv] <0031> CPID_UDP_PLATFORM_MOVE
<30 Nov 2025 08:42:17> [TSimMgr_Client.LogEventRecv] <0031> CPID_UDP_PLATFORM_MOVE
<30 Nov 2025 08:42:17> [TSimMgr_Client.LogEventRecv] <0031> CPID_UDP_PLATFORM_MOVE
<30 Nov 2025 08:42:17> [TSimMgr_Client.LogEventRecv] <0031> CPID_UDP_PLATFORM_MOVE
<30 Nov 2025 08:42:17> [TSimMgr_Client.LogEventRecv] <0031> CPID_UDP_PLATFORM_MOVE
<30 Nov 2025 08:42:17> [TSimMgr_Client.LogEventRecv] <0031> CPID_UDP_PLATFORM_MOVE
<30 Nov 2025 08:42:17> [TSimMgr_Client.LogEventRecv] <0031> CPID_UDP_PLATFORM_MOVE
<30 Nov 2025 08:42:17> [TSimMgr_Client.LogEventRecv] <0031> CPID_UDP_PLATFORM_MOVE
<30 Nov 2025 08:42:17> [TSimMgr_Client.LogEventRecv] <0031> CPID_UDP_PLATFORM_MOVE
<30 Nov 2025 08:42:17> [TSimMgr_Client.LogEventRecv] <0031> CPID_UDP_PLATFORM_MOVE
<30 Nov 2025 08:42:17> [TSimMgr_Client.LogEventRecv] <0031> CPID_UDP_PLATFORM_MOVE
<30 Nov 2025 08:42:17> [TSimMgr_Client.LogEventRecv] <0031> CPID_UDP_PLATFORM_MOVE
<30 Nov 2025 08:42:17> [TSimMgr_Client.LogEventRecv] <0031> CPID_UDP_PLATFORM_MOVE
<30 Nov 2025 08:42:17> [TSimMgr_Client.LogEventRecv] <0031> CPID_UDP_PLATFORM_MOVE
<30 Nov 2025 08:42:17> [TSimMgr_Client.LogEventRecv] <0031> CPID_UDP_PLATFORM_MOVE
<30 Nov 2025 08:42:17> [TSimMgr_Client.LogEventRecv] <0031> CPID_UDP_PLATFORM_MOVE
<30 Nov 2025 08:42:17> [TSimMgr_Client.LogEventRecv] <0031> CPID_UDP_PLATFORM_MOVE
<30 Nov 2025 08:42:17> [TSimMgr_Client.LogEventRecv] <0031> CPID_UDP_PLATFORM_MOVE
<30 Nov 2025 08:42:17> [TSimMgr_Client.LogEventRecv] <0031> CPID_UDP_PLATFORM_MOVE
<30 Nov 2025 08:42:17> [TSimMgr_Client.LogEventRecv] <0031> CPID_UDP_PLATFORM_MOVE
<30 Nov 2025 08:42:17> [TSimMgr_Client.LogEventRecv] <0031> CPID_UDP_PLATFORM_MOVE
<30 Nov 2025 08:42:17> [TSimMgr_Client.LogEventRecv] <0031> CPID_UDP_PLATFORM_MOVE
<30 Nov 2025 08:42:17> [TSimMgr_Client.LogEventRecv] <0031> CPID_UDP_PLATFORM_MOVE
<30 Nov 2025 08:42:17> [TSimMgr_Client.LogEventRecv] <0031> CPID_UDP_PLATFORM_MOVE
<30 Nov 2025 08:42:17> [TSimMgr_Client.LogEventRecv] <0031> CPID_UDP_PLATFORM_MOVE
<30 Nov 2025 08:42:17> [TSimMgr_Client.LogEventRecv] <0031> CPID_UDP_PLATFORM_MOVE
<30 Nov 2025 08:42:17> [TSimMgr_Client.LogEventRecv] <0031> CPID_UDP_PLATFORM_MOVE
<30 Nov 2025 08:42:17> [TSimMgr_Client.LogEventRecv] <0031> CPID_UDP_PLATFORM_MOVE
<30 Nov 2025 08:42:17> [TSimMgr_Client.LogEventRecv] <0031> CPID_UDP_PLATFORM_MOVE
<30 Nov 2025 08:42:17> [TSimMgr_Client.LogEventRecv] <0031> CPID_UDP_PLATFORM_MOVE
<30 Nov 2025 08:42:17> [TSimMgr_Client.LogEventRecv] <0031> CPID_UDP_PLATFORM_MOVE
<30 Nov 2025 08:42:17> [TSimMgr_Client.LogEventRecv] <0031> CPID_UDP_PLATFORM_MOVE
<30 Nov 2025 08:42:17> [TSimMgr_Client.LogEventRecv] <0031> CPID_UDP_PLATFORM_MOVE
<30 Nov 2025 08:42:17> [TSimMgr_Client.LogEventRecv] <0031> CPID_UDP_PLATFORM_MOVE
<30 Nov 2025 08:42:17> [TSimMgr_Client.LogEventRecv] <0031> CPID_UDP_PLATFORM_MOVE
<30 Nov 2025 08:42:17> [TSimMgr_Client.LogEventRecv] <0031> CPID_UDP_PLATFORM_MOVE
<30 Nov 2025 08:42:17> [TSimMgr_Client.LogEventRecv] <0031> CPID_UDP_PLATFORM_MOVE
<30 Nov 2025 08:42:17> [TSimMgr_Client.LogEventRecv] <0031> CPID_UDP_PLATFORM_MOVE
<30 Nov 2025 08:42:17> [TSimMgr_Client.LogEventRecv] <0031> CPID_UDP_PLATFORM_MOVE
<30 Nov 2025 08:42:17> [TSimMgr_Client.LogEventRecv] <0031> CPID_UDP_PLATFORM_MOVE
<30 Nov 2025 08:42:17> [TSimMgr_Client.LogEventRecv] <0031> CPID_UDP_PLATFORM_MOVE
<30 Nov 2025 08:42:17> [TSimMgr_Client.LogEventRecv] <0031> CPID_UDP_PLATFORM_MOVE
<30 Nov 2025 08:42:17> [TSimMgr_Client.LogEventRecv] <0031> CPID_UDP_PLATFORM_MOVE
<30 Nov 2025 08:42:17> [TSimMgr_Client.LogEventRecv] <0031> CPID_UDP_PLATFORM_MOVE
<30 Nov 2025 08:42:17> [TSimMgr_Client.LogEventRecv] <0031> CPID_UDP_PLATFORM_MOVE
<30 Nov 2025 08:42:17> [TSimMgr_Client.LogEventRecv] <0031> CPID_UDP_PLATFORM_MOVE
<30 Nov 2025 08:42:17> [TSimMgr_Client.LogEventRecv] <0031> CPID_UDP_PLATFORM_MOVE
<30 Nov 2025 08:42:17> [TSimMgr_Client.LogEventRecv] <0031> CPID_UDP_PLATFORM_MOVE
<30 Nov 2025 08:42:17> [TSimMgr_Client.LogEventRecv] <0031> CPID_UDP_PLATFORM_MOVE
<30 Nov 2025 08:42:17> [TSimMgr_Client.LogEventRecv] <0031> CPID_UDP_PLATFORM_MOVE
<30 Nov 2025 08:42:17> [TSimMgr_Client.LogEventRecv] <0031> CPID_UDP_PLATFORM_MOVE
<30 Nov 2025 08:42:17> [TSimMgr_Client.LogEventRecv] <0031> CPID_UDP_PLATFORM_MOVE
<30 Nov 2025 08:42:17> [TSimMgr_Client.LogEventRecv] <0031> CPID_UDP_PLATFORM_MOVE
<30 Nov 2025 08:42:17> [TSimMgr_Client.LogEventRecv] <0031> CPID_UDP_PLATFORM_MOVE
<30 Nov 2025 08:42:17> [TSimMgr_Client.LogEventRecv] <0031> CPID_UDP_PLATFORM_MOVE
<30 Nov 2025 08:42:17> [TSimMgr_Client.LogEventRecv] <0031> CPID_UDP_PLATFORM_MOVE
<30 Nov 2025 08:42:17> [TSimMgr_Client.LogEventRecv] <0031> CPID_UDP_PLATFORM_MOVE
<30 Nov 2025 08:42:17> [TSimMgr_Client.LogEventRecv] <0031> CPID_UDP_PLATFORM_MOVE
<30 Nov 2025 08:42:17> [TSimMgr_Client.LogEventRecv] <0031> CPID_UDP_PLATFORM_MOVE
<30 Nov 2025 08:42:17> [TSimMgr_Client.LogEventRecv] <0031> CPID_UDP_PLATFORM_MOVE
<30 Nov 2025 08:42:17> [TSimMgr_Client.LogEventRecv] <0031> CPID_UDP_PLATFORM_MOVE
<30 Nov 2025 08:42:17> [TSimMgr_Client.LogEventRecv] <0031> CPID_UDP_PLATFORM_MOVE
<30 Nov 2025 08:42:17> [TSimMgr_Client.LogEventRecv] <0031> CPID_UDP_PLATFORM_MOVE
<30 Nov 2025 08:42:17> [TSimMgr_Client.LogEventRecv] <0031> CPID_UDP_PLATFORM_MOVE
<30 Nov 2025 08:42:17> [TSimMgr_Client.LogEventRecv] <0031> CPID_UDP_PLATFORM_MOVE
<30 Nov 2025 08:42:17> [TSimMgr_Client.LogEventRecv] <0031> CPID_UDP_PLATFORM_MOVE
<30 Nov 2025 08:42:17> [TSimMgr_Client.LogEventRecv] <0031> CPID_UDP_PLATFORM_MOVE
<30 Nov 2025 08:42:17> [TSimMgr_Client.LogEventRecv] <0031> CPID_UDP_PLATFORM_MOVE
<30 Nov 2025 08:42:17> [TSimMgr_Client.LogEventRecv] <0031> CPID_UDP_PLATFORM_MOVE
<30 Nov 2025 08:42:17> [TSimMgr_Client.LogEventRecv] <0031> CPID_UDP_PLATFORM_MOVE
<30 Nov 2025 08:42:17> [TSimMgr_Client.LogEventRecv] <0031> CPID_UDP_PLATFORM_MOVE
<30 Nov 2025 08:42:17> [TSimMgr_Client.LogEventRecv] <0031> CPID_UDP_PLATFORM_MOVE
<30 Nov 2025 08:42:17> [TSimMgr_Client.LogEventRecv] <0031> CPID_UDP_PLATFORM_MOVE
<30 Nov 2025 08:42:17> [TSimMgr_Client.LogEventRecv] <0031> CPID_UDP_PLATFORM_MOVE
<30 Nov 2025 08:42:17> [TSimMgr_Client.LogEventRecv] <0031> CPID_UDP_PLATFORM_MOVE
<30 Nov 2025 08:42:17> [TSimMgr_Client.LogEventRecv] <0031> CPID_UDP_PLATFORM_MOVE
<30 Nov 2025 08:42:17> [TSimMgr_Client.LogEventRecv] <0031> CPID_UDP_PLATFORM_MOVE
<30 Nov 2025 08:42:17> [TSimMgr_Client.LogEventRecv] <0031> CPID_UDP_PLATFORM_MOVE
<30 Nov 2025 08:42:17> [TSimMgr_Client.LogEventRecv] <0031> CPID_UDP_PLATFORM_MOVE
<30 Nov 2025 08:42:17> [TSimMgr_Client.LogEventRecv] <0031> CPID_UDP_PLATFORM_MOVE
<30 Nov 2025 08:42:17> [TSimMgr_Client.LogEventRecv] <0031> CPID_UDP_PLATFORM_MOVE
<30 Nov 2025 08:42:17> [TSimMgr_Client.LogEventRecv] <0031> CPID_UDP_PLATFORM_MOVE
<30 Nov 2025 08:42:17> [TSimMgr_Client.LogEventRecv] <0031> CPID_UDP_PLATFORM_MOVE
<30 Nov 2025 08:42:17> [TSimMgr_Client.LogEventRecv] <0031> CPID_UDP_PLATFORM_MOVE
<30 Nov 2025 08:42:17> [TSimMgr_Client.LogEventRecv] <0031> CPID_UDP_PLATFORM_MOVE
<30 Nov 2025 08:42:17> [TSimMgr_Client.LogEventRecv] <0031> CPID_UDP_PLATFORM_MOVE
<30 Nov 2025 08:42:17> [TSimMgr_Client.LogEventRecv] <0031> CPID_UDP_PLATFORM_MOVE
<30 Nov 2025 08:42:17> [TSimMgr_Client.LogEventRecv] <0031> CPID_UDP_PLATFORM_MOVE
<30 Nov 2025 08:42:17> [TSimMgr_Client.LogEventRecv] <0031> CPID_UDP_PLATFORM_MOVE
<30 Nov 2025 08:42:17> [TSimMgr_Client.LogEventRecv] <0031> CPID_UDP_PLATFORM_MOVE
<30 Nov 2025 08:42:17> [TSimMgr_Client.LogEventRecv] <0031> CPID_UDP_PLATFORM_MOVE
<30 Nov 2025 08:42:17> [TSimMgr_Client.LogEventRecv] <0031> CPID_UDP_PLATFORM_MOVE
<30 Nov 2025 08:42:17> [TSimMgr_Client.LogEventRecv] <0031> CPID_UDP_PLATFORM_MOVE
<30 Nov 2025 08:42:17> [TSimMgr_Client.LogEventRecv] <0031> CPID_UDP_PLATFORM_MOVE
<30 Nov 2025 08:42:17> [TSimMgr_Client.LogEventRecv] <0031> CPID_UDP_PLATFORM_MOVE
<30 Nov 2025 08:42:17> [TSimMgr_Client.LogEventRecv] <0031> CPID_UDP_PLATFORM_MOVE
<30 Nov 2025 08:42:17> [TSimMgr_Client.LogEventRecv] <0031> CPID_UDP_PLATFORM_MOVE
<30 Nov 2025 08:42:17> [TSimMgr_Client.LogEventRecv] <0031> CPID_UDP_PLATFORM_MOVE
<30 Nov 2025 08:42:17> [TSimMgr_Client.LogEventRecv] <0031> CPID_UDP_PLATFORM_MOVE
<30 Nov 2025 08:42:17> [TSimMgr_Client.LogEventRecv] <0031> CPID_UDP_PLATFORM_MOVE
<30 Nov 2025 08:42:17> [TSimMgr_Client.LogEventRecv] <0031> CPID_UDP_PLATFORM_MOVE
<30 Nov 2025 08:42:17> [TSimMgr_Client.LogEventRecv] <0031> CPID_UDP_PLATFORM_MOVE
<30 Nov 2025 08:42:17> [TSimMgr_Client.LogEventRecv] <0031> CPID_UDP_PLATFORM_MOVE
<30 Nov 2025 08:42:17> [TSimMgr_Client.LogEventRecv] <0031> CPID_UDP_PLATFORM_MOVE
<30 Nov 2025 08:42:17> [TSimMgr_Client.LogEventRecv] <0031> CPID_UDP_PLATFORM_MOVE
<30 Nov 2025 08:42:17> [TSimMgr_Client.LogEventRecv] <0031> CPID_UDP_PLATFORM_MOVE
<30 Nov 2025 08:42:17> [TSimMgr_Client.LogEventRecv] <0031> CPID_UDP_PLATFORM_MOVE
<30 Nov 2025 08:42:17> [TSimMgr_Client.LogEventRecv] <0031> CPID_UDP_PLATFORM_MOVE
<30 Nov 2025 08:42:17> [TSimMgr_Client.LogEventRecv] <0031> CPID_UDP_PLATFORM_MOVE
<30 Nov 2025 08:42:17> [TSimMgr_Client.LogEventRecv] <0031> CPID_UDP_PLATFORM_MOVE
<30 Nov 2025 08:42:17> [TSimMgr_Client.LogEventRecv] <0031> CPID_UDP_PLATFORM_MOVE
<30 Nov 2025 08:42:17> [TSimMgr_Client.LogEventRecv] <0031> CPID_UDP_PLATFORM_MOVE
<30 Nov 2025 08:42:17> [TSimMgr_Client.LogEventRecv] <0031> CPID_UDP_PLATFORM_MOVE
<30 Nov 2025 08:42:17> [TSimMgr_Client.LogEventRecv] <0031> CPID_UDP_PLATFORM_MOVE
<30 Nov 2025 08:42:17> [TSimMgr_Client.LogEventRecv] <0031> CPID_UDP_PLATFORM_MOVE
<30 Nov 2025 08:42:17> [TSimMgr_Client.LogEventRecv] <0031> CPID_UDP_PLATFORM_MOVE
<30 Nov 2025 08:42:17> [TSimMgr_Client.LogEventRecv] <0031> CPID_UDP_PLATFORM_MOVE
<30 Nov 2025 08:42:17> [TSimMgr_Client.LogEventRecv] <0031> CPID_UDP_PLATFORM_MOVE
<30 Nov 2025 08:42:17> [TSimMgr_Client.LogEventRecv] <0031> CPID_UDP_PLATFORM_MOVE
<30 Nov 2025 08:42:17> [TSimMgr_Client.LogEventRecv] <0031> CPID_UDP_PLATFORM_MOVE
<30 Nov 2025 08:42:17> [TSimMgr_Client.LogEventRecv] <0031> CPID_UDP_PLATFORM_MOVE
<30 Nov 2025 08:42:17> [TSimMgr_Client.LogEventRecv] <0031> CPID_UDP_PLATFORM_MOVE
<30 Nov 2025 08:42:17> [TSimMgr_Client.LogEventRecv] <0031> CPID_UDP_PLATFORM_MOVE
<30 Nov 2025 08:42:17> [TSimMgr_Client.LogEventRecv] <0031> CPID_UDP_PLATFORM_MOVE
<30 Nov 2025 08:42:17> [TSimMgr_Client.LogEventRecv] <0031> CPID_UDP_PLATFORM_MOVE
<30 Nov 2025 08:42:17> [TSimMgr_Client.LogEventRecv] <0031> CPID_UDP_PLATFORM_MOVE
<30 Nov 2025 08:42:17> [TSimMgr_Client.LogEventRecv] <0031> CPID_UDP_PLATFORM_MOVE
<30 Nov 2025 08:42:17> [TSimMgr_Client.LogEventRecv] <0031> CPID_UDP_PLATFORM_MOVE
<30 Nov 2025 08:42:17> [TSimMgr_Client.LogEventRecv] <0031> CPID_UDP_PLATFORM_MOVE
<30 Nov 2025 08:42:17> [TSimMgr_Client.LogEventRecv] <0031> CPID_UDP_PLATFORM_MOVE
<30 Nov 2025 08:42:17> [TSimMgr_Client.LogEventRecv] <0031> CPID_UDP_PLATFORM_MOVE
<30 Nov 2025 08:42:17> [TSimMgr_Client.LogEventRecv] <0031> CPID_UDP_PLATFORM_MOVE
<30 Nov 2025 08:42:17> [TSimMgr_Client.LogEventRecv] <0031> CPID_UDP_PLATFORM_MOVE
<30 Nov 2025 08:42:17> [TSimMgr_Client.LogEventRecv] <0031> CPID_UDP_PLATFORM_MOVE
<30 Nov 2025 08:42:17> [TSimMgr_Client.LogEventRecv] <0031> CPID_UDP_PLATFORM_MOVE
<30 Nov 2025 08:42:17> [TSimMgr_Client.LogEventRecv] <0031> CPID_UDP_PLATFORM_MOVE
<30 Nov 2025 08:42:17> [TSimMgr_Client.LogEventRecv] <0031> CPID_UDP_PLATFORM_MOVE
<30 Nov 2025 08:42:17> [TSimMgr_Client.LogEventRecv] <0031> CPID_UDP_PLATFORM_MOVE
<30 Nov 2025 08:42:17> [TSimMgr_Client.LogEventRecv] <0031> CPID_UDP_PLATFORM_MOVE
<30 Nov 2025 08:42:17> [TSimMgr_Client.LogEventRecv] <0031> CPID_UDP_PLATFORM_MOVE
<30 Nov 2025 08:42:17> [TSimMgr_Client.LogEventRecv] <0031> CPID_UDP_PLATFORM_MOVE
<30 Nov 2025 08:42:17> [TSimMgr_Client.LogEventRecv] <0031> CPID_UDP_PLATFORM_MOVE
<30 Nov 2025 08:42:17> [TSimMgr_Client.LogEventRecv] <0031> CPID_UDP_PLATFORM_MOVE
<30 Nov 2025 08:42:17> [TSimMgr_Client.LogEventRecv] <0031> CPID_UDP_PLATFORM_MOVE
<30 Nov 2025 08:42:17> [TSimMgr_Client.LogEventRecv] <0031> CPID_UDP_PLATFORM_MOVE
<30 Nov 2025 08:42:17> [TSimMgr_Client.LogEventRecv] <0031> CPID_UDP_PLATFORM_MOVE
<30 Nov 2025 08:42:17> [TSimMgr_Client.LogEventRecv] <0031> CPID_UDP_PLATFORM_MOVE
<30 Nov 2025 08:42:17> [TSimMgr_Client.LogEventRecv] <0031> CPID_UDP_PLATFORM_MOVE
<30 Nov 2025 08:42:17> [TSimMgr_Client.LogEventRecv] <0031> CPID_UDP_PLATFORM_MOVE
<30 Nov 2025 08:42:17> [TSimMgr_Client.LogEventRecv] <0031> CPID_UDP_PLATFORM_MOVE
<30 Nov 2025 08:42:17> [TSimMgr_Client.LogEventRecv] <0031> CPID_UDP_PLATFORM_MOVE
<30 Nov 2025 08:42:17> [TSimMgr_Client.LogEventRecv] <0031> CPID_UDP_PLATFORM_MOVE
<30 Nov 2025 08:42:17> [TSimMgr_Client.LogEventRecv] <0031> CPID_UDP_PLATFORM_MOVE
<30 Nov 2025 08:42:17> [TSimMgr_Client.LogEventRecv] <0031> CPID_UDP_PLATFORM_MOVE
<30 Nov 2025 08:42:17> [TSimMgr_Client.LogEventRecv] <0031> CPID_UDP_PLATFORM_MOVE
<30 Nov 2025 08:42:17> [TSimMgr_Client.LogEventRecv] <0031> CPID_UDP_PLATFORM_MOVE
<30 Nov 2025 08:42:17> [TSimMgr_Client.LogEventRecv] <0031> CPID_UDP_PLATFORM_MOVE
<30 Nov 2025 08:42:17> [TSimMgr_Client.LogEventRecv] <0031> CPID_UDP_PLATFORM_MOVE
<30 Nov 2025 08:42:17> [TSimMgr_Client.LogEventRecv] <0031> CPID_UDP_PLATFORM_MOVE
<30 Nov 2025 08:42:17> [TSimMgr_Client.LogEventRecv] <0031> CPID_UDP_PLATFORM_MOVE
<30 Nov 2025 08:42:17> [TSimMgr_Client.LogEventRecv] <0031> CPID_UDP_PLATFORM_MOVE
<30 Nov 2025 08:42:17> [TSimMgr_Client.LogEventRecv] <0031> CPID_UDP_PLATFORM_MOVE
<30 Nov 2025 08:42:17> [TSimMgr_Client.LogEventRecv] <0031> CPID_UDP_PLATFORM_MOVE
<30 Nov 2025 08:42:17> [TSimMgr_Client.LogEventRecv] <0031> CPID_UDP_PLATFORM_MOVE
<30 Nov 2025 08:42:17> [TSimMgr_Client.LogEventRecv] <0031> CPID_UDP_PLATFORM_MOVE
<30 Nov 2025 08:42:17> [TSimMgr_Client.LogEventRecv] <0031> CPID_UDP_PLATFORM_MOVE
<30 Nov 2025 08:42:17> [TSimMgr_Client.LogEventRecv] <0031> CPID_UDP_PLATFORM_MOVE
<30 Nov 2025 08:42:17> [TSimMgr_Client.LogEventRecv] <0031> CPID_UDP_PLATFORM_MOVE
<30 Nov 2025 08:42:17> [TSimMgr_Client.LogEventRecv] <0031> CPID_UDP_PLATFORM_MOVE
<30 Nov 2025 08:42:17> [TSimMgr_Client.LogEventRecv] <0031> CPID_UDP_PLATFORM_MOVE
<30 Nov 2025 08:42:17> [TSimMgr_Client.LogEventRecv] <0031> CPID_UDP_PLATFORM_MOVE
<30 Nov 2025 08:42:17> [TSimMgr_Client.LogEventRecv] <0031> CPID_UDP_PLATFORM_MOVE
<30 Nov 2025 08:42:17> [TSimMgr_Client.LogEventRecv] <0031> CPID_UDP_PLATFORM_MOVE
<30 Nov 2025 08:42:17> [TSimMgr_Client.LogEventRecv] <0031> CPID_UDP_PLATFORM_MOVE
<30 Nov 2025 08:42:17> [TSimMgr_Client.LogEventRecv] <0031> CPID_UDP_PLATFORM_MOVE
<30 Nov 2025 08:42:17> [TSimMgr_Client.LogEventRecv] <0031> CPID_UDP_PLATFORM_MOVE
<30 Nov 2025 08:42:17> [TSimMgr_Client.LogEventRecv] <0031> CPID_UDP_PLATFORM_MOVE
<30 Nov 2025 08:42:17> [TSimMgr_Client.LogEventRecv] <0031> CPID_UDP_PLATFORM_MOVE
<30 Nov 2025 08:42:17> [TSimMgr_Client.LogEventRecv] <0031> CPID_UDP_PLATFORM_MOVE
<30 Nov 2025 08:42:17> [TSimMgr_Client.LogEventRecv] <0031> CPID_UDP_PLATFORM_MOVE
<30 Nov 2025 08:42:17> [TSimMgr_Client.LogEventRecv] <0031> CPID_UDP_PLATFORM_MOVE
<30 Nov 2025 08:42:17> [TSimMgr_Client.LogEventRecv] <0031> CPID_UDP_PLATFORM_MOVE
<30 Nov 2025 08:42:17> [TSimMgr_Client.LogEventRecv] <0031> CPID_UDP_PLATFORM_MOVE
<30 Nov 2025 08:42:17> [TSimMgr_Client.LogEventRecv] <0031> CPID_UDP_PLATFORM_MOVE
<30 Nov 2025 08:42:17> [TSimMgr_Client.LogEventRecv] <0031> CPID_UDP_PLATFORM_MOVE
<30 Nov 2025 08:42:17> [TSimMgr_Client.LogEventRecv] <0031> CPID_UDP_PLATFORM_MOVE
<30 Nov 2025 08:42:17> [TSimMgr_Client.LogEventRecv] <0031> CPID_UDP_PLATFORM_MOVE
<30 Nov 2025 08:42:17> [TSimMgr_Client.LogEventRecv] <0031> CPID_UDP_PLATFORM_MOVE
<30 Nov 2025 08:42:17> [TSimMgr_Client.LogEventRecv] <0031> CPID_UDP_PLATFORM_MOVE
<30 Nov 2025 08:42:17> [TSimMgr_Client.LogEventRecv] <0031> CPID_UDP_PLATFORM_MOVE
<30 Nov 2025 08:42:17> [TSimMgr_Client.LogEventRecv] <0031> CPID_UDP_PLATFORM_MOVE
<30 Nov 2025 08:42:17> [TSimMgr_Client.LogEventRecv] <0031> CPID_UDP_PLATFORM_MOVE
<30 Nov 2025 08:42:17> [TSimMgr_Client.LogEventRecv] <0031> CPID_UDP_PLATFORM_MOVE
<30 Nov 2025 08:42:17> [TSimMgr_Client.LogEventRecv] <0031> CPID_UDP_PLATFORM_MOVE
<30 Nov 2025 08:42:17> [TSimMgr_Client.LogEventRecv] <0031> CPID_UDP_PLATFORM_MOVE
<30 Nov 2025 08:42:17> [TSimMgr_Client.LogEventRecv] <0031> CPID_UDP_PLATFORM_MOVE
<30 Nov 2025 08:42:17> [TSimMgr_Client.LogEventRecv] <0031> CPID_UDP_PLATFORM_MOVE
<30 Nov 2025 08:42:17> [TSimMgr_Client.LogEventRecv] <0031> CPID_UDP_PLATFORM_MOVE
<30 Nov 2025 08:42:17> [TSimMgr_Client.LogEventRecv] <0031> CPID_UDP_PLATFORM_MOVE
<30 Nov 2025 08:42:17> [TSimMgr_Client.LogEventRecv] <0031> CPID_UDP_PLATFORM_MOVE
<30 Nov 2025 08:42:17> [TSimMgr_Client.LogEventRecv] <0031> CPID_UDP_PLATFORM_MOVE
<30 Nov 2025 08:42:17> [TSimMgr_Client.LogEventRecv] <0031> CPID_UDP_PLATFORM_MOVE
<30 Nov 2025 08:42:17> [TSimMgr_Client.LogEventRecv] <0031> CPID_UDP_PLATFORM_MOVE
<30 Nov 2025 08:42:17> [TSimMgr_Client.LogEventRecv] <0031> CPID_UDP_PLATFORM_MOVE
<30 Nov 2025 08:42:17> [TSimMgr_Client.LogEventRecv] <0031> CPID_UDP_PLATFORM_MOVE
<30 Nov 2025 08:42:17> [TSimMgr_Client.LogEventRecv] <0031> CPID_UDP_PLATFORM_MOVE
<30 Nov 2025 08:42:17> [TSimMgr_Client.LogEventRecv] <0031> CPID_UDP_PLATFORM_MOVE
<30 Nov 2025 08:42:17> [TSimMgr_Client.LogEventRecv] <0031> CPID_UDP_PLATFORM_MOVE
<30 Nov 2025 08:42:17> [TSimMgr_Client.LogEventRecv] <0031> CPID_UDP_PLATFORM_MOVE
<30 Nov 2025 08:42:17> [TSimMgr_Client.LogEventRecv] <0031> CPID_UDP_PLATFORM_MOVE
<30 Nov 2025 08:42:17> [TSimMgr_Client.LogEventRecv] <0031> CPID_UDP_PLATFORM_MOVE
<30 Nov 2025 08:42:17> [TSimMgr_Client.LogEventRecv] <0031> CPID_UDP_PLATFORM_MOVE
<30 Nov 2025 08:42:17> [TSimMgr_Client.LogEventRecv] <0031> CPID_UDP_PLATFORM_MOVE
<30 Nov 2025 08:42:17> [TSimMgr_Client.LogEventRecv] <0031> CPID_UDP_PLATFORM_MOVE
<30 Nov 2025 08:42:17> [TSimMgr_Client.LogEventRecv] <0031> CPID_UDP_PLATFORM_MOVE
<30 Nov 2025 08:42:17> [TSimMgr_Client.LogEventRecv] <0031> CPID_UDP_PLATFORM_MOVE
<30 Nov 2025 08:42:17> [TSimMgr_Client.LogEventRecv] <0031> CPID_UDP_PLATFORM_MOVE
<30 Nov 2025 08:42:17> [TSimMgr_Client.LogEventRecv] <0031> CPID_UDP_PLATFORM_MOVE
<30 Nov 2025 08:42:17> [TSimMgr_Client.LogEventRecv] <0031> CPID_UDP_PLATFORM_MOVE
<30 Nov 2025 08:42:17> [TSimMgr_Client.LogEventRecv] <0031> CPID_UDP_PLATFORM_MOVE
<30 Nov 2025 08:42:17> [TSimMgr_Client.LogEventRecv] <0031> CPID_UDP_PLATFORM_MOVE
<30 Nov 2025 08:42:17> [TSimMgr_Client.LogEventRecv] <0031> CPID_UDP_PLATFORM_MOVE
<30 Nov 2025 08:42:17> [TSimMgr_Client.LogEventRecv] <0031> CPID_UDP_PLATFORM_MOVE
<30 Nov 2025 08:42:17> [TSimMgr_Client.LogEventRecv] <0031> CPID_UDP_PLATFORM_MOVE
<30 Nov 2025 08:42:17> [TSimMgr_Client.LogEventRecv] <0031> CPID_UDP_PLATFORM_MOVE
<30 Nov 2025 08:42:17> [TSimMgr_Client.LogEventRecv] <0031> CPID_UDP_PLATFORM_MOVE
<30 Nov 2025 08:42:17> [TSimMgr_Client.LogEventRecv] <0031> CPID_UDP_PLATFORM_MOVE
<30 Nov 2025 08:42:17> [TSimMgr_Client.LogEventRecv] <0031> CPID_UDP_PLATFORM_MOVE
<30 Nov 2025 08:42:17> [TSimMgr_Client.LogEventRecv] <0031> CPID_UDP_PLATFORM_MOVE
<30 Nov 2025 08:42:17> [TSimMgr_Client.LogEventRecv] <0031> CPID_UDP_PLATFORM_MOVE
<30 Nov 2025 08:42:17> [TSimMgr_Client.LogEventRecv] <0031> CPID_UDP_PLATFORM_MOVE
<30 Nov 2025 08:42:17> [TSimMgr_Client.LogEventRecv] <0031> CPID_UDP_PLATFORM_MOVE
<30 Nov 2025 08:42:17> [TSimMgr_Client.LogEventRecv] <0031> CPID_UDP_PLATFORM_MOVE
<30 Nov 2025 08:42:17> [TSimMgr_Client.LogEventRecv] <0031> CPID_UDP_PLATFORM_MOVE
<30 Nov 2025 08:42:17> [TSimMgr_Client.LogEventRecv] <0031> CPID_UDP_PLATFORM_MOVE
<30 Nov 2025 08:42:17> [TSimMgr_Client.LogEventRecv] <0031> CPID_UDP_PLATFORM_MOVE
<30 Nov 2025 08:42:17> [TSimMgr_Client.LogEventRecv] <0031> CPID_UDP_PLATFORM_MOVE
<30 Nov 2025 08:42:17> [TSimMgr_Client.LogEventRecv] <0031> CPID_UDP_PLATFORM_MOVE
<30 Nov 2025 08:42:17> [TSimMgr_Client.LogEventRecv] <0031> CPID_UDP_PLATFORM_MOVE
<30 Nov 2025 08:42:17> [TSimMgr_Client.LogEventRecv] <0031> CPID_UDP_PLATFORM_MOVE
<30 Nov 2025 08:42:17> [TSimMgr_Client.LogEventRecv] <0031> CPID_UDP_PLATFORM_MOVE
<30 Nov 2025 08:42:17> [TSimMgr_Client.LogEventRecv] <0031> CPID_UDP_PLATFORM_MOVE
<30 Nov 2025 08:42:17> [TSimMgr_Client.LogEventRecv] <0031> CPID_UDP_PLATFORM_MOVE
<30 Nov 2025 08:42:17> [TSimMgr_Client.LogEventRecv] <0031> CPID_UDP_PLATFORM_MOVE
<30 Nov 2025 08:42:17> [TSimMgr_Client.LogEventRecv] <0031> CPID_UDP_PLATFORM_MOVE
<30 Nov 2025 08:42:17> [TSimMgr_Client.LogEventRecv] <0031> CPID_UDP_PLATFORM_MOVE
<30 Nov 2025 08:42:17> [TSimMgr_Client.LogEventRecv] <0031> CPID_UDP_PLATFORM_MOVE
<30 Nov 2025 08:42:17> [TSimMgr_Client.LogEventRecv] <0031> CPID_UDP_PLATFORM_MOVE
<30 Nov 2025 08:42:17> [TSimMgr_Server.netRecv_Synch_Pos_VBS] Sender : 192.168.1.50Platform Name : Ahmad Yani - 351 ; Platform ID = 29774 X = 117° 56' 47.4" E Y = 00° 38' 16.1" N Z = 0.000 Course = 0.000 Speed = 0.00 Altitude = 0.00
<30 Nov 2025 08:42:17> [TSimMgr_Server.netRecv_Synch_Pos_VBS] Sender : 192.168.1.50Platform Name : Ahmad Yani - 351 ; Platform ID = 29774 X = 117° 56' 47.4" E Y = 00° 38' 16.1" N Z = 0.000 Course = 0.000 Speed = 0.00 Altitude = 0.00
<30 Nov 2025 08:42:17> [TSimMgr_Server.netRecv_Synch_Pos_VBS] Sender : 192.168.1.50Platform Name : Ahmad Yani - 351 ; Platform ID = 29774 X = 117° 56' 47.4" E Y = 00° 38' 16.1" N Z = 0.000 Course = 0.000 Speed = 0.00 Altitude = 0.00
<30 Nov 2025 08:42:17> [TSimMgr_Server.netRecv_Synch_Pos_VBS] Sender : 192.168.1.50Platform Name : Ahmad Yani - 351 ; Platform ID = 29774 X = 117° 56' 47.4" E Y = 00° 38' 16.1" N Z = 0.000 Course = 0.000 Speed = 0.00 Altitude = 0.00
<30 Nov 2025 08:42:17> [TSimMgr_Server.netRecv_Synch_Pos_VBS] Sender : 192.168.1.50Platform Name : Ahmad Yani - 351 ; Platform ID = 29774 X = 117° 56' 47.4" E Y = 00° 38' 16.1" N Z = 0.000 Course = 0.000 Speed = 0.00 Altitude = 0.00
<30 Nov 2025 08:42:17> [TSimMgr_Server.netRecv_Synch_Pos_VBS] Sender : 192.168.1.50Platform Name : Ahmad Yani - 351 ; Platform ID = 29774 X = 117° 56' 47.4" E Y = 00° 38' 16.1" N Z = 0.000 Course = 0.000 Speed = 0.00 Altitude = 0.00
<30 Nov 2025 08:42:17> [TSimMgr_Server.netRecv_Synch_Pos_VBS] Sender : 192.168.1.50Platform Name : Ahmad Yani - 351 ; Platform ID = 29774 X = 117° 56' 47.4" E Y = 00° 38' 16.1" N Z = 0.000 Course = 0.000 Speed = 0.00 Altitude = 0.00
<30 Nov 2025 08:42:17> [TSimMgr_Server.netRecv_Synch_Pos_VBS] Sender : 192.168.1.50Platform Name : Ahmad Yani - 351 ; Platform ID = 29774 X = 117° 56' 47.4" E Y = 00° 38' 16.1" N Z = 0.000 Course = 0.000 Speed = 0.00 Altitude = 0.00
<30 Nov 2025 08:42:17> [TSimMgr_Server.netRecv_Synch_Pos_VBS] Sender : 192.168.1.50Platform Name : Ahmad Yani - 351 ; Platform ID = 29774 X = 117° 56' 47.4" E Y = 00° 38' 16.1" N Z = 0.000 Course = 0.000 Speed = 0.00 Altitude = 0.00
<30 Nov 2025 08:42:17> [TSimMgr_Server.netRecv_Synch_Pos_VBS] Sender : 192.168.1.50Platform Name : Ahmad Yani - 351 ; Platform ID = 29774 X = 117° 56' 47.4" E Y = 00° 38' 16.1" N Z = 0.000 Course = 0.000 Speed = 0.00 Altitude = 0.00
<30 Nov 2025 08:42:17> [TSimMgr_Server.netRecv_Synch_Pos_VBS] Sender : 192.168.1.50Platform Name : Ahmad Yani - 351 ; Platform ID = 29774 X = 117° 56' 47.4" E Y = 00° 38' 16.1" N Z = 0.000 Course = 0.000 Speed = 0.00 Altitude = 0.00
<30 Nov 2025 08:42:17> [TSimMgr_Server.netRecv_Synch_Pos_VBS] Sender : 192.168.1.50Platform Name : Ahmad Yani - 351 ; Platform ID = 29774 X = 117° 56' 47.4" E Y = 00° 38' 16.1" N Z = 0.000 Course = 0.000 Speed = 0.00 Altitude = 0.00
<30 Nov 2025 08:42:17> [TSimMgr_Server.netRecv_Synch_Pos_VBS] Sender : 192.168.1.50Platform Name : Ahmad Yani - 351 ; Platform ID = 29774 X = 117° 56' 47.4" E Y = 00° 38' 16.1" N Z = 0.000 Course = 0.000 Speed = 0.00 Altitude = 0.00
<30 Nov 2025 08:42:17> [TSimMgr_Server.netRecv_Synch_Pos_VBS] Sender : 192.168.1.50Platform Name : Ahmad Yani - 351 ; Platform ID = 29774 X = 117° 56' 47.4" E Y = 00° 38' 16.1" N Z = 0.000 Course = 0.000 Speed = 0.00 Altitude = 0.00
<30 Nov 2025 08:42:17> [TSimMgr_Server.netRecv_Synch_Pos_VBS] Sender : 192.168.1.50Platform Name : Ahmad Yani - 351 ; Platform ID = 29774 X = 117° 56' 47.4" E Y = 00° 38' 16.1" N Z = 0.000 Course = 0.000 Speed = 0.00 Altitude = 0.00
<30 Nov 2025 08:42:17> [TSimMgr_Server.netRecv_Synch_Pos_VBS] Sender : 192.168.1.50Platform Name : Ahmad Yani - 351 ; Platform ID = 29774 X = 117° 56' 47.4" E Y = 00° 38' 16.1" N Z = 0.000 Course = 0.000 Speed = 0.00 Altitude = 0.00
<30 Nov 2025 08:42:17> [TSimMgr_Server.netRecv_Synch_Pos_VBS] Sender : 192.168.1.50Platform Name : Ahmad Yani - 351 ; Platform ID = 29774 X = 117° 56' 47.4" E Y = 00° 38' 16.1" N Z = 0.000 Course = 0.000 Speed = 0.00 Altitude = 0.00
<30 Nov 2025 08:42:17> [TSimMgr_Server.netRecv_Synch_Pos_VBS] Sender : 192.168.1.50Platform Name : Ahmad Yani - 351 ; Platform ID = 29774 X = 117° 56' 47.4" E Y = 00° 38' 16.1" N Z = 0.000 Course = 0.000 Speed = 0.00 Altitude = 0.00
<30 Nov 2025 08:42:17> [TSimMgr_Server.netRecv_Synch_Pos_VBS] Sender : 192.168.1.50Platform Name : Ahmad Yani - 351 ; Platform ID = 29774 X = 117° 56' 47.4" E Y = 00° 38' 16.1" N Z = 0.000 Course = 0.000 Speed = 0.00 Altitude = 0.00
<30 Nov 2025 08:42:17> [TSimMgr_Server.netRecv_Synch_Pos_VBS] Sender : 192.168.1.50Platform Name : Ahmad Yani - 351 ; Platform ID = 29774 X = 117° 56' 47.4" E Y = 00° 38' 16.1" N Z = 0.000 Course = 0.000 Speed = 0.00 Altitude = 0.00
<30 Nov 2025 08:42:17> [TSimMgr_Server.netRecv_Synch_Pos_VBS] Sender : 192.168.1.50Platform Name : Ahmad Yani - 351 ; Platform ID = 29774 X = 117° 56' 47.4" E Y = 00° 38' 16.1" N Z = 0.000 Course = 0.000 Speed = 0.00 Altitude = 0.00
<30 Nov 2025 08:42:17> [TSimMgr_Server.netRecv_Synch_Pos_VBS] Sender : 192.168.1.50Platform Name : Ahmad Yani - 351 ; Platform ID = 29774 X = 117° 56' 47.4" E Y = 00° 38' 16.1" N Z = 0.000 Course = 0.000 Speed = 0.00 Altitude = 0.00
<30 Nov 2025 08:42:17> [TSimMgr_Server.netRecv_Synch_Pos_VBS] Sender : 192.168.1.50Platform Name : Bung Tomo - 357 ; Platform ID = 29799 X = 117° 51' 42.5" E Y = 00° 30' 57.0" N Z = 0.000 Course = 360.000 Speed = 0.00 Altitude = 0.00
<30 Nov 2025 08:42:17> [TSimMgr_Server.netRecv_Synch_Pos_VBS] Sender : 192.168.1.50Platform Name : Bung Tomo - 357 ; Platform ID = 29799 X = 117° 51' 42.5" E Y = 00° 30' 57.0" N Z = 0.000 Course = 360.000 Speed = 0.00 Altitude = 0.00
<30 Nov 2025 08:42:17> [TSimMgr_Server.netRecv_Synch_Pos_VBS] Sender : 192.168.1.50Platform Name : Bung Tomo - 357 ; Platform ID = 29799 X = 117° 51' 42.5" E Y = 00° 30' 57.0" N Z = 0.000 Course = 360.000 Speed = 0.00 Altitude = 0.00
<30 Nov 2025 08:42:17> [TSimMgr_Server.netRecv_Synch_Pos_VBS] Sender : 192.168.1.50Platform Name : Bung Tomo - 357 ; Platform ID = 29799 X = 117° 51' 42.5" E Y = 00° 30' 57.0" N Z = 0.000 Course = 360.000 Speed = 0.00 Altitude = 0.00
<30 Nov 2025 08:42:17> [TSimMgr_Server.netRecv_Synch_Pos_VBS] Sender : 192.168.1.50Platform Name : Bung Tomo - 357 ; Platform ID = 29799 X = 117° 51' 42.5" E Y = 00° 30' 57.0" N Z = 0.000 Course = 360.000 Speed = 0.00 Altitude = 0.00
<30 Nov 2025 08:42:17> [TSimMgr_Server.netRecv_Synch_Pos_VBS] Sender : 192.168.1.50Platform Name : Bung Tomo - 357 ; Platform ID = 29799 X = 117° 51' 42.5" E Y = 00° 30' 57.0" N Z = 0.000 Course = 360.000 Speed = 0.00 Altitude = 0.00
<30 Nov 2025 08:42:17> [TSimMgr_Server.netRecv_Synch_Pos_VBS] Sender : 192.168.1.50Platform Name : Diponegoro - 365 ; Platform ID = 29801 X = 118° 00' 16.1" E Y = 00° 36' 17.3" N Z = 0.000 Course = 360.000 Speed = 0.00 Altitude = 0.00
<30 Nov 2025 08:42:17> [TSimMgr_Server.netRecv_Synch_Pos_VBS] Sender : 192.168.1.50Platform Name : Diponegoro - 365 ; Platform ID = 29801 X = 118° 00' 16.1" E Y = 00° 36' 17.3" N Z = 0.000 Course = 360.000 Speed = 0.00 Altitude = 0.00
<30 Nov 2025 08:42:17> [TSimMgr_Server.netRecv_Synch_Pos_VBS] Sender : 192.168.1.50Platform Name : Diponegoro - 365 ; Platform ID = 29801 X = 118° 00' 16.1" E Y = 00° 36' 17.3" N Z = 0.000 Course = 360.000 Speed = 0.00 Altitude = 0.00
<30 Nov 2025 08:42:17> [TSimMgr_Server.netRecv_Synch_Pos_VBS] Sender : 192.168.1.50Platform Name : Diponegoro - 365 ; Platform ID = 29801 X = 118° 00' 16.1" E Y = 00° 36' 17.3" N Z = 0.000 Course = 360.000 Speed = 0.00 Altitude = 0.00
<30 Nov 2025 08:42:17> [TSimMgr_Server.netRecv_Synch_Pos_VBS] Sender : 192.168.1.50Platform Name : Diponegoro - 365 ; Platform ID = 29801 X = 118° 00' 16.1" E Y = 00° 36' 17.3" N Z = 0.000 Course = 360.000 Speed = 0.00 Altitude = 0.00
<30 Nov 2025 08:42:17> [TSimMgr_Server.netRecv_Synch_Pos_VBS] Sender : 192.168.1.50Platform Name : Diponegoro - 365 ; Platform ID = 29801 X = 118° 00' 16.1" E Y = 00° 36' 17.3" N Z = 0.000 Course = 360.000 Speed = 0.00 Altitude = 0.00
<30 Nov 2025 08:42:17> [TSimMgr_Server.netRecv_Synch_Pos_VBS] Sender : 192.168.1.50Platform Name : Frans Kaisiepo - 368 ; Platform ID = 29776 X = 117° 47' 54.3" E Y = 00° 34' 29.1" N Z = 0.000 Course = 360.000 Speed = 0.00 Altitude = 0.00
<30 Nov 2025 08:42:17> [TSimMgr_Server.netRecv_Synch_Pos_VBS] Sender : 192.168.1.50Platform Name : Frans Kaisiepo - 368 ; Platform ID = 29776 X = 117° 47' 54.3" E Y = 00° 34' 29.1" N Z = 0.000 Course = 360.000 Speed = 0.00 Altitude = 0.00
<30 Nov 2025 08:42:17> [TSimMgr_Server.netRecv_Synch_Pos_VBS] Sender : 192.168.1.50Platform Name : Frans Kaisiepo - 368 ; Platform ID = 29776 X = 117° 47' 54.3" E Y = 00° 34' 29.1" N Z = 0.000 Course = 360.000 Speed = 0.00 Altitude = 0.00
<30 Nov 2025 08:42:17> [TSimMgr_Server.netRecv_Synch_Pos_VBS] Sender : 192.168.1.50Platform Name : I Gusti Ngurah Rai - 332 ; Platform ID = 29777 X = 118° 00' 29.8" E Y = 00° 39' 25.3" N Z = 0.000 Course = 360.000 Speed = 0.00 Altitude = 0.00
<30 Nov 2025 08:42:17> [TSimMgr_Server.netRecv_Synch_Pos_VBS] Sender : 192.168.1.50Platform Name : I Gusti Ngurah Rai - 332 ; Platform ID = 29777 X = 118° 00' 29.8" E Y = 00° 39' 25.3" N Z = 0.000 Course = 360.000 Speed = 0.00 Altitude = 0.00
<30 Nov 2025 08:42:17> [TSimMgr_Server.netRecv_Synch_Pos_VBS] Sender : 192.168.1.50Platform Name : I Gusti Ngurah Rai - 332 ; Platform ID = 29777 X = 118° 00' 29.8" E Y = 00° 39' 25.3" N Z = 0.000 Course = 360.000 Speed = 0.00 Altitude = 0.00
<30 Nov 2025 08:42:17> [TSimMgr_Server.netRecv_Synch_Pos_VBS] Sender : 192.168.1.50Platform Name : I Gusti Ngurah Rai - 332 ; Platform ID = 29777 X = 118° 00' 29.8" E Y = 00° 39' 25.3" N Z = 0.000 Course = 360.000 Speed = 0.00 Altitude = 0.00
<30 Nov 2025 08:42:17> [TSimMgr_Server.netRecv_Synch_Pos_VBS] Sender : 192.168.1.50Platform Name : I Gusti Ngurah Rai - 332 ; Platform ID = 29777 X = 118° 00' 29.8" E Y = 00° 39' 25.3" N Z = 0.000 Course = 360.000 Speed = 0.00 Altitude = 0.00
<30 Nov 2025 08:42:17> [TSimMgr_Server.netRecv_Synch_Pos_VBS] Sender : 192.168.1.50Platform Name : I Gusti Ngurah Rai - 332 ; Platform ID = 29777 X = 118° 00' 29.8" E Y = 00° 39' 25.3" N Z = 0.000 Course = 360.000 Speed = 0.00 Altitude = 0.00
<30 Nov 2025 08:42:17> [TSimMgr_Server.netRecv_Synch_Pos_VBS] Sender : 192.168.1.50Platform Name : I Gusti Ngurah Rai - 332 ; Platform ID = 29777 X = 118° 00' 29.8" E Y = 00° 39' 25.3" N Z = 0.000 Course = 360.000 Speed = 0.00 Altitude = 0.00
<30 Nov 2025 08:42:17> [TSimMgr_Server.netRecv_Synch_Pos_VBS] Sender : 192.168.1.50Platform Name : I Gusti Ngurah Rai - 332 ; Platform ID = 29777 X = 118° 00' 29.8" E Y = 00° 39' 25.3" N Z = 0.000 Course = 360.000 Speed = 0.00 Altitude = 0.00
<30 Nov 2025 08:42:17> [TSimMgr_Server.netRecv_Synch_Pos_VBS] Sender : 192.168.1.50Platform Name : I Gusti Ngurah Rai - 332 ; Platform ID = 29777 X = 118° 00' 29.8" E Y = 00° 39' 25.3" N Z = 0.000 Course = 360.000 Speed = 0.00 Altitude = 0.00
<30 Nov 2025 08:42:17> [TSimMgr_Server.netRecv_Synch_Pos_VBS] Sender : 192.168.1.50Platform Name : I Gusti Ngurah Rai - 332 ; Platform ID = 29777 X = 118° 00' 29.8" E Y = 00° 39' 25.3" N Z = 0.000 Course = 360.000 Speed = 0.00 Altitude = 0.00
<30 Nov 2025 08:42:17> [TSimMgr_Server.netRecv_Synch_Pos_VBS] Sender : 192.168.1.50Platform Name : I Gusti Ngurah Rai - 332 ; Platform ID = 29777 X = 118° 00' 29.8" E Y = 00° 39' 25.3" N Z = 0.000 Course = 360.000 Speed = 0.00 Altitude = 0.00
<30 Nov 2025 08:42:17> [TSimMgr_Server.netRecv_Synch_Pos_VBS] Sender : 192.168.1.50Platform Name : Karel Satsuitubun - 356 ; Platform ID = 29775 X = 117° 50' 30.4" E Y = 00° 35' 06.3" N Z = 0.000 Course = 0.000 Speed = 0.00 Altitude = 0.00
<30 Nov 2025 08:42:17> [TSimMgr_Server.netRecv_Synch_Pos_VBS] Sender : 192.168.1.50Platform Name : Karel Satsuitubun - 356 ; Platform ID = 29775 X = 117° 50' 30.4" E Y = 00° 35' 06.3" N Z = 0.000 Course = 0.000 Speed = 0.00 Altitude = 0.00
<30 Nov 2025 08:42:17> [TSimMgr_Server.netRecv_Synch_Pos_VBS] Sender : 192.168.1.50Platform Name : Karel Satsuitubun - 356 ; Platform ID = 29775 X = 117° 50' 30.4" E Y = 00° 35' 06.3" N Z = 0.000 Course = 0.000 Speed = 0.00 Altitude = 0.00
<30 Nov 2025 08:42:17> [TSimMgr_Server.netRecv_Synch_Pos_VBS] Sender : 192.168.1.50Platform Name : Karel Satsuitubun - 356 ; Platform ID = 29775 X = 117° 50' 30.4" E Y = 00° 35' 06.3" N Z = 0.000 Course = 0.000 Speed = 0.00 Altitude = 0.00
<30 Nov 2025 08:42:17> [TSimMgr_Server.netRecv_Synch_Pos_VBS] Sender : 192.168.1.50Platform Name : Karel Satsuitubun - 356 ; Platform ID = 29775 X = 117° 50' 30.4" E Y = 00° 35' 06.3" N Z = 0.000 Course = 0.000 Speed = 0.00 Altitude = 0.00
<30 Nov 2025 08:42:17> [TSimMgr_Server.netRecv_Synch_Pos_VBS] Sender : 192.168.1.50Platform Name : Makassar - 590 ; Platform ID = 29768 X = 117° 54' 48.9" E Y = 00° 33' 00.4" N Z = 0.000 Course = 360.000 Speed = 0.00 Altitude = 0.00
<30 Nov 2025 08:42:17> [TSimMgr_Server.netRecv_Synch_Pos_VBS] Sender : 192.168.1.50Platform Name : Makassar - 590 ; Platform ID = 29768 X = 117° 54' 48.9" E Y = 00° 33' 00.4" N Z = 0.000 Course = 360.000 Speed = 0.00 Altitude = 0.00
<30 Nov 2025 08:42:17> [TSimMgr_Server.netRecv_Synch_Pos_VBS] Sender : 192.168.1.50Platform Name : Makassar - 590 ; Platform ID = 29768 X = 117° 54' 48.9" E Y = 00° 33' 00.4" N Z = 0.000 Course = 360.000 Speed = 0.00 Altitude = 0.00
<30 Nov 2025 08:42:17> [TSimMgr_Server.netRecv_Synch_Pos_VBS] Sender : 192.168.1.50Platform Name : Makassar - 590 ; Platform ID = 29768 X = 117° 54' 48.9" E Y = 00° 33' 00.4" N Z = 0.000 Course = 360.000 Speed = 0.00 Altitude = 0.00
<30 Nov 2025 08:42:17> [TSimMgr_Server.netRecv_Synch_Pos_VBS] Sender : 192.168.1.50Platform Name : Makassar - 590 ; Platform ID = 29768 X = 117° 54' 48.9" E Y = 00° 33' 00.4" N Z = 0.000 Course = 360.000 Speed = 0.00 Altitude = 0.00
<30 Nov 2025 08:42:17> [TSimMgr_Server.netRecv_Synch_Pos_VBS] Sender : 192.168.1.50Platform Name : Makassar - 590 ; Platform ID = 29768 X = 117° 54' 48.9" E Y = 00° 33' 00.4" N Z = 0.000 Course = 360.000 Speed = 0.00 Altitude = 0.00
<30 Nov 2025 08:42:17> [TSimMgr_Server.netRecv_Synch_Pos_VBS] Sender : 192.168.1.50Platform Name : Makassar - 590 ; Platform ID = 29768 X = 117° 54' 48.9" E Y = 00° 33' 00.4" N Z = 0.000 Course = 360.000 Speed = 0.00 Altitude = 0.00
<30 Nov 2025 08:42:17> [TSimMgr_Server.netRecv_Synch_Pos_VBS] Sender : 192.168.1.50Platform Name : Makassar - 590 ; Platform ID = 29768 X = 117° 54' 48.9" E Y = 00° 33' 00.4" N Z = 0.000 Course = 360.000 Speed = 0.00 Altitude = 0.00
<30 Nov 2025 08:42:17> [TSimMgr_Server.netRecv_Synch_Pos_VBS] Sender : 192.168.1.50Platform Name : Makassar - 590 ; Platform ID = 29768 X = 117° 54' 48.9" E Y = 00° 33' 00.4" N Z = 0.000 Course = 360.000 Speed = 0.00 Altitude = 0.00
<30 Nov 2025 08:42:17> [TSimMgr_Server.netRecv_Synch_Pos_VBS] Sender : 192.168.1.50Platform Name : Makassar - 590 ; Platform ID = 29768 X = 117° 54' 48.9" E Y = 00° 33' 00.4" N Z = 0.000 Course = 360.000 Speed = 0.00 Altitude = 0.00
<30 Nov 2025 08:42:17> [TSimMgr_Server.netRecv_Synch_Pos_VBS] Sender : 192.168.1.50Platform Name : Makassar - 590 ; Platform ID = 29768 X = 117° 54' 48.9" E Y = 00° 33' 00.4" N Z = 0.000 Course = 360.000 Speed = 0.00 Altitude = 0.00
<30 Nov 2025 08:42:17> [TSimMgr_Server.netRecv_Synch_Pos_VBS] Sender : 192.168.1.50Platform Name : Makassar - 590 ; Platform ID = 29768 X = 117° 54' 48.9" E Y = 00° 33' 00.4" N Z = 0.000 Course = 360.000 Speed = 0.00 Altitude = 0.00
<30 Nov 2025 08:42:17> [TSimMgr_Server.netRecv_Synch_Pos_VBS] Sender : 192.168.1.50Platform Name : Makassar - 590 ; Platform ID = 29768 X = 117° 54' 48.9" E Y = 00° 33' 00.4" N Z = 0.000 Course = 360.000 Speed = 0.00 Altitude = 0.00
<30 Nov 2025 08:42:17> [TSimMgr_Server.netRecv_Synch_Pos_VBS] Sender : 192.168.1.50Platform Name : Makassar - 590 ; Platform ID = 29768 X = 117° 54' 48.9" E Y = 00° 33' 00.4" N Z = 0.000 Course = 360.000 Speed = 0.00 Altitude = 0.00
<30 Nov 2025 08:42:17> [TSimMgr_Server.netRecv_Synch_Pos_VBS] Sender : 192.168.1.50Platform Name : Makassar - 590 ; Platform ID = 29768 X = 117° 54' 48.9" E Y = 00° 33' 00.4" N Z = 0.000 Course = 360.000 Speed = 0.00 Altitude = 0.00
<30 Nov 2025 08:42:17> [TSimMgr_Server.netRecv_Synch_Pos_VBS] Sender : 192.168.1.50Platform Name : Makassar - 590 ; Platform ID = 29768 X = 117° 54' 48.9" E Y = 00° 33' 00.4" N Z = 0.000 Course = 360.000 Speed = 0.00 Altitude = 0.00
<30 Nov 2025 08:42:17> [TSimMgr_Server.netRecv_Synch_Pos_VBS] Sender : 192.168.1.50Platform Name : Makassar - 590 ; Platform ID = 29768 X = 117° 54' 48.9" E Y = 00° 33' 00.4" N Z = 0.000 Course = 360.000 Speed = 0.00 Altitude = 0.00
<30 Nov 2025 08:42:17> [TSimMgr_Server.netRecv_Synch_Pos_VBS] Sender : 192.168.1.50Platform Name : Makassar - 590 ; Platform ID = 29768 X = 117° 54' 48.9" E Y = 00° 33' 00.4" N Z = 0.000 Course = 360.000 Speed = 0.00 Altitude = 0.00
<30 Nov 2025 08:42:17> [TSimMgr_Server.netRecv_Synch_Pos_VBS] Sender : 192.168.1.50Platform Name : Makassar - 590 ; Platform ID = 29768 X = 117° 54' 48.9" E Y = 00° 33' 00.4" N Z = 0.000 Course = 360.000 Speed = 0.00 Altitude = 0.00
<30 Nov 2025 08:42:17> [TSimMgr_Server.netRecv_Synch_Pos_VBS] Sender : 192.168.1.50Platform Name : Makassar - 590 ; Platform ID = 29768 X = 117° 54' 48.9" E Y = 00° 33' 00.4" N Z = 0.000 Course = 360.000 Speed = 0.00 Altitude = 0.00
<30 Nov 2025 08:42:17> [TSimMgr_Server.netRecv_Synch_Pos_VBS] Sender : 192.168.1.50Platform Name : Makassar - 590 ; Platform ID = 29768 X = 117° 54' 48.9" E Y = 00° 33' 00.4" N Z = 0.000 Course = 360.000 Speed = 0.00 Altitude = 0.00
<30 Nov 2025 08:42:17> [TSimMgr_Server.netRecv_Synch_Pos_VBS] Sender : 192.168.1.50Platform Name : Makassar - 590 ; Platform ID = 29768 X = 117° 54' 48.9" E Y = 00° 33' 00.4" N Z = 0.000 Course = 360.000 Speed = 0.00 Altitude = 0.00
<30 Nov 2025 08:42:17> [TSimMgr_Server.netRecv_Synch_Pos_VBS] Sender : 192.168.1.50Platform Name : Makassar - 590 ; Platform ID = 29768 X = 117° 54' 48.9" E Y = 00° 33' 00.4" N Z = 0.000 Course = 360.000 Speed = 0.00 Altitude = 0.00
<30 Nov 2025 08:42:17> [TSimMgr_Server.netRecv_Synch_Pos_VBS] Sender : 192.168.1.50Platform Name : Surabaya - 591 ; Platform ID = 29769 X = 117° 51' 17.2" E Y = 00° 35' 08.2" N Z = 0.000 Course = 360.000 Speed = 0.00 Altitude = 0.00
<30 Nov 2025 08:42:17> [TSimMgr_Server.netRecv_Synch_Pos_VBS] Sender : 192.168.1.50Platform Name : Surabaya - 591 ; Platform ID = 29769 X = 117° 51' 17.2" E Y = 00° 35' 08.2" N Z = 0.000 Course = 360.000 Speed = 0.00 Altitude = 0.00
<30 Nov 2025 08:42:17> [TSimMgr_Server.netRecv_Synch_Pos_VBS] Sender : 192.168.1.50Platform Name : Surabaya - 591 ; Platform ID = 29769 X = 117° 51' 17.2" E Y = 00° 35' 08.2" N Z = 0.000 Course = 360.000 Speed = 0.00 Altitude = 0.00
<30 Nov 2025 08:42:17> [TSimMgr_Server.netRecv_Synch_Pos_VBS] Sender : 192.168.1.50Platform Name : Surabaya - 591 ; Platform ID = 29769 X = 117° 51' 17.2" E Y = 00° 35' 08.2" N Z = 0.000 Course = 360.000 Speed = 0.00 Altitude = 0.00
<30 Nov 2025 08:42:17> [TSimMgr_Server.netRecv_Synch_Pos_VBS] Sender : 192.168.1.50Platform Name : Surabaya - 591 ; Platform ID = 29769 X = 117° 51' 17.2" E Y = 00° 35' 08.2" N Z = 0.000 Course = 360.000 Speed = 0.00 Altitude = 0.00
<30 Nov 2025 08:42:17> [TSimMgr_Server.netRecv_Synch_Pos_VBS] Sender : 192.168.1.50Platform Name : Surabaya - 591 ; Platform ID = 29769 X = 117° 51' 17.2" E Y = 00° 35' 08.2" N Z = 0.000 Course = 360.000 Speed = 0.00 Altitude = 0.00
<30 Nov 2025 08:42:17> [TSimMgr_Server.netRecv_Synch_Pos_VBS] Sender : 192.168.1.50Platform Name : Surabaya - 591 ; Platform ID = 29769 X = 117° 51' 17.2" E Y = 00° 35' 08.2" N Z = 0.000 Course = 360.000 Speed = 0.00 Altitude = 0.00
<30 Nov 2025 08:42:17> [TSimMgr_Server.netRecv_Synch_Pos_VBS] Sender : 192.168.1.50Platform Name : Surabaya - 591 ; Platform ID = 29769 X = 117° 51' 17.2" E Y = 00° 35' 08.2" N Z = 0.000 Course = 360.000 Speed = 0.00 Altitude = 0.00
<30 Nov 2025 08:42:17> [TSimMgr_Server.netRecv_Synch_Pos_VBS] Sender : 192.168.1.50Platform Name : Surabaya - 591 ; Platform ID = 29769 X = 117° 51' 17.2" E Y = 00° 35' 08.2" N Z = 0.000 Course = 360.000 Speed = 0.00 Altitude = 0.00
<30 Nov 2025 08:42:17> [TSimMgr_Server.netRecv_Synch_Pos_VBS] Sender : 192.168.1.50Platform Name : Surabaya - 591 ; Platform ID = 29769 X = 117° 51' 17.2" E Y = 00° 35' 08.2" N Z = 0.000 Course = 360.000 Speed = 0.00 Altitude = 0.00
<30 Nov 2025 08:42:17> [TSimMgr_Server.netRecv_Synch_Pos_VBS] Sender : 192.168.1.50Platform Name : Surabaya - 591 ; Platform ID = 29769 X = 117° 51' 17.2" E Y = 00° 35' 08.2" N Z = 0.000 Course = 360.000 Speed = 0.00 Altitude = 0.00
<30 Nov 2025 08:42:17> [TSimMgr_Client.LogEventRecv] <0015> UNDEFINED (15)
<30 Nov 2025 08:42:18> [TSimMgr_Client.LogEventRecv] <0015> UNDEFINED (15)
<30 Nov 2025 08:42:18> [TSimMgr_Server.netRecv_Synch_Pos_VBS] Sender : 192.168.1.50Platform Name : Teluk Bintuni - 520 ; Platform ID = 29770 X = 117° 58' 00.6" E Y = 00° 34' 28.2" N Z = 0.000 Course = 0.000 Speed = 0.00 Altitude = 0.00
<30 Nov 2025 08:42:18> [TSimMgr_Server.netRecv_Synch_Pos_VBS] Sender : 192.168.1.50Platform Name : Teluk Wondama - 527 ; Platform ID = 29773 X = 117° 54' 00.2" E Y = 00° 37' 07.4" N Z = 0.000 Course = 0.000 Speed = 0.00 Altitude = 0.00
<30 Nov 2025 08:42:18> [TSimMgr_Server.netRecv_Synch_Pos_VBS] Sender : 192.168.1.50Platform Name : Usman-Harun - 359 ; Platform ID = 29800 X = 117° 48' 41.2" E Y = 00° 31' 15.2" N Z = 0.000 Course = 360.000 Speed = 0.00 Altitude = 0.00
<30 Nov 2025 08:42:18> [TSimMgr_Client.LogEventRecv] <0015> UNDEFINED (15)
<30 Nov 2025 08:42:18> [TSimMgr_Client.LogEventRecv] <0015> UNDEFINED (15)
<30 Nov 2025 08:42:18> [TSimMgr_Client.LogEventRecv] <0015> UNDEFINED (15)
<30 Nov 2025 08:42:18> [TSimMgr_Client.LogEventRecv] <0015> UNDEFINED (15)
<30 Nov 2025 08:42:18> [TSimMgr_Client.LogEventRecv] <0015> UNDEFINED (15)
<30 Nov 2025 08:42:18> [TSimMgr_Client.LogEventRecv] <0015> UNDEFINED (15)
<30 Nov 2025 08:42:18> [TSimMgr_Client.LogEventRecv] <0015> UNDEFINED (15)
<30 Nov 2025 08:42:18> [TSimMgr_Client.LogEventRecv] <0015> UNDEFINED (15)
<30 Nov 2025 08:42:18> [TSimMgr_Client.LogEventRecv] <0015> UNDEFINED (15)
<30 Nov 2025 08:42:18> [TSimMgr_Client.LogEventRecv] <0015> UNDEFINED (15)
<30 Nov 2025 08:42:18> [TSimMgr_Client.LogEventRecv] <0015> UNDEFINED (15)
<30 Nov 2025 08:42:18> [TSimMgr_Client.LogEventRecv] <0015> UNDEFINED (15)
<30 Nov 2025 08:42:18> [TSimMgr_Client.LogEventRecv] <0015> UNDEFINED (15)
<30 Nov 2025 08:42:18> [TSimMgr_Client.LogEventRecv] <0015> UNDEFINED (15)
<30 Nov 2025 08:42:18> [TSimMgr_Client.LogEventRecv] <0015> UNDEFINED (15)
<30 Nov 2025 08:42:18> [TSimMgr_Client.LogEventRecv] <0015> UNDEFINED (15)
<30 Nov 2025 08:42:18> [TSimMgr_Client.LogEventRecv] <0015> UNDEFINED (15)
<30 Nov 2025 08:42:18> [TSimMgr_Client.LogEventRecv] <0015> UNDEFINED (15)
<30 Nov 2025 08:42:18> [TSimMgr_Client.LogEventRecv] <0015> UNDEFINED (15)
<30 Nov 2025 08:42:18> [TSimMgr_Client.LogEventRecv] <0015> UNDEFINED (15)
<30 Nov 2025 08:42:18> [TSimMgr_Client.LogEventRecv] <0015> UNDEFINED (15)
<30 Nov 2025 08:42:19> [TSimMgr_Client.LogEventRecv] <0015> UNDEFINED (15)
<30 Nov 2025 08:42:19> [TSimMgr_Client.LogEventRecv] <0015> UNDEFINED (15)
<30 Nov 2025 08:42:19> [TSimMgr_Client.LogEventRecv] <0015> UNDEFINED (15)
<30 Nov 2025 08:42:19> [TSimMgr_Client.LogEventRecv] <0015> UNDEFINED (15)
<30 Nov 2025 08:42:19> [TSimMgr_Client.LogEventRecv] <0015> UNDEFINED (15)
<30 Nov 2025 08:42:19> [TSimMgr_Client.LogEventRecv] <0015> UNDEFINED (15)
<30 Nov 2025 08:42:19> [TSimMgr_Client.LogEventRecv] <0015> UNDEFINED (15)
<30 Nov 2025 08:42:19> [TSimMgr_Client.LogEventRecv] <0015> UNDEFINED (15)
<30 Nov 2025 08:42:19> [TSimMgr_Client.LogEventRecv] <0015> UNDEFINED (15)
<30 Nov 2025 08:42:19> [TSimMgr_Client.LogEventRecv] <0015> UNDEFINED (15)
<30 Nov 2025 08:42:19> [TSimMgr_Client.LogEventRecv] <0015> UNDEFINED (15)
<30 Nov 2025 08:42:19> [TSimMgr_Client.LogEventRecv] <0015> UNDEFINED (15)
<30 Nov 2025 08:42:19> [TSimMgr_Client.LogEventRecv] <0015> UNDEFINED (15)
<30 Nov 2025 08:42:19> [TSimMgr_Client.LogEventRecv] <0015> UNDEFINED (15)
<30 Nov 2025 08:42:19> [TSimMgr_Client.LogEventRecv] <0015> UNDEFINED (15)
<30 Nov 2025 08:42:19> [TSimMgr_Client.LogEventRecv] <0015> UNDEFINED (15)
<30 Nov 2025 08:42:19> [TSimMgr_Server.netRecv_Synch_Pos_VBS] Sender : 192.168.1.50Platform Name : Ahmad Yani - 351 ; Platform ID = 29774 X = 117° 56' 47.4" E Y = 00° 38' 16.1" N Z = 0.000 Course = 0.000 Speed = 0.00 Altitude = 0.00
<30 Nov 2025 08:42:19> [TSimMgr_Server.netRecv_Synch_Pos_VBS] Sender : 192.168.1.50Platform Name : Bung Tomo - 357 ; Platform ID = 29799 X = 117° 51' 42.5" E Y = 00° 30' 57.0" N Z = 0.000 Course = 360.000 Speed = 0.00 Altitude = 0.00
<30 Nov 2025 08:42:19> [TSimMgr_Server.netRecv_Synch_Pos_VBS] Sender : 192.168.1.50Platform Name : Diponegoro - 365 ; Platform ID = 29801 X = 118° 00' 16.1" E Y = 00° 36' 17.3" N Z = 0.000 Course = 360.000 Speed = 0.00 Altitude = 0.00
<30 Nov 2025 08:42:19> [TSimMgr_Server.netRecv_Synch_Pos_VBS] Sender : 192.168.1.50Platform Name : Diponegoro - 365 ; Platform ID = 29801 X = 118° 00' 16.1" E Y = 00° 36' 17.3" N Z = 0.000 Course = 360.000 Speed = 0.00 Altitude = 0.00
<30 Nov 2025 08:42:19> [TSimMgr_Server.netRecv_Synch_Pos_VBS] Sender : 192.168.1.50Platform Name : Diponegoro - 365 ; Platform ID = 29801 X = 118° 00' 16.1" E Y = 00° 36' 17.3" N Z = 0.000 Course = 360.000 Speed = 0.00 Altitude = 0.00
<30 Nov 2025 08:42:19> [TSimMgr_Client.LogEventRecv] <0015> UNDEFINED (15)
<30 Nov 2025 08:42:19> [TSimMgr_Server.netRecv_Synch_Pos_VBS] Sender : 192.168.1.50Platform Name : Frans Kaisiepo - 368 ; Platform ID = 29776 X = 117° 47' 54.3" E Y = 00° 34' 29.1" N Z = 0.000 Course = 360.000 Speed = 0.00 Altitude = 0.00
<30 Nov 2025 08:42:19> [TSimMgr_Client.LogEventRecv] <0015> UNDEFINED (15)
<30 Nov 2025 08:42:19> [TSimMgr_Server.netRecv_Synch_Pos_VBS] Sender : 192.168.1.50Platform Name : I Gusti Ngurah Rai - 332 ; Platform ID = 29777 X = 118° 00' 29.8" E Y = 00° 39' 25.3" N Z = 0.000 Course = 360.000 Speed = 0.00 Altitude = 0.00
<30 Nov 2025 08:42:19> [TSimMgr_Client.LogEventRecv] <0015> UNDEFINED (15)
<30 Nov 2025 08:42:19> [TSimMgr_Server.netRecv_Synch_Pos_VBS] Sender : 192.168.1.50Platform Name : Karel Satsuitubun - 356 ; Platform ID = 29775 X = 117° 50' 30.4" E Y = 00° 35' 06.3" N Z = 0.000 Course = 0.000 Speed = 0.00 Altitude = 0.00
<30 Nov 2025 08:42:19> [TSimMgr_Client.LogEventRecv] <0015> UNDEFINED (15)
<30 Nov 2025 08:42:19> [TSimMgr_Client.LogEventRecv] <0015> UNDEFINED (15)
<30 Nov 2025 08:42:19> [TSimMgr_Server.netRecv_Synch_Pos_VBS] Sender : 192.168.1.50Platform Name : Makassar - 590 ; Platform ID = 29768 X = 117° 54' 48.9" E Y = 00° 33' 00.4" N Z = 0.000 Course = 360.000 Speed = 0.00 Altitude = 0.00
<30 Nov 2025 08:42:19> [TSimMgr_Server.netRecv_Synch_Pos_VBS] Sender : 192.168.1.50Platform Name : Surabaya - 591 ; Platform ID = 29769 X = 117° 51' 17.2" E Y = 00° 35' 08.2" N Z = 0.000 Course = 360.000 Speed = 0.00 Altitude = 0.00
<30 Nov 2025 08:42:19> [TSimMgr_Server.netRecv_Synch_Pos_VBS] Sender : 192.168.1.50Platform Name : Teluk Bintuni - 520 ; Platform ID = 29770 X = 117° 58' 00.6" E Y = 00° 34' 28.2" N Z = 0.000 Course = 0.000 Speed = 0.00 Altitude = 0.00
<30 Nov 2025 08:42:19> [TSimMgr_Server.netRecv_Synch_Pos_VBS] Sender : 192.168.1.50Platform Name : Teluk Wondama - 527 ; Platform ID = 29773 X = 117° 54' 00.2" E Y = 00° 37' 07.4" N Z = 0.000 Course = 0.000 Speed = 0.00 Altitude = 0.00
<30 Nov 2025 08:42:19> [TSimMgr_Server.netRecv_Synch_Pos_VBS] Sender : 192.168.1.50Platform Name : Usman-Harun - 359 ; Platform ID = 29800 X = 117° 48' 41.2" E Y = 00° 31' 15.2" N Z = 0.000 Course = 360.000 Speed = 0.00 Altitude = 0.00
<30 Nov 2025 08:42:19> [TSimMgr_Client.LogEventRecv] <0015> UNDEFINED (15)
<30 Nov 2025 08:42:19> [TSimMgr_Server.netRecv_Synch_Pos_VBS] Sender : 192.168.1.50Platform Name : Usman-Harun - 359 ; Platform ID = 29800 X = 117° 48' 41.2" E Y = 00° 31' 15.2" N Z = 0.000 Course = 360.000 Speed = 0.00 Altitude = 0.00
<30 Nov 2025 08:42:19> [TSimMgr_Server.netRecv_Synch_Pos_VBS] Sender : 192.168.1.50Platform Name : Usman-Harun - 359 ; Platform ID = 29800 X = 117° 48' 41.2" E Y = 00° 31' 15.2" N Z = 0.000 Course = 360.000 Speed = 0.00 Altitude = 0.00
<30 Nov 2025 08:42:19> [TSimMgr_Server.netRecv_Synch_Pos_VBS] Sender : 192.168.1.50Platform Name : Usman-Harun - 359 ; Platform ID = 29800 X = 117° 48' 41.2" E Y = 00° 31' 15.2" N Z = 0.000 Course = 360.000 Speed = 0.00 Altitude = 0.00
<30 Nov 2025 08:42:19> [TSimMgr_Client.LogEventRecv] <0015> UNDEFINED (15)
<30 Nov 2025 08:42:19> [TSimMgr_Client.LogEventRecv] <0015> UNDEFINED (15)
<30 Nov 2025 08:42:19> [TSimMgr_Client.LogEventRecv] <0015> UNDEFINED (15)
<30 Nov 2025 08:42:19> [TSimMgr_Client.LogEventRecv] <0015> UNDEFINED (15)
<30 Nov 2025 08:42:19> [TSimMgr_Client.LogEventRecv] <0015> UNDEFINED (15)
<30 Nov 2025 08:42:20> [TSimMgr_Client.LogEventRecv] <0015> UNDEFINED (15)
<30 Nov 2025 08:42:20> [TSimMgr_Client.LogEventRecv] <0015> UNDEFINED (15)
<30 Nov 2025 08:42:20> [TSimMgr_Client.LogEventRecv] <0015> UNDEFINED (15)
<30 Nov 2025 08:42:20> [TSimMgr_Client.LogEventRecv] <0015> UNDEFINED (15)
<30 Nov 2025 08:42:20> [TSimMgr_Client.LogEventRecv] <0015> UNDEFINED (15)
<30 Nov 2025 08:42:20> [TSimMgr_Client.LogEventRecv] <0015> UNDEFINED (15)
<30 Nov 2025 08:42:20> [TSimMgr_Client.LogEventRecv] <0015> UNDEFINED (15)
<30 Nov 2025 08:42:20> [TSimMgr_Client.LogEventRecv] <0015> UNDEFINED (15)
<30 Nov 2025 08:42:20> [TSimMgr_Client.LogEventRecv] <0015> UNDEFINED (15)
<30 Nov 2025 08:42:20> [TSimMgr_Client.LogEventRecv] <0015> UNDEFINED (15)
<30 Nov 2025 08:42:20> [TSimMgr_Client.LogEventRecv] <0015> UNDEFINED (15)
<30 Nov 2025 08:42:20> [TSimMgr_Client.LogEventRecv] <0015> UNDEFINED (15)
<30 Nov 2025 08:42:20> [TSimMgr_Client.LogEventRecv] <0015> UNDEFINED (15)
<30 Nov 2025 08:42:20> [TSimMgr_Client.LogEventRecv] <0015> UNDEFINED (15)
<30 Nov 2025 08:42:20> [TSimMgr_Client.LogEventRecv] <0015> UNDEFINED (15)
<30 Nov 2025 08:42:20> [TSimMgr_Client.LogEventRecv] <0015> UNDEFINED (15)
<30 Nov 2025 08:42:20> [TSimMgr_Client.LogEventRecv] <0015> UNDEFINED (15)
<30 Nov 2025 08:42:20> [TSimMgr_Client.LogEventRecv] <0015> UNDEFINED (15)
<30 Nov 2025 08:42:20> [TSimMgr_Client.LogEventRecv] <0015> UNDEFINED (15)
<30 Nov 2025 08:42:20> [TSimMgr_Client.LogEventRecv] <0015> UNDEFINED (15)
<30 Nov 2025 08:42:20> [TSimMgr_Client.LogEventRecv] <0015> UNDEFINED (15)
<30 Nov 2025 08:42:20> [TSimMgr_Client.LogEventRecv] <0015> UNDEFINED (15)
<30 Nov 2025 08:42:20> [TSimMgr_Client.LogEventRecv] <0015> UNDEFINED (15)
<30 Nov 2025 08:42:20> [TSimMgr_Client.LogEventRecv] <0015> UNDEFINED (15)
<30 Nov 2025 08:42:20> [TSimMgr_Client.LogEventRecv] <0015> UNDEFINED (15)
<30 Nov 2025 08:42:20> [TSimMgr_Client.LogEventRecv] <0015> UNDEFINED (15)
<30 Nov 2025 08:42:20> [TSimMgr_Client.LogEventRecv] <0015> UNDEFINED (15)
<30 Nov 2025 08:42:20> [TSimMgr_Client.LogEventRecv] <0015> UNDEFINED (15)
<30 Nov 2025 08:42:21> [TSimMgr_Server.netRecv_Synch_Pos_VBS] Sender : 192.168.1.50Platform Name : Ahmad Yani - 351 ; Platform ID = 29774 X = 117° 56' 47.4" E Y = 00° 38' 16.1" N Z = 0.000 Course = 0.000 Speed = 0.00 Altitude = 0.00
<30 Nov 2025 08:42:21> [TSimMgr_Server.netRecv_Synch_Pos_VBS] Sender : 192.168.1.50Platform Name : Bung Tomo - 357 ; Platform ID = 29799 X = 117° 51' 42.5" E Y = 00° 30' 57.0" N Z = 0.000 Course = 360.000 Speed = 0.00 Altitude = 0.00
<30 Nov 2025 08:42:21> [TSimMgr_Server.netRecv_Synch_Pos_VBS] Sender : 192.168.1.50Platform Name : Diponegoro - 365 ; Platform ID = 29801 X = 118° 00' 16.1" E Y = 00° 36' 17.3" N Z = 0.000 Course = 360.000 Speed = 0.00 Altitude = 0.00
<30 Nov 2025 08:42:21> [TSimMgr_Server.netRecv_Synch_Pos_VBS] Sender : 192.168.1.50Platform Name : Frans Kaisiepo - 368 ; Platform ID = 29776 X = 117° 47' 54.3" E Y = 00° 34' 29.1" N Z = 0.000 Course = 360.000 Speed = 0.00 Altitude = 0.00
<30 Nov 2025 08:42:21> [TSimMgr_Server.netRecv_Synch_Pos_VBS] Sender : 192.168.1.50Platform Name : I Gusti Ngurah Rai - 332 ; Platform ID = 29777 X = 118° 00' 29.8" E Y = 00° 39' 25.3" N Z = 0.000 Course = 360.000 Speed = 0.00 Altitude = 0.00
<30 Nov 2025 08:42:21> [TSimMgr_Server.netRecv_Synch_Pos_VBS] Sender : 192.168.1.50Platform Name : Karel Satsuitubun - 356 ; Platform ID = 29775 X = 117° 50' 30.4" E Y = 00° 35' 06.3" N Z = 0.000 Course = 0.000 Speed = 0.00 Altitude = 0.00
<30 Nov 2025 08:42:21> [TSimMgr_Server.netRecv_Synch_Pos_VBS] Sender : 192.168.1.50Platform Name : Karel Satsuitubun - 356 ; Platform ID = 29775 X = 117° 50' 30.4" E Y = 00° 35' 06.3" N Z = 0.000 Course = 0.000 Speed = 0.00 Altitude = 0.00
<30 Nov 2025 08:42:21> [TSimMgr_Server.netRecv_Synch_Pos_VBS] Sender : 192.168.1.50Platform Name : Karel Satsuitubun - 356 ; Platform ID = 29775 X = 117° 50' 30.4" E Y = 00° 35' 06.3" N Z = 0.000 Course = 0.000 Speed = 0.00 Altitude = 0.00
<30 Nov 2025 08:42:21> [TSimMgr_Server.netRecv_Synch_Pos_VBS] Sender : 192.168.1.50Platform Name : Karel Satsuitubun - 356 ; Platform ID = 29775 X = 117° 50' 30.4" E Y = 00° 35' 06.3" N Z = 0.000 Course = 0.000 Speed = 0.00 Altitude = 0.00
<30 Nov 2025 08:42:21> [TSimMgr_Server.netRecv_Synch_Pos_VBS] Sender : 192.168.1.50Platform Name : Karel Satsuitubun - 356 ; Platform ID = 29775 X = 117° 50' 30.4" E Y = 00° 35' 06.3" N Z = 0.000 Course = 0.000 Speed = 0.00 Altitude = 0.00
<30 Nov 2025 08:42:21> [TSimMgr_Server.netRecv_Synch_Pos_VBS] Sender : 192.168.1.50Platform Name : Karel Satsuitubun - 356 ; Platform ID = 29775 X = 117° 50' 30.4" E Y = 00° 35' 06.3" N Z = 0.000 Course = 0.000 Speed = 0.00 Altitude = 0.00
<30 Nov 2025 08:42:21> [TSimMgr_Client.LogEventRecv] <0015> UNDEFINED (15)
<30 Nov 2025 08:42:21> [TSimMgr_Server.netRecv_Synch_Pos_VBS] Sender : 192.168.1.50Platform Name : Makassar - 590 ; Platform ID = 29768 X = 117° 54' 48.9" E Y = 00° 33' 00.4" N Z = 0.000 Course = 360.000 Speed = 0.00 Altitude = 0.00
<30 Nov 2025 08:42:21> [TSimMgr_Client.LogEventRecv] <0015> UNDEFINED (15)
<30 Nov 2025 08:42:21> [TSimMgr_Server.netRecv_Synch_Pos_VBS] Sender : 192.168.1.50Platform Name : Surabaya - 591 ; Platform ID = 29769 X = 117° 51' 17.2" E Y = 00° 35' 08.2" N Z = 0.000 Course = 360.000 Speed = 0.00 Altitude = 0.00
<30 Nov 2025 08:42:21> [TSimMgr_Client.LogEventRecv] <0015> UNDEFINED (15)
<30 Nov 2025 08:42:21> [TSimMgr_Server.netRecv_Synch_Pos_VBS] Sender : 192.168.1.50Platform Name : Teluk Bintuni - 520 ; Platform ID = 29770 X = 117° 58' 00.6" E Y = 00° 34' 28.2" N Z = 0.000 Course = 0.000 Speed = 0.00 Altitude = 0.00
<30 Nov 2025 08:42:21> [TSimMgr_Client.LogEventRecv] <0015> UNDEFINED (15)
<30 Nov 2025 08:42:21> [TSimMgr_Server.netRecv_Synch_Pos_VBS] Sender : 192.168.1.50Platform Name : Teluk Wondama - 527 ; Platform ID = 29773 X = 117° 54' 00.2" E Y = 00° 37' 07.4" N Z = 0.000 Course = 0.000 Speed = 0.00 Altitude = 0.00
<30 Nov 2025 08:42:21> [TSimMgr_Server.netRecv_Synch_Pos_VBS] Sender : 192.168.1.50Platform Name : Usman-Harun - 359 ; Platform ID = 29800 X = 117° 48' 41.2" E Y = 00° 31' 15.2" N Z = 0.000 Course = 360.000 Speed = 0.00 Altitude = 0.00
<30 Nov 2025 08:42:21> [TSimMgr_Client.LogEventRecv] <0015> UNDEFINED (15)
<30 Nov 2025 08:42:21> [TSimMgr_Client.LogEventRecv] <0015> UNDEFINED (15)
<30 Nov 2025 08:42:21> [TSimMgr_Client.LogEventRecv] <0015> UNDEFINED (15)
<30 Nov 2025 08:42:21> [TSimMgr_Client.LogEventRecv] <0015> UNDEFINED (15)
<30 Nov 2025 08:42:21> [TSimMgr_Client.LogEventRecv] <0015> UNDEFINED (15)
<30 Nov 2025 08:42:21> [TSimMgr_Client.LogEventRecv] <0015> UNDEFINED (15)
<30 Nov 2025 08:42:21> [TSimMgr_Client.LogEventRecv] <0015> UNDEFINED (15)
<30 Nov 2025 08:42:21> [TSimMgr_Client.LogEventRecv] <0055> CPID_CMD_SYNCH                   
<30 Nov 2025 08:42:21> [TSimMgr_Client.LogEventRecv] <0055> CPID_CMD_SYNCH                   
<30 Nov 2025 08:42:21> [TSimMgr_Client.LogEventRecv] <0015> UNDEFINED (15)
<30 Nov 2025 08:42:21> [TSimMgr_Client.LogEventRecv] <0015> UNDEFINED (15)
<30 Nov 2025 08:42:21> [TSimMgr_Client.LogEventRecv] <0015> UNDEFINED (15)
<30 Nov 2025 08:42:21> [TSimMgr_Client.LogEventRecv] <0015> UNDEFINED (15)
<30 Nov 2025 08:42:21> [TSimMgr_Client.LogEventRecv] <0015> UNDEFINED (15)
<30 Nov 2025 08:42:21> [TSimMgr_Client.LogEventRecv] <0015> UNDEFINED (15)
<30 Nov 2025 08:42:21> [TSimMgr_Client.LogEventRecv] <0015> UNDEFINED (15)
<30 Nov 2025 08:42:21> [TSimMgr_Client.LogEventRecv] <0015> UNDEFINED (15)
<30 Nov 2025 08:54:01> [TSimMgr_Client.LogEventRecv] <0015> UNDEFINED (15)
<30 Nov 2025 08:54:01> [TSimMgr_Client.LogEventRecv] <0015> UNDEFINED (15)
<30 Nov 2025 08:54:01> [TSimMgr_Client.LogEventRecv] <0015> UNDEFINED (15)
<30 Nov 2025 08:54:01> [TSimMgr_Client.LogEventRecv] <0015> UNDEFINED (15)
<30 Nov 2025 08:54:01> [TSimMgr_Client.LogEventRecv] <0015> UNDEFINED (15)
<30 Nov 2025 08:54:01> [TSimMgr_Client.LogEventRecv] <0015> UNDEFINED (15)
<30 Nov 2025 08:54:01> [TSimMgr_Client.LogEventRecv] <0015> UNDEFINED (15)
<30 Nov 2025 08:54:01> [TSimMgr_Client.LogEventRecv] <0015> UNDEFINED (15)
<30 Nov 2025 08:54:01> [TSimMgr_Client.LogEventRecv] <0015> UNDEFINED (15)
<30 Nov 2025 08:54:01> [TSimMgr_Client.LogEventRecv] <0015> UNDEFINED (15)
<30 Nov 2025 08:54:01> [TSimMgr_Client.LogEventRecv] <0015> UNDEFINED (15)
<30 Nov 2025 08:54:01> [TSimMgr_Client.LogEventRecv] <0015> UNDEFINED (15)
<30 Nov 2025 08:54:01> [TSimMgr_Client.LogEventRecv] <0015> UNDEFINED (15)
<30 Nov 2025 08:54:01> [TSimMgr_Client.LogEventRecv] <0015> UNDEFINED (15)
<30 Nov 2025 08:54:01> [TSimMgr_Client.LogEventRecv] <0015> UNDEFINED (15)
<30 Nov 2025 08:54:01> [TSimMgr_Client.LogEventRecv] <0015> UNDEFINED (15)
<30 Nov 2025 08:54:01> [TSimMgr_Client.LogEventRecv] <0015> UNDEFINED (15)
<30 Nov 2025 08:54:01> [TSimMgr_Client.LogEventRecv] <0015> UNDEFINED (15)
<30 Nov 2025 08:54:01> [TSimMgr_Client.LogEventRecv] <0015> UNDEFINED (15)
<30 Nov 2025 08:54:01> [TSimMgr_Client.LogEventRecv] <0015> UNDEFINED (15)
<30 Nov 2025 08:54:01> [TSimMgr_Client.LogEventRecv] <0015> UNDEFINED (15)
<30 Nov 2025 08:54:01> [TSimMgr_Client.LogEventRecv] <0015> UNDEFINED (15)
<30 Nov 2025 08:54:01> [TSimMgr_Client.LogEventRecv] <0015> UNDEFINED (15)
<30 Nov 2025 08:54:01> [TSimMgr_Client.LogEventRecv] <0015> UNDEFINED (15)
<30 Nov 2025 08:54:01> [TSimMgr_Server.netRecv_Synch_Pos_VBS] Sender : 192.168.1.50Platform Name : Ahmad Yani - 351 ; Platform ID = 29774 X = 117° 56' 47.4" E Y = 00° 38' 16.1" N Z = 0.000 Course = 0.000 Speed = 0.00 Altitude = 0.00
<30 Nov 2025 08:54:01> [TSimMgr_Server.netRecv_Synch_Pos_VBS] Sender : 192.168.1.50Platform Name : Bung Tomo - 357 ; Platform ID = 29799 X = 117° 51' 42.5" E Y = 00° 30' 57.0" N Z = 0.000 Course = 360.000 Speed = 0.00 Altitude = 0.00
<30 Nov 2025 08:54:01> [TSimMgr_Server.netRecv_Synch_Pos_VBS] Sender : 192.168.1.50Platform Name : Bung Tomo - 357 ; Platform ID = 29799 X = 117° 51' 42.5" E Y = 00° 30' 57.0" N Z = 0.000 Course = 360.000 Speed = 0.00 Altitude = 0.00
<30 Nov 2025 08:54:01> [TSimMgr_Client.LogEventRecv] <0015> UNDEFINED (15)
<30 Nov 2025 08:54:01> [TSimMgr_Server.netRecv_Synch_Pos_VBS] Sender : 192.168.1.50Platform Name : Diponegoro - 365 ; Platform ID = 29801 X = 118° 00' 16.1" E Y = 00° 36' 17.3" N Z = 0.000 Course = 360.000 Speed = 0.00 Altitude = 0.00
<30 Nov 2025 08:54:01> [TSimMgr_Client.LogEventRecv] <0015> UNDEFINED (15)
<30 Nov 2025 08:54:01> [TSimMgr_Client.LogEventRecv] <0015> UNDEFINED (15)
<30 Nov 2025 08:54:01> [TSimMgr_Server.netRecv_Synch_Pos_VBS] Sender : 192.168.1.50Platform Name : Frans Kaisiepo - 368 ; Platform ID = 29776 X = 117° 47' 54.3" E Y = 00° 34' 29.1" N Z = 0.000 Course = 360.000 Speed = 0.00 Altitude = 0.00
<30 Nov 2025 08:54:01> [TSimMgr_Client.LogEventRecv] <0015> UNDEFINED (15)
<30 Nov 2025 08:54:01> [TSimMgr_Server.netRecv_Synch_Pos_VBS] Sender : 192.168.1.50Platform Name : I Gusti Ngurah Rai - 332 ; Platform ID = 29777 X = 118° 00' 29.8" E Y = 00° 39' 25.3" N Z = 0.000 Course = 360.000 Speed = 0.00 Altitude = 0.00
<30 Nov 2025 08:54:01> [TSimMgr_Server.netRecv_Synch_Pos_VBS] Sender : 192.168.1.50Platform Name : Karel Satsuitubun - 356 ; Platform ID = 29775 X = 117° 50' 30.4" E Y = 00° 35' 06.3" N Z = 0.000 Course = 0.000 Speed = 0.00 Altitude = 0.00
<30 Nov 2025 08:54:01> [TSimMgr_Server.netRecv_Synch_Pos_VBS] Sender : 192.168.1.50Platform Name : Makassar - 590 ; Platform ID = 29768 X = 117° 54' 48.9" E Y = 00° 33' 00.4" N Z = 0.000 Course = 360.000 Speed = 0.00 Altitude = 0.00
<30 Nov 2025 08:54:01> [TSimMgr_Server.netRecv_Synch_Pos_VBS] Sender : 192.168.1.50Platform Name : Surabaya - 591 ; Platform ID = 29769 X = 117° 51' 17.2" E Y = 00° 35' 08.2" N Z = 0.000 Course = 360.000 Speed = 0.00 Altitude = 0.00
<30 Nov 2025 08:54:01> [TSimMgr_Server.netRecv_Synch_Pos_VBS] Sender : 192.168.1.50Platform Name : Surabaya - 591 ; Platform ID = 29769 X = 117° 51' 17.2" E Y = 00° 35' 08.2" N Z = 0.000 Course = 360.000 Speed = 0.00 Altitude = 0.00
<30 Nov 2025 08:54:01> [TSimMgr_Server.netRecv_Synch_Pos_VBS] Sender : 192.168.1.50Platform Name : Surabaya - 591 ; Platform ID = 29769 X = 117° 51' 17.2" E Y = 00° 35' 08.2" N Z = 0.000 Course = 360.000 Speed = 0.00 Altitude = 0.00
<30 Nov 2025 08:54:01> [TSimMgr_Server.netRecv_Synch_Pos_VBS] Sender : 192.168.1.50Platform Name : Surabaya - 591 ; Platform ID = 29769 X = 117° 51' 17.2" E Y = 00° 35' 08.2" N Z = 0.000 Course = 360.000 Speed = 0.00 Altitude = 0.00
<30 Nov 2025 08:54:01> [TSimMgr_Client.LogEventRecv] <0015> UNDEFINED (15)
<30 Nov 2025 08:54:01> [TSimMgr_Server.netRecv_Synch_Pos_VBS] Sender : 192.168.1.50Platform Name : Teluk Bintuni - 520 ; Platform ID = 29770 X = 117° 58' 00.6" E Y = 00° 34' 28.2" N Z = 0.000 Course = 0.000 Speed = 0.00 Altitude = 0.00
<30 Nov 2025 08:54:01> [TSimMgr_Client.LogEventRecv] <0015> UNDEFINED (15)
<30 Nov 2025 08:54:01> [TSimMgr_Server.netRecv_Synch_Pos_VBS] Sender : 192.168.1.50Platform Name : Teluk Wondama - 527 ; Platform ID = 29773 X = 117° 54' 00.2" E Y = 00° 37' 07.4" N Z = 0.000 Course = 0.000 Speed = 0.00 Altitude = 0.00
<30 Nov 2025 08:54:01> [TSimMgr_Client.LogEventRecv] <0015> UNDEFINED (15)
<30 Nov 2025 08:54:01> [TSimMgr_Server.netRecv_Synch_Pos_VBS] Sender : 192.168.1.50Platform Name : Usman-Harun - 359 ; Platform ID = 29800 X = 117° 48' 41.2" E Y = 00° 31' 15.2" N Z = 0.000 Course = 360.000 Speed = 0.00 Altitude = 0.00
<30 Nov 2025 08:54:01> [TSimMgr_Client.LogEventRecv] <0015> UNDEFINED (15)
<30 Nov 2025 08:54:01> [TSimMgr_Client.LogEventRecv] <0015> UNDEFINED (15)
<30 Nov 2025 08:54:01> [TSimMgr_Client.LogEventRecv] <0015> UNDEFINED (15)
<30 Nov 2025 08:54:01> [TSimMgr_Client.LogEventRecv] <0015> UNDEFINED (15)
<30 Nov 2025 08:54:01> [TSimMgr_Client.LogEventRecv] <0015> UNDEFINED (15)
<30 Nov 2025 08:54:01> [TSimMgr_Client.LogEventRecv] <0015> UNDEFINED (15)
<30 Nov 2025 08:54:02> [TSimMgr_Client.LogEventRecv] <0015> UNDEFINED (15)
<30 Nov 2025 08:54:02> [TSimMgr_Client.LogEventRecv] <0015> UNDEFINED (15)
<30 Nov 2025 08:54:02> [TSimMgr_Client.LogEventRecv] <0015> UNDEFINED (15)
<30 Nov 2025 08:54:02> [TSimMgr_Client.LogEventRecv] <0015> UNDEFINED (15)
<30 Nov 2025 08:54:02> [TSimMgr_Client.LogEventRecv] <0015> UNDEFINED (15)
<30 Nov 2025 08:54:02> [TSimMgr_Client.LogEventRecv] <0015> UNDEFINED (15)
<30 Nov 2025 08:54:02> [TSimMgr_Client.LogEventRecv] <0015> UNDEFINED (15)
<30 Nov 2025 08:54:02> [TSimMgr_Client.LogEventRecv] <0015> UNDEFINED (15)
<30 Nov 2025 08:54:02> [TSimMgr_Client.LogEventRecv] <0015> UNDEFINED (15)
<30 Nov 2025 08:54:02> [TSimMgr_Client.LogEventRecv] <0015> UNDEFINED (15)
<30 Nov 2025 08:54:02> [TSimMgr_Client.LogEventRecv] <0015> UNDEFINED (15)
<30 Nov 2025 08:54:02> [TSimMgr_Client.LogEventRecv] <0015> UNDEFINED (15)
<30 Nov 2025 08:54:02> [TSimMgr_Client.LogEventRecv] <0015> UNDEFINED (15)
<30 Nov 2025 08:54:02> [TSimMgr_Client.LogEventRecv] <0015> UNDEFINED (15)
<30 Nov 2025 08:54:02> [TSimMgr_Client.LogEventRecv] <0015> UNDEFINED (15)
<30 Nov 2025 08:54:02> [TSimMgr_Client.LogEventRecv] <0015> UNDEFINED (15)
<30 Nov 2025 08:54:02> [TSimMgr_Client.LogEventRecv] <0015> UNDEFINED (15)
<30 Nov 2025 08:54:02> [TSimMgr_Client.LogEventRecv] <0015> UNDEFINED (15)
<30 Nov 2025 08:54:02> [TSimMgr_Client.LogEventRecv] <0015> UNDEFINED (15)
<30 Nov 2025 08:54:02> [TSimMgr_Client.LogEventRecv] <0015> UNDEFINED (15)
<30 Nov 2025 08:54:02> [TSimMgr_Client.LogEventRecv] <0015> UNDEFINED (15)
<30 Nov 2025 08:54:02> [TSimMgr_Client.LogEventRecv] <0015> UNDEFINED (15)
<30 Nov 2025 08:54:02> [TSimMgr_Client.LogEventRecv] <0015> UNDEFINED (15)
<30 Nov 2025 08:54:02> [TSimMgr_Client.LogEventRecv] <0015> UNDEFINED (15)
<30 Nov 2025 08:54:02> [TSimMgr_Client.LogEventRecv] <0015> UNDEFINED (15)
<30 Nov 2025 08:54:02> [TSimMgr_Client.LogEventRecv] <0015> UNDEFINED (15)
<30 Nov 2025 08:54:02> [TSimMgr_Client.LogEventRecv] <0015> UNDEFINED (15)
<30 Nov 2025 08:54:02> [TSimMgr_Client.LogEventRecv] <0015> UNDEFINED (15)
<30 Nov 2025 08:54:02> [TSimMgr_Client.LogEventRecv] <0015> UNDEFINED (15)
<30 Nov 2025 08:54:02> [TSimMgr_Client.LogEventRecv] <0015> UNDEFINED (15)
<30 Nov 2025 08:54:02> [TSimMgr_Client.LogEventRecv] <0015> UNDEFINED (15)
<30 Nov 2025 08:54:02> [TSimMgr_Client.LogEventRecv] <0015> UNDEFINED (15)
<30 Nov 2025 08:54:02> [TSimMgr_Client.LogEventRecv] <0015> UNDEFINED (15)
<30 Nov 2025 08:54:02> [TSimMgr_Client.LogEventRecv] <0015> UNDEFINED (15)
<30 Nov 2025 08:54:02> [TSimMgr_Client.LogEventRecv] <0015> UNDEFINED (15)
<30 Nov 2025 08:54:02> [TSimMgr_Client.LogEventRecv] <0015> UNDEFINED (15)
<30 Nov 2025 08:54:02> [TSimMgr_Client.LogEventRecv] <0015> UNDEFINED (15)
<30 Nov 2025 08:54:02> [TSimMgr_Client.LogEventRecv] <0015> UNDEFINED (15)
<30 Nov 2025 08:54:02> [TSimMgr_Client.LogEventRecv] <0015> UNDEFINED (15)
<30 Nov 2025 08:54:03> [TSimMgr_Client.LogEventRecv] <0015> UNDEFINED (15)
<30 Nov 2025 08:54:03> [TSimMgr_Server.netRecv_Synch_Pos_VBS] Sender : 192.168.1.50Platform Name : Ahmad Yani - 351 ; Platform ID = 29774 X = 117° 56' 47.4" E Y = 00° 38' 16.1" N Z = 0.000 Course = 0.000 Speed = 0.00 Altitude = 0.00
<30 Nov 2025 08:54:03> [TSimMgr_Server.netRecv_Synch_Pos_VBS] Sender : 192.168.1.50Platform Name : Bung Tomo - 357 ; Platform ID = 29799 X = 117° 51' 42.5" E Y = 00° 30' 57.0" N Z = 0.000 Course = 360.000 Speed = 0.00 Altitude = 0.00
<30 Nov 2025 08:54:03> [TSimMgr_Client.LogEventRecv] <0015> UNDEFINED (15)
<30 Nov 2025 08:54:03> [TSimMgr_Server.netRecv_Synch_Pos_VBS] Sender : 192.168.1.50Platform Name : Diponegoro - 365 ; Platform ID = 29801 X = 118° 00' 16.1" E Y = 00° 36' 17.3" N Z = 0.000 Course = 360.000 Speed = 0.00 Altitude = 0.00
<30 Nov 2025 08:54:03> [TSimMgr_Client.LogEventRecv] <0015> UNDEFINED (15)
<30 Nov 2025 08:54:03> [TSimMgr_Server.netRecv_Synch_Pos_VBS] Sender : 192.168.1.50Platform Name : Frans Kaisiepo - 368 ; Platform ID = 29776 X = 117° 47' 54.3" E Y = 00° 34' 29.1" N Z = 0.000 Course = 360.000 Speed = 0.00 Altitude = 0.00
<30 Nov 2025 08:54:03> [TSimMgr_Client.LogEventRecv] <0015> UNDEFINED (15)
<30 Nov 2025 08:54:03> [TSimMgr_Server.netRecv_Synch_Pos_VBS] Sender : 192.168.1.50Platform Name : I Gusti Ngurah Rai - 332 ; Platform ID = 29777 X = 118° 00' 29.8" E Y = 00° 39' 25.3" N Z = 0.000 Course = 360.000 Speed = 0.00 Altitude = 0.00
<30 Nov 2025 08:54:03> [TSimMgr_Client.LogEventRecv] <0015> UNDEFINED (15)
<30 Nov 2025 08:54:03> [TSimMgr_Server.netRecv_Synch_Pos_VBS] Sender : 192.168.1.50Platform Name : Karel Satsuitubun - 356 ; Platform ID = 29775 X = 117° 50' 30.4" E Y = 00° 35' 06.3" N Z = 0.000 Course = 0.000 Speed = 0.00 Altitude = 0.00
<30 Nov 2025 08:54:03> [TSimMgr_Server.netRecv_Synch_Pos_VBS] Sender : 192.168.1.50Platform Name : Makassar - 590 ; Platform ID = 29768 X = 117° 54' 48.9" E Y = 00° 33' 00.4" N Z = 0.000 Course = 360.000 Speed = 0.00 Altitude = 0.00
<30 Nov 2025 08:54:03> [TSimMgr_Server.netRecv_Synch_Pos_VBS] Sender : 192.168.1.50Platform Name : Makassar - 590 ; Platform ID = 29768 X = 117° 54' 48.9" E Y = 00° 33' 00.4" N Z = 0.000 Course = 360.000 Speed = 0.00 Altitude = 0.00
<30 Nov 2025 08:54:03> [TSimMgr_Server.netRecv_Synch_Pos_VBS] Sender : 192.168.1.50Platform Name : Surabaya - 591 ; Platform ID = 29769 X = 117° 51' 17.2" E Y = 00° 35' 08.2" N Z = 0.000 Course = 360.000 Speed = 0.00 Altitude = 0.00
<30 Nov 2025 08:54:03> [TSimMgr_Client.LogEventRecv] <0015> UNDEFINED (15)
<30 Nov 2025 08:54:03> [TSimMgr_Server.netRecv_Synch_Pos_VBS] Sender : 192.168.1.50Platform Name : Teluk Bintuni - 520 ; Platform ID = 29770 X = 117° 58' 00.6" E Y = 00° 34' 28.2" N Z = 0.000 Course = 0.000 Speed = 0.00 Altitude = 0.00
<30 Nov 2025 08:54:03> [TSimMgr_Client.LogEventRecv] <0015> UNDEFINED (15)
<30 Nov 2025 08:54:03> [TSimMgr_Server.netRecv_Synch_Pos_VBS] Sender : 192.168.1.50Platform Name : Teluk Wondama - 527 ; Platform ID = 29773 X = 117° 54' 00.2" E Y = 00° 37' 07.4" N Z = 0.000 Course = 0.000 Speed = 0.00 Altitude = 0.00
<30 Nov 2025 08:54:03> [TSimMgr_Client.LogEventRecv] <0015> UNDEFINED (15)
<30 Nov 2025 08:54:03> [TSimMgr_Server.netRecv_Synch_Pos_VBS] Sender : 192.168.1.50Platform Name : Usman-Harun - 359 ; Platform ID = 29800 X = 117° 48' 41.2" E Y = 00° 31' 15.2" N Z = 0.000 Course = 360.000 Speed = 0.00 Altitude = 0.00
<30 Nov 2025 08:54:03> [TSimMgr_Client.LogEventRecv] <0015> UNDEFINED (15)
<30 Nov 2025 08:54:04> [TSimMgr_Client.LogEventRecv] <0059> CPID_CMD_GAME_CTRL               
<30 Nov 2025 08:54:04> [TSimMgr_Client.LogEventRecv] <0061> CPID_CMD_LAUNCH_RUNTIME_PLATFORM 
<30 Nov 2025 08:54:04> [TT3Unit.SetInstanceIndex] InstanceName : Australia - Collins ; InstanceIndex : 29900
<30 Nov 2025 08:54:04> [TT3ClientEventManager.OnSensorDetect] Visual detect Ahmad Yani - 351
<30 Nov 2025 08:54:04> [TSimMgr_Server.netRecv_Synch_Pos_VBS] Sender : 192.168.1.50Platform Name : Ahmad Yani - 351 ; Platform ID = 29774 X = 117° 56' 47.4" E Y = 00° 38' 16.1" N Z = 0.000 Course = 0.000 Speed = 0.00 Altitude = 0.00
<30 Nov 2025 08:54:04> [TSimMgr_Server.netRecv_Synch_Pos_VBS] Sender : 192.168.1.50Platform Name : Bung Tomo - 357 ; Platform ID = 29799 X = 117° 51' 42.5" E Y = 00° 30' 57.0" N Z = 0.000 Course = 360.000 Speed = 0.00 Altitude = 0.00
<30 Nov 2025 08:54:04> [TSimMgr_Server.netRecv_Synch_Pos_VBS] Sender : 192.168.1.50Platform Name : Diponegoro - 365 ; Platform ID = 29801 X = 118° 00' 16.1" E Y = 00° 36' 17.3" N Z = 0.000 Course = 360.000 Speed = 0.00 Altitude = 0.00
<30 Nov 2025 08:54:04> [TSimMgr_Server.netRecv_Synch_Pos_VBS] Sender : 192.168.1.50Platform Name : Frans Kaisiepo - 368 ; Platform ID = 29776 X = 117° 47' 54.3" E Y = 00° 34' 29.1" N Z = 0.000 Course = 360.000 Speed = 0.00 Altitude = 0.00
<30 Nov 2025 08:54:04> [TSimMgr_Server.netRecv_Synch_Pos_VBS] Sender : 192.168.1.50Platform Name : I Gusti Ngurah Rai - 332 ; Platform ID = 29777 X = 118° 00' 29.8" E Y = 00° 39' 25.3" N Z = 0.000 Course = 360.000 Speed = 0.00 Altitude = 0.00
<30 Nov 2025 08:54:04> [TSimMgr_Server.netRecv_Synch_Pos_VBS] Sender : 192.168.1.50Platform Name : Karel Satsuitubun - 356 ; Platform ID = 29775 X = 117° 50' 30.4" E Y = 00° 35' 06.3" N Z = 0.000 Course = 0.000 Speed = 0.00 Altitude = 0.00
<30 Nov 2025 08:54:04> [TSimMgr_Server.netRecv_Synch_Pos_VBS] Sender : 192.168.1.50Platform Name : Makassar - 590 ; Platform ID = 29768 X = 117° 54' 48.9" E Y = 00° 33' 00.4" N Z = 0.000 Course = 360.000 Speed = 0.00 Altitude = 0.00
<30 Nov 2025 08:54:04> [TSimMgr_Server.netRecv_Synch_Pos_VBS] Sender : 192.168.1.50Platform Name : Makassar - 590 ; Platform ID = 29768 X = 117° 54' 48.9" E Y = 00° 33' 00.4" N Z = 0.000 Course = 360.000 Speed = 0.00 Altitude = 0.00
<30 Nov 2025 08:54:04> [TSimMgr_Server.netRecv_Synch_Pos_VBS] Sender : 192.168.1.50Platform Name : Makassar - 590 ; Platform ID = 29768 X = 117° 54' 48.9" E Y = 00° 33' 00.4" N Z = 0.000 Course = 360.000 Speed = 0.00 Altitude = 0.00
<30 Nov 2025 08:54:04> [TSimMgr_Server.netRecv_Synch_Pos_VBS] Sender : 192.168.1.50Platform Name : Surabaya - 591 ; Platform ID = 29769 X = 117° 51' 17.2" E Y = 00° 35' 08.2" N Z = 0.000 Course = 360.000 Speed = 0.00 Altitude = 0.00
<30 Nov 2025 08:54:04> [TSimMgr_Server.netRecv_Synch_Pos_VBS] Sender : 192.168.1.50Platform Name : Teluk Bintuni - 520 ; Platform ID = 29770 X = 117° 58' 00.6" E Y = 00° 34' 28.2" N Z = 0.000 Course = 0.000 Speed = 0.00 Altitude = 0.00
<30 Nov 2025 08:54:04> [TSimMgr_Server.netRecv_Synch_Pos_VBS] Sender : 192.168.1.50Platform Name : Teluk Wondama - 527 ; Platform ID = 29773 X = 117° 54' 00.2" E Y = 00° 37' 07.4" N Z = 0.000 Course = 0.000 Speed = 0.00 Altitude = 0.00
<30 Nov 2025 08:54:04> [TSimMgr_Server.netRecv_Synch_Pos_VBS] Sender : 192.168.1.50Platform Name : Usman-Harun - 359 ; Platform ID = 29800 X = 117° 48' 41.2" E Y = 00° 31' 15.2" N Z = 0.000 Course = 360.000 Speed = 0.00 Altitude = 0.00
<30 Nov 2025 08:54:04> [TSimMgr_Server.netRecv_Synch_Pos_VBS] Sender : 192.168.1.50Platform Name : Australia - Collins ; Platform ID = 29900 X = 117° 55' 39.7" E Y = 00° 39' 00.9" N Z = 0.000 Course = 359.999 Speed = 0.00 Altitude = 0.00
<30 Nov 2025 08:54:04> [TSimMgr_Server.netRecv_Synch_Pos_VBS] Sender : 192.168.1.50Platform Name : Australia - Collins ; Platform ID = 29900 X = 117° 55' 39.7" E Y = 00° 39' 00.9" N Z = 0.000 Course = 359.999 Speed = 0.00 Altitude = 0.00
<30 Nov 2025 08:54:04> [TSimMgr_Client.LogEventRecv] <0031> CPID_UDP_PLATFORM_MOVE
<30 Nov 2025 08:54:04> [TSimMgr_Client.LogEventRecv] <0031> CPID_UDP_PLATFORM_MOVE
<30 Nov 2025 08:54:04> [TSimMgr_Client.LogEventRecv] <0031> CPID_UDP_PLATFORM_MOVE
<30 Nov 2025 08:54:04> [TSimMgr_Client.LogEventRecv] <0031> CPID_UDP_PLATFORM_MOVE
<30 Nov 2025 08:54:04> [TSimMgr_Client.LogEventRecv] <0031> CPID_UDP_PLATFORM_MOVE
<30 Nov 2025 08:54:04> [TSimMgr_Client.LogEventRecv] <0031> CPID_UDP_PLATFORM_MOVE
<30 Nov 2025 08:54:04> [TSimMgr_Client.LogEventRecv] <0031> CPID_UDP_PLATFORM_MOVE
<30 Nov 2025 08:54:04> [TSimMgr_Client.LogEventRecv] <0031> CPID_UDP_PLATFORM_MOVE
<30 Nov 2025 08:54:04> [TSimMgr_Client.LogEventRecv] <0031> CPID_UDP_PLATFORM_MOVE
<30 Nov 2025 08:54:04> [TSimMgr_Client.LogEventRecv] <0031> CPID_UDP_PLATFORM_MOVE
<30 Nov 2025 08:54:04> [TSimMgr_Client.LogEventRecv] <0031> CPID_UDP_PLATFORM_MOVE
<30 Nov 2025 08:54:04> [TSimMgr_Client.LogEventRecv] <0031> CPID_UDP_PLATFORM_MOVE
<30 Nov 2025 08:54:04> [TSimMgr_Client.LogEventRecv] <0031> CPID_UDP_PLATFORM_MOVE
<30 Nov 2025 08:54:04> [TSimMgr_Client.LogEventRecv] <0031> CPID_UDP_PLATFORM_MOVE
<30 Nov 2025 08:54:04> [TSimMgr_Client.LogEventRecv] <0031> CPID_UDP_PLATFORM_MOVE
<30 Nov 2025 08:54:04> [TSimMgr_Client.LogEventRecv] <0031> CPID_UDP_PLATFORM_MOVE
<30 Nov 2025 08:54:04> [TSimMgr_Client.LogEventRecv] <0031> CPID_UDP_PLATFORM_MOVE
<30 Nov 2025 08:54:04> [TSimMgr_Client.LogEventRecv] <0031> CPID_UDP_PLATFORM_MOVE
<30 Nov 2025 08:54:04> [TSimMgr_Client.LogEventRecv] <0031> CPID_UDP_PLATFORM_MOVE
<30 Nov 2025 08:54:04> [TSimMgr_Client.LogEventRecv] <0031> CPID_UDP_PLATFORM_MOVE
<30 Nov 2025 08:54:04> [TSimMgr_Client.LogEventRecv] <0031> CPID_UDP_PLATFORM_MOVE
<30 Nov 2025 08:54:04> [TSimMgr_Client.LogEventRecv] <0031> CPID_UDP_PLATFORM_MOVE
<30 Nov 2025 08:54:04> [TSimMgr_Client.LogEventRecv] <0031> CPID_UDP_PLATFORM_MOVE
<30 Nov 2025 08:54:04> [TSimMgr_Client.LogEventRecv] <0031> CPID_UDP_PLATFORM_MOVE
<30 Nov 2025 08:54:04> [TSimMgr_Client.LogEventRecv] <0031> CPID_UDP_PLATFORM_MOVE
<30 Nov 2025 08:54:04> [TSimMgr_Client.LogEventRecv] <0031> CPID_UDP_PLATFORM_MOVE
<30 Nov 2025 08:54:04> [TSimMgr_Client.LogEventRecv] <0031> CPID_UDP_PLATFORM_MOVE
<30 Nov 2025 08:54:05> [TSimMgr_Client.LogEventRecv] <0031> CPID_UDP_PLATFORM_MOVE
<30 Nov 2025 08:54:05> [TSimMgr_Client.LogEventRecv] <0031> CPID_UDP_PLATFORM_MOVE
<30 Nov 2025 08:54:05> [TSimMgr_Client.LogEventRecv] <0031> CPID_UDP_PLATFORM_MOVE
<30 Nov 2025 08:54:05> [TSimMgr_Client.LogEventRecv] <0031> CPID_UDP_PLATFORM_MOVE
<30 Nov 2025 08:54:05> [TSimMgr_Client.LogEventRecv] <0031> CPID_UDP_PLATFORM_MOVE
<30 Nov 2025 08:54:05> [TSimMgr_Client.LogEventRecv] <0031> CPID_UDP_PLATFORM_MOVE
<30 Nov 2025 08:54:05> [TSimMgr_Client.LogEventRecv] <0031> CPID_UDP_PLATFORM_MOVE
<30 Nov 2025 08:54:05> [TSimMgr_Client.LogEventRecv] <0031> CPID_UDP_PLATFORM_MOVE
<30 Nov 2025 08:54:05> [TSimMgr_Client.LogEventRecv] <0055> CPID_CMD_SYNCH                   
<30 Nov 2025 08:54:05> [TSimMgr_Client.LogEventRecv] <0031> CPID_UDP_PLATFORM_MOVE
<30 Nov 2025 08:54:05> [TSimMgr_Client.LogEventRecv] <0031> CPID_UDP_PLATFORM_MOVE
<30 Nov 2025 08:54:05> [TSimMgr_Client.LogEventRecv] <0031> CPID_UDP_PLATFORM_MOVE
<30 Nov 2025 08:54:05> [TSimMgr_Client.LogEventRecv] <0031> CPID_UDP_PLATFORM_MOVE
<30 Nov 2025 08:54:05> [TSimMgr_Client.LogEventRecv] <0031> CPID_UDP_PLATFORM_MOVE
<30 Nov 2025 08:54:05> [TSimMgr_Client.LogEventRecv] <0031> CPID_UDP_PLATFORM_MOVE
<30 Nov 2025 08:54:05> [TSimMgr_Client.LogEventRecv] <0031> CPID_UDP_PLATFORM_MOVE
<30 Nov 2025 08:54:05> [TSimMgr_Client.LogEventRecv] <0031> CPID_UDP_PLATFORM_MOVE
<30 Nov 2025 08:54:05> [TSimMgr_Client.LogEventRecv] <0031> CPID_UDP_PLATFORM_MOVE
<30 Nov 2025 08:54:05> [TSimMgr_Client.LogEventRecv] <0031> CPID_UDP_PLATFORM_MOVE
<30 Nov 2025 08:54:05> [TSimMgr_Client.LogEventRecv] <0031> CPID_UDP_PLATFORM_MOVE
<30 Nov 2025 08:54:05> [TSimMgr_Client.LogEventRecv] <0031> CPID_UDP_PLATFORM_MOVE
<30 Nov 2025 08:54:05> [TSimMgr_Client.LogEventRecv] <0031> CPID_UDP_PLATFORM_MOVE
<30 Nov 2025 08:54:05> [TSimMgr_Client.LogEventRecv] <0031> CPID_UDP_PLATFORM_MOVE
<30 Nov 2025 08:54:05> [TSimMgr_Client.LogEventRecv] <0031> CPID_UDP_PLATFORM_MOVE
<30 Nov 2025 08:54:05> [TSimMgr_Client.LogEventRecv] <0031> CPID_UDP_PLATFORM_MOVE
<30 Nov 2025 08:54:05> [TSimMgr_Client.LogEventRecv] <0055> CPID_CMD_SYNCH                   
<30 Nov 2025 08:54:05> [TSimMgr_Client.LogEventRecv] <0015> UNDEFINED (15)
<30 Nov 2025 08:54:05> [TSimMgr_Client.LogEventRecv] <0015> UNDEFINED (15)
<30 Nov 2025 08:54:05> [TSimMgr_Client.LogEventRecv] <0015> UNDEFINED (15)
<30 Nov 2025 08:54:05> [TSimMgr_Client.LogEventRecv] <0015> UNDEFINED (15)
<30 Nov 2025 08:54:05> [TSimMgr_Client.LogEventRecv] <0015> UNDEFINED (15)
<30 Nov 2025 08:54:05> [TSimMgr_Client.LogEventRecv] <0015> UNDEFINED (15)
<30 Nov 2025 08:54:05> [TSimMgr_Client.LogEventRecv] <0015> UNDEFINED (15)
<30 Nov 2025 08:54:05> [TSimMgr_Client.LogEventRecv] <0015> UNDEFINED (15)
<30 Nov 2025 08:54:05> [TSimMgr_Client.LogEventRecv] <0015> UNDEFINED (15)
<30 Nov 2025 08:54:05> [TSimMgr_Client.LogEventRecv] <0015> UNDEFINED (15)
<30 Nov 2025 08:54:05> [TSimMgr_Client.LogEventRecv] <0015> UNDEFINED (15)
<30 Nov 2025 08:54:05> [TSimMgr_Client.LogEventRecv] <0015> UNDEFINED (15)
<30 Nov 2025 08:54:05> [TSimMgr_Client.LogEventRecv] <0015> UNDEFINED (15)
<30 Nov 2025 08:54:05> [TSimMgr_Client.LogEventRecv] <0015> UNDEFINED (15)
<30 Nov 2025 08:54:05> [TSimMgr_Client.LogEventRecv] <0015> UNDEFINED (15)
<30 Nov 2025 08:54:05> [TSimMgr_Client.LogEventRecv] <0015> UNDEFINED (15)
<30 Nov 2025 08:54:05> [TSimMgr_Client.LogEventRecv] <0015> UNDEFINED (15)
<30 Nov 2025 08:54:05> [TSimMgr_Client.LogEventRecv] <0015> UNDEFINED (15)
<30 Nov 2025 08:54:05> [TSimMgr_Client.LogEventRecv] <0015> UNDEFINED (15)
<30 Nov 2025 08:54:05> [TSimMgr_Client.LogEventRecv] <0015> UNDEFINED (15)
<30 Nov 2025 08:54:05> [TSimMgr_Client.LogEventRecv] <0015> UNDEFINED (15)
<30 Nov 2025 08:54:05> [TSimMgr_Client.LogEventRecv] <0015> UNDEFINED (15)
<30 Nov 2025 08:54:05> [TSimMgr_Client.LogEventRecv] <0015> UNDEFINED (15)
<30 Nov 2025 08:54:05> [TSimMgr_Server.netRecv_Synch_Pos_VBS] Sender : 192.168.1.50Platform Name : Ahmad Yani - 351 ; Platform ID = 29774 X = 117° 56' 47.4" E Y = 00° 38' 16.1" N Z = 0.000 Course = 0.000 Speed = 0.00 Altitude = 0.00
<30 Nov 2025 08:54:05> [TSimMgr_Server.netRecv_Synch_Pos_VBS] Sender : 192.168.1.50Platform Name : Bung Tomo - 357 ; Platform ID = 29799 X = 117° 51' 42.5" E Y = 00° 30' 57.0" N Z = 0.000 Course = 360.000 Speed = 0.00 Altitude = 0.00
<30 Nov 2025 08:54:05> [TSimMgr_Server.netRecv_Synch_Pos_VBS] Sender : 192.168.1.50Platform Name : Diponegoro - 365 ; Platform ID = 29801 X = 118° 00' 16.1" E Y = 00° 36' 17.3" N Z = 0.000 Course = 360.000 Speed = 0.00 Altitude = 0.00
<30 Nov 2025 08:54:05> [TSimMgr_Server.netRecv_Synch_Pos_VBS] Sender : 192.168.1.50Platform Name : Frans Kaisiepo - 368 ; Platform ID = 29776 X = 117° 47' 54.3" E Y = 00° 34' 29.1" N Z = 0.000 Course = 360.000 Speed = 0.00 Altitude = 0.00
<30 Nov 2025 08:54:05> [TSimMgr_Server.netRecv_Synch_Pos_VBS] Sender : 192.168.1.50Platform Name : I Gusti Ngurah Rai - 332 ; Platform ID = 29777 X = 118° 00' 29.8" E Y = 00° 39' 25.3" N Z = 0.000 Course = 360.000 Speed = 0.00 Altitude = 0.00
<30 Nov 2025 08:54:05> [TSimMgr_Server.netRecv_Synch_Pos_VBS] Sender : 192.168.1.50Platform Name : I Gusti Ngurah Rai - 332 ; Platform ID = 29777 X = 118° 00' 29.8" E Y = 00° 39' 25.3" N Z = 0.000 Course = 360.000 Speed = 0.00 Altitude = 0.00
<30 Nov 2025 08:54:05> [TSimMgr_Server.netRecv_Synch_Pos_VBS] Sender : 192.168.1.50Platform Name : I Gusti Ngurah Rai - 332 ; Platform ID = 29777 X = 118° 00' 29.8" E Y = 00° 39' 25.3" N Z = 0.000 Course = 360.000 Speed = 0.00 Altitude = 0.00
<30 Nov 2025 08:54:05> [TSimMgr_Server.netRecv_Synch_Pos_VBS] Sender : 192.168.1.50Platform Name : I Gusti Ngurah Rai - 332 ; Platform ID = 29777 X = 118° 00' 29.8" E Y = 00° 39' 25.3" N Z = 0.000 Course = 360.000 Speed = 0.00 Altitude = 0.00
<30 Nov 2025 08:54:05> [TSimMgr_Client.LogEventRecv] <0015> UNDEFINED (15)
<30 Nov 2025 08:54:05> [TSimMgr_Server.netRecv_Synch_Pos_VBS] Sender : 192.168.1.50Platform Name : I Gusti Ngurah Rai - 332 ; Platform ID = 29777 X = 118° 00' 29.8" E Y = 00° 39' 25.3" N Z = 0.000 Course = 360.000 Speed = 0.00 Altitude = 0.00
<30 Nov 2025 08:54:05> [TSimMgr_Client.LogEventRecv] <0015> UNDEFINED (15)
<30 Nov 2025 08:54:05> [TSimMgr_Server.netRecv_Synch_Pos_VBS] Sender : 192.168.1.50Platform Name : Karel Satsuitubun - 356 ; Platform ID = 29775 X = 117° 50' 30.4" E Y = 00° 35' 06.3" N Z = 0.000 Course = 0.000 Speed = 0.00 Altitude = 0.00
<30 Nov 2025 08:54:05> [TSimMgr_Client.LogEventRecv] <0015> UNDEFINED (15)
<30 Nov 2025 08:54:05> [TSimMgr_Server.netRecv_Synch_Pos_VBS] Sender : 192.168.1.50Platform Name : Makassar - 590 ; Platform ID = 29768 X = 117° 54' 48.9" E Y = 00° 33' 00.4" N Z = 0.000 Course = 360.000 Speed = 0.00 Altitude = 0.00
<30 Nov 2025 08:54:05> [TSimMgr_Server.netRecv_Synch_Pos_VBS] Sender : 192.168.1.50Platform Name : Surabaya - 591 ; Platform ID = 29769 X = 117° 51' 17.2" E Y = 00° 35' 08.2" N Z = 0.000 Course = 360.000 Speed = 0.00 Altitude = 0.00
<30 Nov 2025 08:54:05> [TSimMgr_Server.netRecv_Synch_Pos_VBS] Sender : 192.168.1.50Platform Name : Teluk Bintuni - 520 ; Platform ID = 29770 X = 117° 58' 00.6" E Y = 00° 34' 28.2" N Z = 0.000 Course = 0.000 Speed = 0.00 Altitude = 0.00
<30 Nov 2025 08:54:05> [TSimMgr_Client.LogEventRecv] <0015> UNDEFINED (15)
<30 Nov 2025 08:54:05> [TSimMgr_Server.netRecv_Synch_Pos_VBS] Sender : 192.168.1.50Platform Name : Teluk Wondama - 527 ; Platform ID = 29773 X = 117° 54' 00.2" E Y = 00° 37' 07.4" N Z = 0.000 Course = 0.000 Speed = 0.00 Altitude = 0.00
<30 Nov 2025 08:54:05> [TSimMgr_Server.netRecv_Synch_Pos_VBS] Sender : 192.168.1.50Platform Name : Usman-Harun - 359 ; Platform ID = 29800 X = 117° 48' 41.2" E Y = 00° 31' 15.2" N Z = 0.000 Course = 360.000 Speed = 0.00 Altitude = 0.00
<30 Nov 2025 08:54:05> [TSimMgr_Server.netRecv_Synch_Pos_VBS] Sender : 192.168.1.50Platform Name : Australia - Collins ; Platform ID = 29900 X = 117° 55' 39.7" E Y = 00° 39' 00.9" N Z = 0.000 Course = 359.999 Speed = 0.00 Altitude = 0.00
<30 Nov 2025 08:54:05> [TSimMgr_Server.netRecv_Synch_Pos_VBS] Sender : 192.168.1.50Platform Name : Australia - Collins ; Platform ID = 29900 X = 117° 55' 39.7" E Y = 00° 39' 00.9" N Z = 0.000 Course = 359.999 Speed = 0.00 Altitude = 0.00
<30 Nov 2025 08:54:05> [TSimMgr_Server.netRecv_Synch_Pos_VBS] Sender : 192.168.1.50Platform Name : Australia - Collins ; Platform ID = 29900 X = 117° 55' 39.7" E Y = 00° 39' 00.9" N Z = 0.000 Course = 359.999 Speed = 0.00 Altitude = 0.00
<30 Nov 2025 08:54:05> [TSimMgr_Server.netRecv_Synch_Pos_VBS] Sender : 192.168.1.50Platform Name : Australia - Collins ; Platform ID = 29900 X = 117° 55' 39.7" E Y = 00° 39' 00.9" N Z = 0.000 Course = 359.999 Speed = 0.00 Altitude = 0.00
<30 Nov 2025 08:54:05> [TSimMgr_Server.netRecv_Synch_Pos_VBS] Sender : 192.168.1.50Platform Name : Australia - Collins ; Platform ID = 29900 X = 117° 55' 39.7" E Y = 00° 39' 00.9" N Z = 0.000 Course = 359.999 Speed = 0.00 Altitude = 0.00
<30 Nov 2025 08:54:05> [TSimMgr_Client.LogEventRecv] <0015> UNDEFINED (15)
<30 Nov 2025 08:54:05> [TSimMgr_Client.LogEventRecv] <0015> UNDEFINED (15)
<30 Nov 2025 08:54:05> [TSimMgr_Client.LogEventRecv] <0015> UNDEFINED (15)
<30 Nov 2025 08:54:05> [TSimMgr_Client.LogEventRecv] <0015> UNDEFINED (15)
<30 Nov 2025 08:54:06> [TSimMgr_Client.LogEventRecv] <0015> UNDEFINED (15)
<30 Nov 2025 08:54:06> [TSimMgr_Client.LogEventRecv] <0015> UNDEFINED (15)
<30 Nov 2025 08:54:06> [TSimMgr_Client.LogEventRecv] <0015> UNDEFINED (15)
<30 Nov 2025 08:54:06> [TSimMgr_Client.LogEventRecv] <0015> UNDEFINED (15)
<30 Nov 2025 08:54:06> [TSimMgr_Client.LogEventRecv] <0015> UNDEFINED (15)
<30 Nov 2025 08:54:06> [TSimMgr_Client.LogEventRecv] <0015> UNDEFINED (15)
<30 Nov 2025 08:54:06> [TSimMgr_Client.LogEventRecv] <0015> UNDEFINED (15)
<30 Nov 2025 08:54:06> [TSimMgr_Client.LogEventRecv] <0015> UNDEFINED (15)
<30 Nov 2025 08:54:06> [TSimMgr_Client.LogEventRecv] <0015> UNDEFINED (15)
<30 Nov 2025 08:54:06> [TSimMgr_Client.LogEventRecv] <0015> UNDEFINED (15)
<30 Nov 2025 08:54:06> [TSimMgr_Client.LogEventRecv] <0015> UNDEFINED (15)
<30 Nov 2025 08:54:06> [TSimMgr_Client.LogEventRecv] <0015> UNDEFINED (15)
<30 Nov 2025 08:54:06> [TSimMgr_Client.LogEventRecv] <0015> UNDEFINED (15)
<30 Nov 2025 08:54:06> [TSimMgr_Client.LogEventRecv] <0015> UNDEFINED (15)
<30 Nov 2025 08:54:06> [TSimMgr_Client.LogEventRecv] <0015> UNDEFINED (15)
<30 Nov 2025 08:54:06> [TSimMgr_Client.LogEventRecv] <0015> UNDEFINED (15)
<30 Nov 2025 08:54:06> [TSimMgr_Client.LogEventRecv] <0015> UNDEFINED (15)
<30 Nov 2025 08:54:06> [TSimMgr_Client.LogEventRecv] <0015> UNDEFINED (15)
<30 Nov 2025 08:54:06> [TSimMgr_Client.LogEventRecv] <0015> UNDEFINED (15)
<30 Nov 2025 08:54:06> [TSimMgr_Client.LogEventRecv] <0015> UNDEFINED (15)
<30 Nov 2025 08:54:06> [TSimMgr_Client.LogEventRecv] <0015> UNDEFINED (15)
<30 Nov 2025 08:54:06> [TSimMgr_Client.LogEventRecv] <0015> UNDEFINED (15)
<30 Nov 2025 08:54:06> [TSimMgr_Client.LogEventRecv] <0015> UNDEFINED (15)
<30 Nov 2025 08:54:06> [TSimMgr_Client.LogEventRecv] <0015> UNDEFINED (15)
<30 Nov 2025 08:54:06> [TSimMgr_Client.LogEventRecv] <0015> UNDEFINED (15)
<30 Nov 2025 08:54:06> [TSimMgr_Client.LogEventRecv] <0015> UNDEFINED (15)
<30 Nov 2025 08:54:06> [TSimMgr_Client.LogEventRecv] <0015> UNDEFINED (15)
<30 Nov 2025 08:54:06> [TSimMgr_Client.LogEventRecv] <0015> UNDEFINED (15)
<30 Nov 2025 08:54:06> [TSimMgr_Client.LogEventRecv] <0015> UNDEFINED (15)
<30 Nov 2025 08:54:06> [TSimMgr_Client.LogEventRecv] <0015> UNDEFINED (15)
<30 Nov 2025 08:54:06> [TSimMgr_Client.LogEventRecv] <0015> UNDEFINED (15)
<30 Nov 2025 08:54:06> [TSimMgr_Client.LogEventRecv] <0015> UNDEFINED (15)
<30 Nov 2025 08:54:06> [TSimMgr_Client.LogEventRecv] <0015> UNDEFINED (15)
<30 Nov 2025 08:54:06> [TSimMgr_Client.LogEventRecv] <0015> UNDEFINED (15)
<30 Nov 2025 08:54:06> [TSimMgr_Client.LogEventRecv] <0015> UNDEFINED (15)
<30 Nov 2025 08:54:06> [TSimMgr_Client.LogEventRecv] <0015> UNDEFINED (15)
<30 Nov 2025 08:54:07> [TSimMgr_Server.netRecv_Synch_Pos_VBS] Sender : 192.168.1.50Platform Name : Ahmad Yani - 351 ; Platform ID = 29774 X = 117° 56' 47.4" E Y = 00° 38' 16.1" N Z = 0.000 Course = 0.000 Speed = 0.00 Altitude = 0.00
<30 Nov 2025 08:54:07> [TSimMgr_Server.netRecv_Synch_Pos_VBS] Sender : 192.168.1.50Platform Name : Bung Tomo - 357 ; Platform ID = 29799 X = 117° 51' 42.5" E Y = 00° 30' 57.0" N Z = 0.000 Course = 360.000 Speed = 0.00 Altitude = 0.00
<30 Nov 2025 08:54:07> [TSimMgr_Client.LogEventRecv] <0015> UNDEFINED (15)
<30 Nov 2025 08:54:07> [TSimMgr_Server.netRecv_Synch_Pos_VBS] Sender : 192.168.1.50Platform Name : Bung Tomo - 357 ; Platform ID = 29799 X = 117° 51' 42.5" E Y = 00° 30' 57.0" N Z = 0.000 Course = 360.000 Speed = 0.00 Altitude = 0.00
<30 Nov 2025 08:54:07> [TSimMgr_Server.netRecv_Synch_Pos_VBS] Sender : 192.168.1.50Platform Name : Diponegoro - 365 ; Platform ID = 29801 X = 118° 00' 16.1" E Y = 00° 36' 17.3" N Z = 0.000 Course = 360.000 Speed = 0.00 Altitude = 0.00
<30 Nov 2025 08:54:07> [TSimMgr_Client.LogEventRecv] <0015> UNDEFINED (15)
<30 Nov 2025 08:54:07> [TSimMgr_Client.LogEventRecv] <0015> UNDEFINED (15)
<30 Nov 2025 08:54:07> [TSimMgr_Server.netRecv_Synch_Pos_VBS] Sender : 192.168.1.50Platform Name : Frans Kaisiepo - 368 ; Platform ID = 29776 X = 117° 47' 54.3" E Y = 00° 34' 29.1" N Z = 0.000 Course = 360.000 Speed = 0.00 Altitude = 0.00
<30 Nov 2025 08:54:07> [TSimMgr_Client.LogEventRecv] <0015> UNDEFINED (15)
<30 Nov 2025 08:54:07> [TSimMgr_Server.netRecv_Synch_Pos_VBS] Sender : 192.168.1.50Platform Name : I Gusti Ngurah Rai - 332 ; Platform ID = 29777 X = 118° 00' 29.8" E Y = 00° 39' 25.3" N Z = 0.000 Course = 360.000 Speed = 0.00 Altitude = 0.00
<30 Nov 2025 08:54:07> [TSimMgr_Server.netRecv_Synch_Pos_VBS] Sender : 192.168.1.50Platform Name : Karel Satsuitubun - 356 ; Platform ID = 29775 X = 117° 50' 30.4" E Y = 00° 35' 06.3" N Z = 0.000 Course = 0.000 Speed = 0.00 Altitude = 0.00
<30 Nov 2025 08:54:07> [TSimMgr_Server.netRecv_Synch_Pos_VBS] Sender : 192.168.1.50Platform Name : Makassar - 590 ; Platform ID = 29768 X = 117° 54' 48.9" E Y = 00° 33' 00.4" N Z = 0.000 Course = 360.000 Speed = 0.00 Altitude = 0.00
<30 Nov 2025 08:54:07> [TSimMgr_Server.netRecv_Synch_Pos_VBS] Sender : 192.168.1.50Platform Name : Surabaya - 591 ; Platform ID = 29769 X = 117° 51' 17.2" E Y = 00° 35' 08.2" N Z = 0.000 Course = 360.000 Speed = 0.00 Altitude = 0.00
<30 Nov 2025 08:54:07> [TSimMgr_Server.netRecv_Synch_Pos_VBS] Sender : 192.168.1.50Platform Name : Surabaya - 591 ; Platform ID = 29769 X = 117° 51' 17.2" E Y = 00° 35' 08.2" N Z = 0.000 Course = 360.000 Speed = 0.00 Altitude = 0.00
<30 Nov 2025 08:54:07> [TSimMgr_Server.netRecv_Synch_Pos_VBS] Sender : 192.168.1.50Platform Name : Surabaya - 591 ; Platform ID = 29769 X = 117° 51' 17.2" E Y = 00° 35' 08.2" N Z = 0.000 Course = 360.000 Speed = 0.00 Altitude = 0.00
<30 Nov 2025 08:54:07> [TSimMgr_Server.netRecv_Synch_Pos_VBS] Sender : 192.168.1.50Platform Name : Surabaya - 591 ; Platform ID = 29769 X = 117° 51' 17.2" E Y = 00° 35' 08.2" N Z = 0.000 Course = 360.000 Speed = 0.00 Altitude = 0.00
<30 Nov 2025 08:54:07> [TSimMgr_Client.LogEventRecv] <0015> UNDEFINED (15)
<30 Nov 2025 08:54:07> [TSimMgr_Server.netRecv_Synch_Pos_VBS] Sender : 192.168.1.50Platform Name : Teluk Bintuni - 520 ; Platform ID = 29770 X = 117° 58' 00.6" E Y = 00° 34' 28.2" N Z = 0.000 Course = 0.000 Speed = 0.00 Altitude = 0.00
<30 Nov 2025 08:54:07> [TSimMgr_Client.LogEventRecv] <0015> UNDEFINED (15)
<30 Nov 2025 08:54:07> [TSimMgr_Server.netRecv_Synch_Pos_VBS] Sender : 192.168.1.50Platform Name : Teluk Wondama - 527 ; Platform ID = 29773 X = 117° 54' 00.2" E Y = 00° 37' 07.4" N Z = 0.000 Course = 0.000 Speed = 0.00 Altitude = 0.00
<30 Nov 2025 08:54:07> [TSimMgr_Client.LogEventRecv] <0015> UNDEFINED (15)
<30 Nov 2025 08:54:07> [TSimMgr_Server.netRecv_Synch_Pos_VBS] Sender : 192.168.1.50Platform Name : Usman-Harun - 359 ; Platform ID = 29800 X = 117° 48' 41.2" E Y = 00° 31' 15.2" N Z = 0.000 Course = 360.000 Speed = 0.00 Altitude = 0.00
<30 Nov 2025 08:54:07> [TSimMgr_Client.LogEventRecv] <0015> UNDEFINED (15)
<30 Nov 2025 08:54:07> [TSimMgr_Server.netRecv_Synch_Pos_VBS] Sender : 192.168.1.50Platform Name : Australia - Collins ; Platform ID = 29900 X = 117° 55' 39.7" E Y = 00° 39' 00.9" N Z = 0.000 Course = 359.999 Speed = 0.00 Altitude = 0.00
<30 Nov 2025 08:54:07> [TSimMgr_Client.LogEventRecv] <0015> UNDEFINED (15)
<30 Nov 2025 08:54:07> [TSimMgr_Client.LogEventRecv] <0015> UNDEFINED (15)
<30 Nov 2025 08:54:07> [TSimMgr_Client.LogEventRecv] <0015> UNDEFINED (15)
<30 Nov 2025 08:54:07> [TSimMgr_Client.LogEventRecv] <0015> UNDEFINED (15)
<30 Nov 2025 08:54:07> [TSimMgr_Client.LogEventRecv] <0015> UNDEFINED (15)
<30 Nov 2025 08:54:07> [TSimMgr_Client.LogEventRecv] <0015> UNDEFINED (15)
<30 Nov 2025 08:54:07> [TSimMgr_Client.LogEventRecv] <0015> UNDEFINED (15)
<30 Nov 2025 08:54:07> [TSimMgr_Client.LogEventRecv] <0015> UNDEFINED (15)
<30 Nov 2025 08:54:07> [TSimMgr_Client.LogEventRecv] <0015> UNDEFINED (15)
<30 Nov 2025 08:54:07> [TSimMgr_Client.LogEventRecv] <0015> UNDEFINED (15)
<30 Nov 2025 08:54:07> [TSimMgr_Client.LogEventRecv] <0015> UNDEFINED (15)
<30 Nov 2025 08:54:07> [TSimMgr_Client.LogEventRecv] <0015> UNDEFINED (15)
<30 Nov 2025 08:54:07> [TSimMgr_Client.LogEventRecv] <0015> UNDEFINED (15)
<30 Nov 2025 08:54:07> [TSimMgr_Client.LogEventRecv] <0015> UNDEFINED (15)
<30 Nov 2025 08:54:07> [TSimMgr_Client.LogEventRecv] <0015> UNDEFINED (15)
<30 Nov 2025 08:54:07> [TSimMgr_Client.LogEventRecv] <0015> UNDEFINED (15)
<30 Nov 2025 08:54:07> [TSimMgr_Client.LogEventRecv] <0015> UNDEFINED (15)
<30 Nov 2025 08:54:07> [TSimMgr_Client.LogEventRecv] <0015> UNDEFINED (15)
<30 Nov 2025 08:54:08> [TSimMgr_Server.netRecv_Synch_Pos_VBS] Sender : 192.168.1.50Platform Name : Ahmad Yani - 351 ; Platform ID = 29774 X = 117° 56' 47.4" E Y = 00° 38' 16.1" N Z = 0.000 Course = 0.000 Speed = 0.00 Altitude = 0.00
<30 Nov 2025 08:54:08> [TSimMgr_Server.netRecv_Synch_Pos_VBS] Sender : 192.168.1.50Platform Name : Bung Tomo - 357 ; Platform ID = 29799 X = 117° 51' 42.5" E Y = 00° 30' 57.0" N Z = 0.000 Course = 360.000 Speed = 0.00 Altitude = 0.00
<30 Nov 2025 08:54:08> [TSimMgr_Server.netRecv_Synch_Pos_VBS] Sender : 192.168.1.50Platform Name : Diponegoro - 365 ; Platform ID = 29801 X = 118° 00' 16.1" E Y = 00° 36' 17.3" N Z = 0.000 Course = 360.000 Speed = 0.00 Altitude = 0.00
<30 Nov 2025 08:54:08> [TSimMgr_Server.netRecv_Synch_Pos_VBS] Sender : 192.168.1.50Platform Name : Frans Kaisiepo - 368 ; Platform ID = 29776 X = 117° 47' 54.3" E Y = 00° 34' 29.1" N Z = 0.000 Course = 360.000 Speed = 0.00 Altitude = 0.00
<30 Nov 2025 08:54:08> [TSimMgr_Server.netRecv_Synch_Pos_VBS] Sender : 192.168.1.50Platform Name : I Gusti Ngurah Rai - 332 ; Platform ID = 29777 X = 118° 00' 29.8" E Y = 00° 39' 25.3" N Z = 0.000 Course = 360.000 Speed = 0.00 Altitude = 0.00
<30 Nov 2025 08:54:08> [TSimMgr_Server.netRecv_Synch_Pos_VBS] Sender : 192.168.1.50Platform Name : Karel Satsuitubun - 356 ; Platform ID = 29775 X = 117° 50' 30.4" E Y = 00° 35' 06.3" N Z = 0.000 Course = 0.000 Speed = 0.00 Altitude = 0.00
<30 Nov 2025 08:54:08> [TSimMgr_Server.netRecv_Synch_Pos_VBS] Sender : 192.168.1.50Platform Name : Makassar - 590 ; Platform ID = 29768 X = 117° 54' 48.9" E Y = 00° 33' 00.4" N Z = 0.000 Course = 360.000 Speed = 0.00 Altitude = 0.00
<30 Nov 2025 08:54:08> [TSimMgr_Server.netRecv_Synch_Pos_VBS] Sender : 192.168.1.50Platform Name : Surabaya - 591 ; Platform ID = 29769 X = 117° 51' 17.2" E Y = 00° 35' 08.2" N Z = 0.000 Course = 360.000 Speed = 0.00 Altitude = 0.00
<30 Nov 2025 08:54:08> [TSimMgr_Server.netRecv_Synch_Pos_VBS] Sender : 192.168.1.50Platform Name : Surabaya - 591 ; Platform ID = 29769 X = 117° 51' 17.2" E Y = 00° 35' 08.2" N Z = 0.000 Course = 360.000 Speed = 0.00 Altitude = 0.00
<30 Nov 2025 08:54:08> [TSimMgr_Server.netRecv_Synch_Pos_VBS] Sender : 192.168.1.50Platform Name : Surabaya - 591 ; Platform ID = 29769 X = 117° 51' 17.2" E Y = 00° 35' 08.2" N Z = 0.000 Course = 360.000 Speed = 0.00 Altitude = 0.00
<30 Nov 2025 08:54:08> [TSimMgr_Server.netRecv_Synch_Pos_VBS] Sender : 192.168.1.50Platform Name : Surabaya - 591 ; Platform ID = 29769 X = 117° 51' 17.2" E Y = 00° 35' 08.2" N Z = 0.000 Course = 360.000 Speed = 0.00 Altitude = 0.00
<30 Nov 2025 08:54:08> [TSimMgr_Server.netRecv_Synch_Pos_VBS] Sender : 192.168.1.50Platform Name : Surabaya - 591 ; Platform ID = 29769 X = 117° 51' 17.2" E Y = 00° 35' 08.2" N Z = 0.000 Course = 360.000 Speed = 0.00 Altitude = 0.00
<30 Nov 2025 08:54:08> [TSimMgr_Server.netRecv_Synch_Pos_VBS] Sender : 192.168.1.50Platform Name : Surabaya - 591 ; Platform ID = 29769 X = 117° 51' 17.2" E Y = 00° 35' 08.2" N Z = 0.000 Course = 360.000 Speed = 0.00 Altitude = 0.00
<30 Nov 2025 08:54:08> [TSimMgr_Server.netRecv_Synch_Pos_VBS] Sender : 192.168.1.50Platform Name : Surabaya - 591 ; Platform ID = 29769 X = 117° 51' 17.2" E Y = 00° 35' 08.2" N Z = 0.000 Course = 360.000 Speed = 0.00 Altitude = 0.00
<30 Nov 2025 08:54:08> [TSimMgr_Server.netRecv_Synch_Pos_VBS] Sender : 192.168.1.50Platform Name : Teluk Bintuni - 520 ; Platform ID = 29770 X = 117° 58' 00.6" E Y = 00° 34' 28.2" N Z = 0.000 Course = 0.000 Speed = 0.00 Altitude = 0.00
<30 Nov 2025 08:54:08> [TSimMgr_Server.netRecv_Synch_Pos_VBS] Sender : 192.168.1.50Platform Name : Teluk Bintuni - 520 ; Platform ID = 29770 X = 117° 58' 00.6" E Y = 00° 34' 28.2" N Z = 0.000 Course = 0.000 Speed = 0.00 Altitude = 0.00
<30 Nov 2025 08:54:08> [TSimMgr_Server.netRecv_Synch_Pos_VBS] Sender : 192.168.1.50Platform Name : Teluk Wondama - 527 ; Platform ID = 29773 X = 117° 54' 00.2" E Y = 00° 37' 07.4" N Z = 0.000 Course = 0.000 Speed = 0.00 Altitude = 0.00
<30 Nov 2025 08:54:08> [TSimMgr_Server.netRecv_Synch_Pos_VBS] Sender : 192.168.1.50Platform Name : Usman-Harun - 359 ; Platform ID = 29800 X = 117° 48' 41.2" E Y = 00° 31' 15.2" N Z = 0.000 Course = 360.000 Speed = 0.00 Altitude = 0.00
<30 Nov 2025 08:54:08> [TSimMgr_Server.netRecv_Synch_Pos_VBS] Sender : 192.168.1.50Platform Name : Australia - Collins ; Platform ID = 29900 X = 117° 55' 39.7" E Y = 00° 39' 00.9" N Z = 0.000 Course = 359.999 Speed = 0.00 Altitude = 0.00
<30 Nov 2025 08:54:08> [TSimMgr_Server.netRecv_Synch_Pos_VBS] Sender : 192.168.1.50Platform Name : Australia - Collins ; Platform ID = 29900 X = 117° 55' 39.7" E Y = 00° 39' 00.9" N Z = 0.000 Course = 359.999 Speed = 0.00 Altitude = 0.00
<30 Nov 2025 08:54:09> [TSimMgr_Client.LogEventRecv] <0059> CPID_CMD_GAME_CTRL               
<30 Nov 2025 08:54:09> [TSimMgr_Server.netRecv_Synch_Pos_VBS] Sender : 192.168.1.50Platform Name : Ahmad Yani - 351 ; Platform ID = 29774 X = 117° 56' 47.4" E Y = 00° 38' 16.1" N Z = 0.000 Course = 0.000 Speed = 0.00 Altitude = 0.00
<30 Nov 2025 08:54:09> [TSimMgr_Server.netRecv_Synch_Pos_VBS] Sender : 192.168.1.50Platform Name : Bung Tomo - 357 ; Platform ID = 29799 X = 117° 51' 42.5" E Y = 00° 30' 57.0" N Z = 0.000 Course = 360.000 Speed = 0.00 Altitude = 0.00
<30 Nov 2025 08:54:09> [TSimMgr_Server.netRecv_Synch_Pos_VBS] Sender : 192.168.1.50Platform Name : Diponegoro - 365 ; Platform ID = 29801 X = 118° 00' 16.1" E Y = 00° 36' 17.3" N Z = 0.000 Course = 360.000 Speed = 0.00 Altitude = 0.00
<30 Nov 2025 08:54:09> [TSimMgr_Server.netRecv_Synch_Pos_VBS] Sender : 192.168.1.50Platform Name : Frans Kaisiepo - 368 ; Platform ID = 29776 X = 117° 47' 54.3" E Y = 00° 34' 29.1" N Z = 0.000 Course = 360.000 Speed = 0.00 Altitude = 0.00
<30 Nov 2025 08:54:09> [TSimMgr_Server.netRecv_Synch_Pos_VBS] Sender : 192.168.1.50Platform Name : I Gusti Ngurah Rai - 332 ; Platform ID = 29777 X = 118° 00' 29.8" E Y = 00° 39' 25.3" N Z = 0.000 Course = 360.000 Speed = 0.00 Altitude = 0.00
<30 Nov 2025 08:54:09> [TSimMgr_Server.netRecv_Synch_Pos_VBS] Sender : 192.168.1.50Platform Name : Karel Satsuitubun - 356 ; Platform ID = 29775 X = 117° 50' 30.4" E Y = 00° 35' 06.3" N Z = 0.000 Course = 0.000 Speed = 0.00 Altitude = 0.00
<30 Nov 2025 08:54:09> [TSimMgr_Server.netRecv_Synch_Pos_VBS] Sender : 192.168.1.50Platform Name : Makassar - 590 ; Platform ID = 29768 X = 117° 54' 48.9" E Y = 00° 33' 00.4" N Z = 0.000 Course = 360.000 Speed = 0.00 Altitude = 0.00
<30 Nov 2025 08:54:09> [TSimMgr_Server.netRecv_Synch_Pos_VBS] Sender : 192.168.1.50Platform Name : Surabaya - 591 ; Platform ID = 29769 X = 117° 51' 17.2" E Y = 00° 35' 08.2" N Z = 0.000 Course = 360.000 Speed = 0.00 Altitude = 0.00
<30 Nov 2025 08:54:09> [TSimMgr_Server.netRecv_Synch_Pos_VBS] Sender : 192.168.1.50Platform Name : Teluk Bintuni - 520 ; Platform ID = 29770 X = 117° 58' 00.6" E Y = 00° 34' 28.2" N Z = 0.000 Course = 0.000 Speed = 0.00 Altitude = 0.00
<30 Nov 2025 08:54:09> [TSimMgr_Server.netRecv_Synch_Pos_VBS] Sender : 192.168.1.50Platform Name : Teluk Wondama - 527 ; Platform ID = 29773 X = 117° 54' 00.2" E Y = 00° 37' 07.4" N Z = 0.000 Course = 0.000 Speed = 0.00 Altitude = 0.00
<30 Nov 2025 08:54:09> [TSimMgr_Server.netRecv_Synch_Pos_VBS] Sender : 192.168.1.50Platform Name : Usman-Harun - 359 ; Platform ID = 29800 X = 117° 48' 41.2" E Y = 00° 31' 15.2" N Z = 0.000 Course = 360.000 Speed = 0.00 Altitude = 0.00
<30 Nov 2025 08:54:09> [TSimMgr_Server.netRecv_Synch_Pos_VBS] Sender : 192.168.1.50Platform Name : Usman-Harun - 359 ; Platform ID = 29800 X = 117° 48' 41.2" E Y = 00° 31' 15.2" N Z = 0.000 Course = 360.000 Speed = 0.00 Altitude = 0.00
<30 Nov 2025 08:54:09> [TSimMgr_Server.netRecv_Synch_Pos_VBS] Sender : 192.168.1.50Platform Name : Usman-Harun - 359 ; Platform ID = 29800 X = 117° 48' 41.2" E Y = 00° 31' 15.2" N Z = 0.000 Course = 360.000 Speed = 0.00 Altitude = 0.00
<30 Nov 2025 08:54:09> [TSimMgr_Server.netRecv_Synch_Pos_VBS] Sender : 192.168.1.50Platform Name : Usman-Harun - 359 ; Platform ID = 29800 X = 117° 48' 41.2" E Y = 00° 31' 15.2" N Z = 0.000 Course = 360.000 Speed = 0.00 Altitude = 0.00
<30 Nov 2025 08:54:09> [TSimMgr_Server.netRecv_Synch_Pos_VBS] Sender : 192.168.1.50Platform Name : Usman-Harun - 359 ; Platform ID = 29800 X = 117° 48' 41.2" E Y = 00° 31' 15.2" N Z = 0.000 Course = 360.000 Speed = 0.00 Altitude = 0.00
<30 Nov 2025 08:54:09> [TSimMgr_Server.netRecv_Synch_Pos_VBS] Sender : 192.168.1.50Platform Name : Usman-Harun - 359 ; Platform ID = 29800 X = 117° 48' 41.2" E Y = 00° 31' 15.2" N Z = 0.000 Course = 360.000 Speed = 0.00 Altitude = 0.00
<30 Nov 2025 08:54:09> [TSimMgr_Server.netRecv_Synch_Pos_VBS] Sender : 192.168.1.50Platform Name : Usman-Harun - 359 ; Platform ID = 29800 X = 117° 48' 41.2" E Y = 00° 31' 15.2" N Z = 0.000 Course = 360.000 Speed = 0.00 Altitude = 0.00
<30 Nov 2025 08:54:09> [TSimMgr_Server.netRecv_Synch_Pos_VBS] Sender : 192.168.1.50Platform Name : Usman-Harun - 359 ; Platform ID = 29800 X = 117° 48' 41.2" E Y = 00° 31' 15.2" N Z = 0.000 Course = 360.000 Speed = 0.00 Altitude = 0.00
<30 Nov 2025 08:54:09> [TSimMgr_Server.netRecv_Synch_Pos_VBS] Sender : 192.168.1.50Platform Name : Australia - Collins ; Platform ID = 29900 X = 117° 55' 39.7" E Y = 00° 39' 00.9" N Z = 0.000 Course = 359.998 Speed = 0.00 Altitude = 0.00
<30 Nov 2025 08:54:09> [TSimMgr_Server.netRecv_Synch_Pos_VBS] Sender : 192.168.1.50Platform Name : Ahmad Yani - 351 ; Platform ID = 29774 X = 117° 56' 47.4" E Y = 00° 38' 16.1" N Z = 0.000 Course = 0.000 Speed = 0.00 Altitude = 0.00
<30 Nov 2025 08:54:09> [TSimMgr_Server.netRecv_Synch_Pos_VBS] Sender : 192.168.1.50Platform Name : Bung Tomo - 357 ; Platform ID = 29799 X = 117° 51' 42.5" E Y = 00° 30' 57.0" N Z = 0.000 Course = 360.000 Speed = 0.00 Altitude = 0.00
<30 Nov 2025 08:54:09> [TSimMgr_Server.netRecv_Synch_Pos_VBS] Sender : 192.168.1.50Platform Name : Diponegoro - 365 ; Platform ID = 29801 X = 118° 00' 16.1" E Y = 00° 36' 17.3" N Z = 0.000 Course = 360.000 Speed = 0.00 Altitude = 0.00
<30 Nov 2025 08:54:09> [TSimMgr_Server.netRecv_Synch_Pos_VBS] Sender : 192.168.1.50Platform Name : Frans Kaisiepo - 368 ; Platform ID = 29776 X = 117° 47' 54.3" E Y = 00° 34' 29.1" N Z = 0.000 Course = 360.000 Speed = 0.00 Altitude = 0.00
<30 Nov 2025 08:54:09> [TSimMgr_Server.netRecv_Synch_Pos_VBS] Sender : 192.168.1.50Platform Name : I Gusti Ngurah Rai - 332 ; Platform ID = 29777 X = 118° 00' 29.8" E Y = 00° 39' 25.3" N Z = 0.000 Course = 360.000 Speed = 0.00 Altitude = 0.00
<30 Nov 2025 08:54:09> [TSimMgr_Server.netRecv_Synch_Pos_VBS] Sender : 192.168.1.50Platform Name : Karel Satsuitubun - 356 ; Platform ID = 29775 X = 117° 50' 30.4" E Y = 00° 35' 06.3" N Z = 0.000 Course = 0.000 Speed = 0.00 Altitude = 0.00
<30 Nov 2025 08:54:09> [TSimMgr_Server.netRecv_Synch_Pos_VBS] Sender : 192.168.1.50Platform Name : Makassar - 590 ; Platform ID = 29768 X = 117° 54' 48.9" E Y = 00° 33' 00.4" N Z = 0.000 Course = 360.000 Speed = 0.00 Altitude = 0.00
<30 Nov 2025 08:54:09> [TSimMgr_Server.netRecv_Synch_Pos_VBS] Sender : 192.168.1.50Platform Name : Surabaya - 591 ; Platform ID = 29769 X = 117° 51' 17.2" E Y = 00° 35' 08.2" N Z = 0.000 Course = 360.000 Speed = 0.00 Altitude = 0.00
<30 Nov 2025 08:54:09> [TSimMgr_Server.netRecv_Synch_Pos_VBS] Sender : 192.168.1.50Platform Name : Teluk Bintuni - 520 ; Platform ID = 29770 X = 117° 58' 00.6" E Y = 00° 34' 28.2" N Z = 0.000 Course = 0.000 Speed = 0.00 Altitude = 0.00
<30 Nov 2025 08:54:09> [TSimMgr_Server.netRecv_Synch_Pos_VBS] Sender : 192.168.1.50Platform Name : Teluk Wondama - 527 ; Platform ID = 29773 X = 117° 54' 00.2" E Y = 00° 37' 07.4" N Z = 0.000 Course = 0.000 Speed = 0.00 Altitude = 0.00
<30 Nov 2025 08:54:09> [TSimMgr_Server.netRecv_Synch_Pos_VBS] Sender : 192.168.1.50Platform Name : Teluk Wondama - 527 ; Platform ID = 29773 X = 117° 54' 00.2" E Y = 00° 37' 07.4" N Z = 0.000 Course = 0.000 Speed = 0.00 Altitude = 0.00
<30 Nov 2025 08:54:09> [TSimMgr_Server.netRecv_Synch_Pos_VBS] Sender : 192.168.1.50Platform Name : Usman-Harun - 359 ; Platform ID = 29800 X = 117° 48' 41.2" E Y = 00° 31' 15.2" N Z = 0.000 Course = 360.000 Speed = 0.00 Altitude = 0.00
<30 Nov 2025 08:54:09> [TSimMgr_Server.netRecv_Synch_Pos_VBS] Sender : 192.168.1.50Platform Name : Usman-Harun - 359 ; Platform ID = 29800 X = 117° 48' 41.2" E Y = 00° 31' 15.2" N Z = 0.000 Course = 360.000 Speed = 0.00 Altitude = 0.00
<30 Nov 2025 08:54:09> [TSimMgr_Server.netRecv_Synch_Pos_VBS] Sender : 192.168.1.50Platform Name : Australia - Collins ; Platform ID = 29900 X = 117° 55' 39.7" E Y = 00° 39' 00.9" N Z = 0.000 Course = 0.001 Speed = 0.00 Altitude = 0.00
<30 Nov 2025 08:54:09> [TSimMgr_Server.netRecv_Synch_Pos_VBS] Sender : 192.168.1.50Platform Name : Ahmad Yani - 351 ; Platform ID = 29774 X = 117° 56' 47.4" E Y = 00° 38' 16.1" N Z = 0.000 Course = 0.000 Speed = 0.00 Altitude = 0.00
<30 Nov 2025 08:54:09> [TSimMgr_Server.netRecv_Synch_Pos_VBS] Sender : 192.168.1.50Platform Name : Bung Tomo - 357 ; Platform ID = 29799 X = 117° 51' 42.5" E Y = 00° 30' 57.0" N Z = 0.000 Course = 360.000 Speed = 0.00 Altitude = 0.00
<30 Nov 2025 08:54:09> [TSimMgr_Server.netRecv_Synch_Pos_VBS] Sender : 192.168.1.50Platform Name : Diponegoro - 365 ; Platform ID = 29801 X = 118° 00' 16.1" E Y = 00° 36' 17.3" N Z = 0.000 Course = 360.000 Speed = 0.00 Altitude = 0.00
<30 Nov 2025 08:54:09> [TSimMgr_Server.netRecv_Synch_Pos_VBS] Sender : 192.168.1.50Platform Name : Frans Kaisiepo - 368 ; Platform ID = 29776 X = 117° 47' 54.3" E Y = 00° 34' 29.1" N Z = 0.000 Course = 360.000 Speed = 0.00 Altitude = 0.00
<30 Nov 2025 08:54:09> [TSimMgr_Server.netRecv_Synch_Pos_VBS] Sender : 192.168.1.50Platform Name : I Gusti Ngurah Rai - 332 ; Platform ID = 29777 X = 118° 00' 29.8" E Y = 00° 39' 25.3" N Z = 0.000 Course = 360.000 Speed = 0.00 Altitude = 0.00
<30 Nov 2025 08:54:09> [TSimMgr_Server.netRecv_Synch_Pos_VBS] Sender : 192.168.1.50Platform Name : Karel Satsuitubun - 356 ; Platform ID = 29775 X = 117° 50' 30.4" E Y = 00° 35' 06.3" N Z = 0.000 Course = 0.000 Speed = 0.00 Altitude = 0.00
<30 Nov 2025 08:54:09> [TSimMgr_Server.netRecv_Synch_Pos_VBS] Sender : 192.168.1.50Platform Name : Makassar - 590 ; Platform ID = 29768 X = 117° 54' 48.9" E Y = 00° 33' 00.4" N Z = 0.000 Course = 360.000 Speed = 0.00 Altitude = 0.00
<30 Nov 2025 08:54:09> [TSimMgr_Server.netRecv_Synch_Pos_VBS] Sender : 192.168.1.50Platform Name : Surabaya - 591 ; Platform ID = 29769 X = 117° 51' 17.2" E Y = 00° 35' 08.2" N Z = 0.000 Course = 360.000 Speed = 0.00 Altitude = 0.00
<30 Nov 2025 08:54:09> [TSimMgr_Server.netRecv_Synch_Pos_VBS] Sender : 192.168.1.50Platform Name : Teluk Bintuni - 520 ; Platform ID = 29770 X = 117° 58' 00.6" E Y = 00° 34' 28.2" N Z = 0.000 Course = 0.000 Speed = 0.00 Altitude = 0.00
<30 Nov 2025 08:54:09> [TSimMgr_Server.netRecv_Synch_Pos_VBS] Sender : 192.168.1.50Platform Name : Teluk Wondama - 527 ; Platform ID = 29773 X = 117° 54' 00.2" E Y = 00° 37' 07.4" N Z = 0.000 Course = 0.000 Speed = 0.00 Altitude = 0.00
<30 Nov 2025 08:54:09> [TSimMgr_Server.netRecv_Synch_Pos_VBS] Sender : 192.168.1.50Platform Name : Teluk Wondama - 527 ; Platform ID = 29773 X = 117° 54' 00.2" E Y = 00° 37' 07.4" N Z = 0.000 Course = 0.000 Speed = 0.00 Altitude = 0.00
<30 Nov 2025 08:54:09> [TSimMgr_Server.netRecv_Synch_Pos_VBS] Sender : 192.168.1.50Platform Name : Teluk Wondama - 527 ; Platform ID = 29773 X = 117° 54' 00.2" E Y = 00° 37' 07.4" N Z = 0.000 Course = 0.000 Speed = 0.00 Altitude = 0.00
<30 Nov 2025 08:54:09> [TSimMgr_Server.netRecv_Synch_Pos_VBS] Sender : 192.168.1.50Platform Name : Teluk Wondama - 527 ; Platform ID = 29773 X = 117° 54' 00.2" E Y = 00° 37' 07.4" N Z = 0.000 Course = 0.000 Speed = 0.00 Altitude = 0.00
<30 Nov 2025 08:54:09> [TSimMgr_Server.netRecv_Synch_Pos_VBS] Sender : 192.168.1.50Platform Name : Teluk Wondama - 527 ; Platform ID = 29773 X = 117° 54' 00.2" E Y = 00° 37' 07.4" N Z = 0.000 Course = 0.000 Speed = 0.00 Altitude = 0.00
<30 Nov 2025 08:54:09> [TSimMgr_Server.netRecv_Synch_Pos_VBS] Sender : 192.168.1.50Platform Name : Teluk Wondama - 527 ; Platform ID = 29773 X = 117° 54' 00.2" E Y = 00° 37' 07.4" N Z = 0.000 Course = 0.000 Speed = 0.00 Altitude = 0.00
<30 Nov 2025 08:54:09> [TSimMgr_Server.netRecv_Synch_Pos_VBS] Sender : 192.168.1.50Platform Name : Teluk Wondama - 527 ; Platform ID = 29773 X = 117° 54' 00.2" E Y = 00° 37' 07.4" N Z = 0.000 Course = 0.000 Speed = 0.00 Altitude = 0.00
<30 Nov 2025 08:54:09> [TSimMgr_Server.netRecv_Synch_Pos_VBS] Sender : 192.168.1.50Platform Name : Usman-Harun - 359 ; Platform ID = 29800 X = 117° 48' 41.2" E Y = 00° 31' 15.2" N Z = 0.000 Course = 360.000 Speed = 0.00 Altitude = 0.00
<30 Nov 2025 08:54:09> [TSimMgr_Server.netRecv_Synch_Pos_VBS] Sender : 192.168.1.50Platform Name : Usman-Harun - 359 ; Platform ID = 29800 X = 117° 48' 41.2" E Y = 00° 31' 15.2" N Z = 0.000 Course = 360.000 Speed = 0.00 Altitude = 0.00
<30 Nov 2025 08:54:09> [TSimMgr_Server.netRecv_Synch_Pos_VBS] Sender : 192.168.1.50Platform Name : Usman-Harun - 359 ; Platform ID = 29800 X = 117° 48' 41.2" E Y = 00° 31' 15.2" N Z = 0.000 Course = 360.000 Speed = 0.00 Altitude = 0.00
<30 Nov 2025 08:54:09> [TSimMgr_Server.netRecv_Synch_Pos_VBS] Sender : 192.168.1.50Platform Name : Usman-Harun - 359 ; Platform ID = 29800 X = 117° 48' 41.2" E Y = 00° 31' 15.2" N Z = 0.000 Course = 360.000 Speed = 0.00 Altitude = 0.00
<30 Nov 2025 08:54:09> [TSimMgr_Server.netRecv_Synch_Pos_VBS] Sender : 192.168.1.50Platform Name : Australia - Collins ; Platform ID = 29900 X = 117° 55' 39.7" E Y = 00° 39' 00.9" N Z = 0.000 Course = 360.000 Speed = 0.00 Altitude = 0.00
<30 Nov 2025 08:54:09> [TSimMgr_Client.LogEventRecv] <0031> CPID_UDP_PLATFORM_MOVE
<30 Nov 2025 08:54:09> [TSimMgr_Client.LogEventRecv] <0031> CPID_UDP_PLATFORM_MOVE
<30 Nov 2025 08:54:09> [TSimMgr_Client.LogEventRecv] <0031> CPID_UDP_PLATFORM_MOVE
<30 Nov 2025 08:54:09> [TSimMgr_Client.LogEventRecv] <0031> CPID_UDP_PLATFORM_MOVE
<30 Nov 2025 08:54:09> [TSimMgr_Client.LogEventRecv] <0031> CPID_UDP_PLATFORM_MOVE
<30 Nov 2025 08:54:09> [TSimMgr_Client.LogEventRecv] <0031> CPID_UDP_PLATFORM_MOVE
<30 Nov 2025 08:54:09> [TSimMgr_Client.LogEventRecv] <0031> CPID_UDP_PLATFORM_MOVE
<30 Nov 2025 08:54:09> [TSimMgr_Client.LogEventRecv] <0031> CPID_UDP_PLATFORM_MOVE
<30 Nov 2025 08:54:09> [TSimMgr_Client.LogEventRecv] <0031> CPID_UDP_PLATFORM_MOVE
<30 Nov 2025 08:54:09> [TSimMgr_Client.LogEventRecv] <0031> CPID_UDP_PLATFORM_MOVE
<30 Nov 2025 08:54:09> [TSimMgr_Client.LogEventRecv] <0031> CPID_UDP_PLATFORM_MOVE
<30 Nov 2025 08:54:09> [TSimMgr_Client.LogEventRecv] <0031> CPID_UDP_PLATFORM_MOVE
<30 Nov 2025 08:54:09> [TSimMgr_Client.LogEventRecv] <0031> CPID_UDP_PLATFORM_MOVE
<30 Nov 2025 08:54:09> [TSimMgr_Client.LogEventRecv] <0031> CPID_UDP_PLATFORM_MOVE
<30 Nov 2025 08:54:09> [TSimMgr_Client.LogEventRecv] <0031> CPID_UDP_PLATFORM_MOVE
<30 Nov 2025 08:54:09> [TSimMgr_Client.LogEventRecv] <0031> CPID_UDP_PLATFORM_MOVE
<30 Nov 2025 08:54:09> [TSimMgr_Client.LogEventRecv] <0031> CPID_UDP_PLATFORM_MOVE
<30 Nov 2025 08:54:09> [TSimMgr_Client.LogEventRecv] <0031> CPID_UDP_PLATFORM_MOVE
<30 Nov 2025 08:54:09> [TSimMgr_Client.LogEventRecv] <0031> CPID_UDP_PLATFORM_MOVE
<30 Nov 2025 08:54:09> [TSimMgr_Client.LogEventRecv] <0031> CPID_UDP_PLATFORM_MOVE
<30 Nov 2025 08:54:09> [TSimMgr_Client.LogEventRecv] <0031> CPID_UDP_PLATFORM_MOVE
<30 Nov 2025 08:54:09> [TSimMgr_Client.LogEventRecv] <0031> CPID_UDP_PLATFORM_MOVE
<30 Nov 2025 08:54:09> [TSimMgr_Client.LogEventRecv] <0031> CPID_UDP_PLATFORM_MOVE
<30 Nov 2025 08:54:09> [TSimMgr_Client.LogEventRecv] <0031> CPID_UDP_PLATFORM_MOVE
<30 Nov 2025 08:54:09> [TSimMgr_Client.LogEventRecv] <0031> CPID_UDP_PLATFORM_MOVE
<30 Nov 2025 08:54:09> [TSimMgr_Client.LogEventRecv] <0031> CPID_UDP_PLATFORM_MOVE
<30 Nov 2025 08:54:09> [TSimMgr_Client.LogEventRecv] <0031> CPID_UDP_PLATFORM_MOVE
<30 Nov 2025 08:54:09> [TSimMgr_Client.LogEventRecv] <0031> CPID_UDP_PLATFORM_MOVE
<30 Nov 2025 08:54:09> [TSimMgr_Client.LogEventRecv] <0031> CPID_UDP_PLATFORM_MOVE
<30 Nov 2025 08:54:09> [TSimMgr_Client.LogEventRecv] <0031> CPID_UDP_PLATFORM_MOVE
<30 Nov 2025 08:54:09> [TSimMgr_Client.LogEventRecv] <0031> CPID_UDP_PLATFORM_MOVE
<30 Nov 2025 08:54:09> [TSimMgr_Client.LogEventRecv] <0031> CPID_UDP_PLATFORM_MOVE
<30 Nov 2025 08:54:09> [TSimMgr_Client.LogEventRecv] <0031> CPID_UDP_PLATFORM_MOVE
<30 Nov 2025 08:54:09> [TSimMgr_Client.LogEventRecv] <0031> CPID_UDP_PLATFORM_MOVE
<30 Nov 2025 08:54:09> [TSimMgr_Client.LogEventRecv] <0031> CPID_UDP_PLATFORM_MOVE
<30 Nov 2025 08:54:09> [TSimMgr_Client.LogEventRecv] <0031> CPID_UDP_PLATFORM_MOVE
<30 Nov 2025 08:54:09> [TSimMgr_Client.LogEventRecv] <0031> CPID_UDP_PLATFORM_MOVE
<30 Nov 2025 08:54:09> [TSimMgr_Client.LogEventRecv] <0031> CPID_UDP_PLATFORM_MOVE
<30 Nov 2025 08:54:09> [TSimMgr_Client.LogEventRecv] <0031> CPID_UDP_PLATFORM_MOVE
<30 Nov 2025 08:54:09> [TSimMgr_Client.LogEventRecv] <0031> CPID_UDP_PLATFORM_MOVE
<30 Nov 2025 08:54:09> [TSimMgr_Client.LogEventRecv] <0031> CPID_UDP_PLATFORM_MOVE
<30 Nov 2025 08:54:09> [TSimMgr_Client.LogEventRecv] <0031> CPID_UDP_PLATFORM_MOVE
<30 Nov 2025 08:54:09> [TSimMgr_Client.LogEventRecv] <0031> CPID_UDP_PLATFORM_MOVE
<30 Nov 2025 08:54:09> [TSimMgr_Client.LogEventRecv] <0031> CPID_UDP_PLATFORM_MOVE
<30 Nov 2025 08:54:09> [TSimMgr_Client.LogEventRecv] <0031> CPID_UDP_PLATFORM_MOVE
<30 Nov 2025 08:54:09> [TSimMgr_Client.LogEventRecv] <0031> CPID_UDP_PLATFORM_MOVE
<30 Nov 2025 08:54:09> [TSimMgr_Client.LogEventRecv] <0031> CPID_UDP_PLATFORM_MOVE
<30 Nov 2025 08:54:09> [TSimMgr_Client.LogEventRecv] <0031> CPID_UDP_PLATFORM_MOVE
<30 Nov 2025 08:54:09> [TSimMgr_Client.LogEventRecv] <0031> CPID_UDP_PLATFORM_MOVE
<30 Nov 2025 08:54:09> [TSimMgr_Client.LogEventRecv] <0031> CPID_UDP_PLATFORM_MOVE
<30 Nov 2025 08:54:09> [TSimMgr_Client.LogEventRecv] <0031> CPID_UDP_PLATFORM_MOVE
<30 Nov 2025 08:54:09> [TSimMgr_Server.netRecv_Synch_Pos_VBS] Sender : 192.168.1.50Platform Name : Ahmad Yani - 351 ; Platform ID = 29774 X = 117° 56' 47.4" E Y = 00° 38' 16.1" N Z = 0.000 Course = 0.000 Speed = 0.00 Altitude = 0.00
<30 Nov 2025 08:54:09> [TSimMgr_Server.netRecv_Synch_Pos_VBS] Sender : 192.168.1.50Platform Name : Bung Tomo - 357 ; Platform ID = 29799 X = 117° 51' 42.5" E Y = 00° 30' 57.0" N Z = 0.000 Course = 360.000 Speed = 0.00 Altitude = 0.00
<30 Nov 2025 08:54:09> [TSimMgr_Server.netRecv_Synch_Pos_VBS] Sender : 192.168.1.50Platform Name : Diponegoro - 365 ; Platform ID = 29801 X = 118° 00' 16.1" E Y = 00° 36' 17.3" N Z = 0.000 Course = 360.000 Speed = 0.00 Altitude = 0.00
<30 Nov 2025 08:54:09> [TSimMgr_Server.netRecv_Synch_Pos_VBS] Sender : 192.168.1.50Platform Name : Frans Kaisiepo - 368 ; Platform ID = 29776 X = 117° 47' 54.3" E Y = 00° 34' 29.1" N Z = 0.000 Course = 360.000 Speed = 0.00 Altitude = 0.00
<30 Nov 2025 08:54:09> [TSimMgr_Server.netRecv_Synch_Pos_VBS] Sender : 192.168.1.50Platform Name : Frans Kaisiepo - 368 ; Platform ID = 29776 X = 117° 47' 54.3" E Y = 00° 34' 29.1" N Z = 0.000 Course = 360.000 Speed = 0.00 Altitude = 0.00
<30 Nov 2025 08:54:09> [TSimMgr_Server.netRecv_Synch_Pos_VBS] Sender : 192.168.1.50Platform Name : Frans Kaisiepo - 368 ; Platform ID = 29776 X = 117° 47' 54.3" E Y = 00° 34' 29.1" N Z = 0.000 Course = 360.000 Speed = 0.00 Altitude = 0.00
<30 Nov 2025 08:54:09> [TSimMgr_Server.netRecv_Synch_Pos_VBS] Sender : 192.168.1.50Platform Name : I Gusti Ngurah Rai - 332 ; Platform ID = 29777 X = 118° 00' 29.8" E Y = 00° 39' 25.3" N Z = 0.000 Course = 360.000 Speed = 0.00 Altitude = 0.00
<30 Nov 2025 08:54:09> [TSimMgr_Server.netRecv_Synch_Pos_VBS] Sender : 192.168.1.50Platform Name : Karel Satsuitubun - 356 ; Platform ID = 29775 X = 117° 50' 30.4" E Y = 00° 35' 06.3" N Z = 0.000 Course = 0.000 Speed = 0.00 Altitude = 0.00
<30 Nov 2025 08:54:09> [TSimMgr_Server.netRecv_Synch_Pos_VBS] Sender : 192.168.1.50Platform Name : Makassar - 590 ; Platform ID = 29768 X = 117° 54' 48.9" E Y = 00° 33' 00.4" N Z = 0.000 Course = 360.000 Speed = 0.00 Altitude = 0.00
<30 Nov 2025 08:54:09> [TSimMgr_Server.netRecv_Synch_Pos_VBS] Sender : 192.168.1.50Platform Name : Surabaya - 591 ; Platform ID = 29769 X = 117° 51' 17.2" E Y = 00° 35' 08.2" N Z = 0.000 Course = 360.000 Speed = 0.00 Altitude = 0.00
<30 Nov 2025 08:54:09> [TSimMgr_Server.netRecv_Synch_Pos_VBS] Sender : 192.168.1.50Platform Name : Teluk Bintuni - 520 ; Platform ID = 29770 X = 117° 58' 00.6" E Y = 00° 34' 28.2" N Z = 0.000 Course = 0.000 Speed = 0.00 Altitude = 0.00
<30 Nov 2025 08:54:09> [TSimMgr_Server.netRecv_Synch_Pos_VBS] Sender : 192.168.1.50Platform Name : Teluk Wondama - 527 ; Platform ID = 29773 X = 117° 54' 00.2" E Y = 00° 37' 07.4" N Z = 0.000 Course = 0.000 Speed = 0.00 Altitude = 0.00
<30 Nov 2025 08:54:09> [TSimMgr_Server.netRecv_Synch_Pos_VBS] Sender : 192.168.1.50Platform Name : Usman-Harun - 359 ; Platform ID = 29800 X = 117° 48' 41.2" E Y = 00° 31' 15.2" N Z = 0.000 Course = 360.000 Speed = 0.00 Altitude = 0.00
<30 Nov 2025 08:54:09> [TSimMgr_Server.netRecv_Synch_Pos_VBS] Sender : 192.168.1.50Platform Name : Australia - Collins ; Platform ID = 29900 X = 117° 55' 39.7" E Y = 00° 39' 00.9" N Z = 0.000 Course = 359.999 Speed = 0.00 Altitude = 0.00
<30 Nov 2025 08:54:09> [TSimMgr_Server.netRecv_Synch_Pos_VBS] Sender : 192.168.1.50Platform Name : Australia - Collins ; Platform ID = 29900 X = 117° 55' 39.7" E Y = 00° 39' 00.9" N Z = 0.000 Course = 359.999 Speed = 0.00 Altitude = 0.00
<30 Nov 2025 08:54:09> [TSimMgr_Server.netRecv_Synch_Pos_VBS] Sender : 192.168.1.50Platform Name : Australia - Collins ; Platform ID = 29900 X = 117° 55' 39.7" E Y = 00° 39' 00.9" N Z = 0.000 Course = 359.999 Speed = 0.00 Altitude = 0.00
<30 Nov 2025 08:54:09> [TSimMgr_Server.netRecv_Synch_Pos_VBS] Sender : 192.168.1.50Platform Name : Australia - Collins ; Platform ID = 29900 X = 117° 55' 39.7" E Y = 00° 39' 00.9" N Z = 0.000 Course = 359.999 Speed = 0.00 Altitude = 0.00
<30 Nov 2025 08:54:09> [TSimMgr_Server.netRecv_Synch_Pos_VBS] Sender : 192.168.1.50Platform Name : Australia - Collins ; Platform ID = 29900 X = 117° 55' 39.7" E Y = 00° 39' 00.9" N Z = 0.000 Course = 359.999 Speed = 0.00 Altitude = 0.00
<30 Nov 2025 08:54:09> [TSimMgr_Server.netRecv_Synch_Pos_VBS] Sender : 192.168.1.50Platform Name : Ahmad Yani - 351 ; Platform ID = 29774 X = 117° 56' 47.4" E Y = 00° 38' 16.1" N Z = 0.000 Course = 0.000 Speed = 0.00 Altitude = 0.00
<30 Nov 2025 08:54:09> [TSimMgr_Server.netRecv_Synch_Pos_VBS] Sender : 192.168.1.50Platform Name : Bung Tomo - 357 ; Platform ID = 29799 X = 117° 51' 42.5" E Y = 00° 30' 57.0" N Z = 0.000 Course = 360.000 Speed = 0.00 Altitude = 0.00
<30 Nov 2025 08:54:09> [TSimMgr_Server.netRecv_Synch_Pos_VBS] Sender : 192.168.1.50Platform Name : Diponegoro - 365 ; Platform ID = 29801 X = 118° 00' 16.1" E Y = 00° 36' 17.3" N Z = 0.000 Course = 360.000 Speed = 0.00 Altitude = 0.00
<30 Nov 2025 08:54:09> [TSimMgr_Server.netRecv_Synch_Pos_VBS] Sender : 192.168.1.50Platform Name : Frans Kaisiepo - 368 ; Platform ID = 29776 X = 117° 47' 54.3" E Y = 00° 34' 29.1" N Z = 0.000 Course = 360.000 Speed = 0.00 Altitude = 0.00
<30 Nov 2025 08:54:09> [TSimMgr_Server.netRecv_Synch_Pos_VBS] Sender : 192.168.1.50Platform Name : Frans Kaisiepo - 368 ; Platform ID = 29776 X = 117° 47' 54.3" E Y = 00° 34' 29.1" N Z = 0.000 Course = 360.000 Speed = 0.00 Altitude = 0.00
<30 Nov 2025 08:54:09> [TSimMgr_Server.netRecv_Synch_Pos_VBS] Sender : 192.168.1.50Platform Name : Frans Kaisiepo - 368 ; Platform ID = 29776 X = 117° 47' 54.3" E Y = 00° 34' 29.1" N Z = 0.000 Course = 360.000 Speed = 0.00 Altitude = 0.00
<30 Nov 2025 08:54:09> [TSimMgr_Server.netRecv_Synch_Pos_VBS] Sender : 192.168.1.50Platform Name : Frans Kaisiepo - 368 ; Platform ID = 29776 X = 117° 47' 54.3" E Y = 00° 34' 29.1" N Z = 0.000 Course = 360.000 Speed = 0.00 Altitude = 0.00
<30 Nov 2025 08:54:09> [TSimMgr_Server.netRecv_Synch_Pos_VBS] Sender : 192.168.1.50Platform Name : I Gusti Ngurah Rai - 332 ; Platform ID = 29777 X = 118° 00' 29.8" E Y = 00° 39' 25.3" N Z = 0.000 Course = 360.000 Speed = 0.00 Altitude = 0.00
<30 Nov 2025 08:54:09> [TSimMgr_Server.netRecv_Synch_Pos_VBS] Sender : 192.168.1.50Platform Name : Karel Satsuitubun - 356 ; Platform ID = 29775 X = 117° 50' 30.4" E Y = 00° 35' 06.3" N Z = 0.000 Course = 0.000 Speed = 0.00 Altitude = 0.00
<30 Nov 2025 08:54:09> [TSimMgr_Server.netRecv_Synch_Pos_VBS] Sender : 192.168.1.50Platform Name : Makassar - 590 ; Platform ID = 29768 X = 117° 54' 48.9" E Y = 00° 33' 00.4" N Z = 0.000 Course = 360.000 Speed = 0.00 Altitude = 0.00
<30 Nov 2025 08:54:09> [TSimMgr_Server.netRecv_Synch_Pos_VBS] Sender : 192.168.1.50Platform Name : Surabaya - 591 ; Platform ID = 29769 X = 117° 51' 17.2" E Y = 00° 35' 08.2" N Z = 0.000 Course = 360.000 Speed = 0.00 Altitude = 0.00
<30 Nov 2025 08:54:09> [TSimMgr_Server.netRecv_Synch_Pos_VBS] Sender : 192.168.1.50Platform Name : Teluk Bintuni - 520 ; Platform ID = 29770 X = 117° 58' 00.6" E Y = 00° 34' 28.2" N Z = 0.000 Course = 0.000 Speed = 0.00 Altitude = 0.00
<30 Nov 2025 08:54:09> [TSimMgr_Server.netRecv_Synch_Pos_VBS] Sender : 192.168.1.50Platform Name : Teluk Wondama - 527 ; Platform ID = 29773 X = 117° 54' 00.2" E Y = 00° 37' 07.4" N Z = 0.000 Course = 0.000 Speed = 0.00 Altitude = 0.00
<30 Nov 2025 08:54:09> [TSimMgr_Server.netRecv_Synch_Pos_VBS] Sender : 192.168.1.50Platform Name : Usman-Harun - 359 ; Platform ID = 29800 X = 117° 48' 41.2" E Y = 00° 31' 15.2" N Z = 0.000 Course = 360.000 Speed = 0.00 Altitude = 0.00
<30 Nov 2025 08:54:09> [TSimMgr_Server.netRecv_Synch_Pos_VBS] Sender : 192.168.1.50Platform Name : Usman-Harun - 359 ; Platform ID = 29800 X = 117° 48' 41.2" E Y = 00° 31' 15.2" N Z = 0.000 Course = 360.000 Speed = 0.00 Altitude = 0.00
<30 Nov 2025 08:54:09> [TSimMgr_Server.netRecv_Synch_Pos_VBS] Sender : 192.168.1.50Platform Name : Usman-Harun - 359 ; Platform ID = 29800 X = 117° 48' 41.2" E Y = 00° 31' 15.2" N Z = 0.000 Course = 360.000 Speed = 0.00 Altitude = 0.00
<30 Nov 2025 08:54:09> [TSimMgr_Server.netRecv_Synch_Pos_VBS] Sender : 192.168.1.50Platform Name : Usman-Harun - 359 ; Platform ID = 29800 X = 117° 48' 41.2" E Y = 00° 31' 15.2" N Z = 0.000 Course = 360.000 Speed = 0.00 Altitude = 0.00
<30 Nov 2025 08:54:09> [TSimMgr_Server.netRecv_Synch_Pos_VBS] Sender : 192.168.1.50Platform Name : Australia - Collins ; Platform ID = 29900 X = 117° 55' 39.7" E Y = 00° 39' 00.9" N Z = 0.000 Course = 0.001 Speed = 0.00 Altitude = 0.00
<30 Nov 2025 08:54:09> [TSimMgr_Client.LogEventRecv] <0059> CPID_CMD_GAME_CTRL               
<30 Nov 2025 08:54:09> [TSimMgr_Server.netRecv_Synch_Pos_VBS] Sender : 192.168.1.50Platform Name : Ahmad Yani - 351 ; Platform ID = 29774 X = 117° 56' 47.4" E Y = 00° 38' 16.1" N Z = 0.000 Course = 0.000 Speed = 0.00 Altitude = 0.00
<30 Nov 2025 08:54:09> [TSimMgr_Server.netRecv_Synch_Pos_VBS] Sender : 192.168.1.50Platform Name : Bung Tomo - 357 ; Platform ID = 29799 X = 117° 51' 42.5" E Y = 00° 30' 57.0" N Z = 0.000 Course = 360.000 Speed = 0.00 Altitude = 0.00
<30 Nov 2025 08:54:09> [TSimMgr_Server.netRecv_Synch_Pos_VBS] Sender : 192.168.1.50Platform Name : Diponegoro - 365 ; Platform ID = 29801 X = 118° 00' 16.1" E Y = 00° 36' 17.3" N Z = 0.000 Course = 360.000 Speed = 0.00 Altitude = 0.00
<30 Nov 2025 08:54:09> [TSimMgr_Server.netRecv_Synch_Pos_VBS] Sender : 192.168.1.50Platform Name : Frans Kaisiepo - 368 ; Platform ID = 29776 X = 117° 47' 54.3" E Y = 00° 34' 29.1" N Z = 0.000 Course = 360.000 Speed = 0.00 Altitude = 0.00
<30 Nov 2025 08:54:09> [TSimMgr_Server.netRecv_Synch_Pos_VBS] Sender : 192.168.1.50Platform Name : I Gusti Ngurah Rai - 332 ; Platform ID = 29777 X = 118° 00' 29.8" E Y = 00° 39' 25.3" N Z = 0.000 Course = 360.000 Speed = 0.00 Altitude = 0.00
<30 Nov 2025 08:54:09> [TSimMgr_Server.netRecv_Synch_Pos_VBS] Sender : 192.168.1.50Platform Name : Karel Satsuitubun - 356 ; Platform ID = 29775 X = 117° 50' 30.4" E Y = 00° 35' 06.3" N Z = 0.000 Course = 0.000 Speed = 0.00 Altitude = 0.00
<30 Nov 2025 08:54:09> [TSimMgr_Server.netRecv_Synch_Pos_VBS] Sender : 192.168.1.50Platform Name : Makassar - 590 ; Platform ID = 29768 X = 117° 54' 48.9" E Y = 00° 33' 00.4" N Z = 0.000 Course = 360.000 Speed = 0.00 Altitude = 0.00
<30 Nov 2025 08:54:09> [TSimMgr_Server.netRecv_Synch_Pos_VBS] Sender : 192.168.1.50Platform Name : Surabaya - 591 ; Platform ID = 29769 X = 117° 51' 17.2" E Y = 00° 35' 08.2" N Z = 0.000 Course = 360.000 Speed = 0.00 Altitude = 0.00
<30 Nov 2025 08:54:09> [TSimMgr_Server.netRecv_Synch_Pos_VBS] Sender : 192.168.1.50Platform Name : Teluk Bintuni - 520 ; Platform ID = 29770 X = 117° 58' 00.6" E Y = 00° 34' 28.2" N Z = 0.000 Course = 0.000 Speed = 0.00 Altitude = 0.00
<30 Nov 2025 08:54:09> [TSimMgr_Server.netRecv_Synch_Pos_VBS] Sender : 192.168.1.50Platform Name : Teluk Wondama - 527 ; Platform ID = 29773 X = 117° 54' 00.2" E Y = 00° 37' 07.4" N Z = 0.000 Course = 0.000 Speed = 0.00 Altitude = 0.00
<30 Nov 2025 08:54:09> [TSimMgr_Server.netRecv_Synch_Pos_VBS] Sender : 192.168.1.50Platform Name : Teluk Wondama - 527 ; Platform ID = 29773 X = 117° 54' 00.2" E Y = 00° 37' 07.4" N Z = 0.000 Course = 0.000 Speed = 0.00 Altitude = 0.00
<30 Nov 2025 08:54:09> [TSimMgr_Server.netRecv_Synch_Pos_VBS] Sender : 192.168.1.50Platform Name : Teluk Wondama - 527 ; Platform ID = 29773 X = 117° 54' 00.2" E Y = 00° 37' 07.4" N Z = 0.000 Course = 0.000 Speed = 0.00 Altitude = 0.00
<30 Nov 2025 08:54:09> [TSimMgr_Server.netRecv_Synch_Pos_VBS] Sender : 192.168.1.50Platform Name : Usman-Harun - 359 ; Platform ID = 29800 X = 117° 48' 41.2" E Y = 00° 31' 15.2" N Z = 0.000 Course = 360.000 Speed = 0.00 Altitude = 0.00
<30 Nov 2025 08:54:09> [TSimMgr_Server.netRecv_Synch_Pos_VBS] Sender : 192.168.1.50Platform Name : Usman-Harun - 359 ; Platform ID = 29800 X = 117° 48' 41.2" E Y = 00° 31' 15.2" N Z = 0.000 Course = 360.000 Speed = 0.00 Altitude = 0.00
<30 Nov 2025 08:54:09> [TSimMgr_Server.netRecv_Synch_Pos_VBS] Sender : 192.168.1.50Platform Name : Usman-Harun - 359 ; Platform ID = 29800 X = 117° 48' 41.2" E Y = 00° 31' 15.2" N Z = 0.000 Course = 360.000 Speed = 0.00 Altitude = 0.00
<30 Nov 2025 08:54:09> [TSimMgr_Server.netRecv_Synch_Pos_VBS] Sender : 192.168.1.50Platform Name : Usman-Harun - 359 ; Platform ID = 29800 X = 117° 48' 41.2" E Y = 00° 31' 15.2" N Z = 0.000 Course = 360.000 Speed = 0.00 Altitude = 0.00
<30 Nov 2025 08:54:09> [TSimMgr_Server.netRecv_Synch_Pos_VBS] Sender : 192.168.1.50Platform Name : Usman-Harun - 359 ; Platform ID = 29800 X = 117° 48' 41.2" E Y = 00° 31' 15.2" N Z = 0.000 Course = 360.000 Speed = 0.00 Altitude = 0.00
<30 Nov 2025 08:54:09> [TSimMgr_Server.netRecv_Synch_Pos_VBS] Sender : 192.168.1.50Platform Name : Usman-Harun - 359 ; Platform ID = 29800 X = 117° 48' 41.2" E Y = 00° 31' 15.2" N Z = 0.000 Course = 360.000 Speed = 0.00 Altitude = 0.00
<30 Nov 2025 08:54:09> [TSimMgr_Server.netRecv_Synch_Pos_VBS] Sender : 192.168.1.50Platform Name : Usman-Harun - 359 ; Platform ID = 29800 X = 117° 48' 41.2" E Y = 00° 31' 15.2" N Z = 0.000 Course = 360.000 Speed = 0.00 Altitude = 0.00
<30 Nov 2025 08:54:09> [TSimMgr_Server.netRecv_Synch_Pos_VBS] Sender : 192.168.1.50Platform Name : Usman-Harun - 359 ; Platform ID = 29800 X = 117° 48' 41.2" E Y = 00° 31' 15.2" N Z = 0.000 Course = 360.000 Speed = 0.00 Altitude = 0.00
<30 Nov 2025 08:54:09> [TSimMgr_Server.netRecv_Synch_Pos_VBS] Sender : 192.168.1.50Platform Name : Australia - Collins ; Platform ID = 29900 X = 117° 55' 39.7" E Y = 00° 39' 00.9" N Z = 0.000 Course = 0.000 Speed = 0.00 Altitude = 0.00
<30 Nov 2025 08:54:17> [TSimMgr_Server.netRecv_Synch_Pos_VBS] Sender : 192.168.1.50Platform Name : Ahmad Yani - 351 ; Platform ID = 29774 X = 117° 56' 47.4" E Y = 00° 38' 16.1" N Z = 0.000 Course = 0.000 Speed = 0.00 Altitude = 0.00
<30 Nov 2025 08:54:17> [TSimMgr_Server.netRecv_Synch_Pos_VBS] Sender : 192.168.1.50Platform Name : Bung Tomo - 357 ; Platform ID = 29799 X = 117° 51' 42.5" E Y = 00° 30' 57.0" N Z = 0.000 Course = 360.000 Speed = 0.00 Altitude = 0.00
<30 Nov 2025 08:54:17> [TSimMgr_Server.netRecv_Synch_Pos_VBS] Sender : 192.168.1.50Platform Name : Diponegoro - 365 ; Platform ID = 29801 X = 118° 00' 16.1" E Y = 00° 36' 17.3" N Z = 0.000 Course = 360.000 Speed = 0.00 Altitude = 0.00
<30 Nov 2025 08:54:17> [TSimMgr_Server.netRecv_Synch_Pos_VBS] Sender : 192.168.1.50Platform Name : Frans Kaisiepo - 368 ; Platform ID = 29776 X = 117° 47' 54.3" E Y = 00° 34' 29.1" N Z = 0.000 Course = 360.000 Speed = 0.00 Altitude = 0.00
<30 Nov 2025 08:54:17> [TSimMgr_Server.netRecv_Synch_Pos_VBS] Sender : 192.168.1.50Platform Name : I Gusti Ngurah Rai - 332 ; Platform ID = 29777 X = 118° 00' 29.8" E Y = 00° 39' 25.3" N Z = 0.000 Course = 360.000 Speed = 0.00 Altitude = 0.00
<30 Nov 2025 08:54:17> [TSimMgr_Server.netRecv_Synch_Pos_VBS] Sender : 192.168.1.50Platform Name : Karel Satsuitubun - 356 ; Platform ID = 29775 X = 117° 50' 30.4" E Y = 00° 35' 06.3" N Z = 0.000 Course = 0.000 Speed = 0.00 Altitude = 0.00
<30 Nov 2025 08:54:17> [TSimMgr_Server.netRecv_Synch_Pos_VBS] Sender : 192.168.1.50Platform Name : Karel Satsuitubun - 356 ; Platform ID = 29775 X = 117° 50' 30.4" E Y = 00° 35' 06.3" N Z = 0.000 Course = 0.000 Speed = 0.00 Altitude = 0.00
<30 Nov 2025 08:54:17> [TSimMgr_Server.netRecv_Synch_Pos_VBS] Sender : 192.168.1.50Platform Name : Karel Satsuitubun - 356 ; Platform ID = 29775 X = 117° 50' 30.4" E Y = 00° 35' 06.3" N Z = 0.000 Course = 0.000 Speed = 0.00 Altitude = 0.00
<30 Nov 2025 08:54:17> [TSimMgr_Server.netRecv_Synch_Pos_VBS] Sender : 192.168.1.50Platform Name : Makassar - 590 ; Platform ID = 29768 X = 117° 54' 48.9" E Y = 00° 33' 00.4" N Z = 0.000 Course = 360.000 Speed = 0.00 Altitude = 0.00
<30 Nov 2025 08:54:17> [TSimMgr_Server.netRecv_Synch_Pos_VBS] Sender : 192.168.1.50Platform Name : Makassar - 590 ; Platform ID = 29768 X = 117° 54' 48.9" E Y = 00° 33' 00.4" N Z = 0.000 Course = 360.000 Speed = 0.00 Altitude = 0.00
<30 Nov 2025 08:54:17> [TSimMgr_Server.netRecv_Synch_Pos_VBS] Sender : 192.168.1.50Platform Name : Surabaya - 591 ; Platform ID = 29769 X = 117° 51' 17.2" E Y = 00° 35' 08.2" N Z = 0.000 Course = 360.000 Speed = 0.00 Altitude = 0.00
<30 Nov 2025 08:54:18> [TSimMgr_Server.netRecv_Synch_Pos_VBS] Sender : 192.168.1.50Platform Name : Teluk Bintuni - 520 ; Platform ID = 29770 X = 117° 58' 00.6" E Y = 00° 34' 28.2" N Z = 0.000 Course = 0.000 Speed = 0.00 Altitude = 0.00
<30 Nov 2025 08:54:18> [TSimMgr_Server.netRecv_Synch_Pos_VBS] Sender : 192.168.1.50Platform Name : Teluk Wondama - 527 ; Platform ID = 29773 X = 117° 54' 00.2" E Y = 00° 37' 07.4" N Z = 0.000 Course = 0.000 Speed = 0.00 Altitude = 0.00
<30 Nov 2025 08:54:18> [TSimMgr_Server.netRecv_Synch_Pos_VBS] Sender : 192.168.1.50Platform Name : Usman-Harun - 359 ; Platform ID = 29800 X = 117° 48' 41.2" E Y = 00° 31' 15.2" N Z = 0.000 Course = 360.000 Speed = 0.00 Altitude = 0.00
<30 Nov 2025 08:54:18> [TSimMgr_Server.netRecv_Synch_Pos_VBS] Sender : 192.168.1.50Platform Name : Australia - Collins ; Platform ID = 29900 X = 117° 55' 39.7" E Y = 00° 39' 00.9" N Z = 0.000 Course = 359.999 Speed = 0.00 Altitude = 0.00
<30 Nov 2025 08:54:18> [TSimMgr_Server.netRecv_Synch_Pos_VBS] Sender : 192.168.1.50Platform Name : Australia - Collins ; Platform ID = 29900 X = 117° 55' 39.7" E Y = 00° 39' 00.9" N Z = 0.000 Course = 359.999 Speed = 0.00 Altitude = 0.00
<30 Nov 2025 08:54:18> [TSimMgr_Server.netRecv_Synch_Pos_VBS] Sender : 192.168.1.50Platform Name : Australia - Collins ; Platform ID = 29900 X = 117° 55' 39.7" E Y = 00° 39' 00.9" N Z = 0.000 Course = 359.999 Speed = 0.00 Altitude = 0.00
<30 Nov 2025 08:54:18> [TSimMgr_Server.netRecv_Synch_Pos_VBS] Sender : 192.168.1.50Platform Name : Australia - Collins ; Platform ID = 29900 X = 117° 55' 39.7" E Y = 00° 39' 00.9" N Z = 0.000 Course = 359.999 Speed = 0.00 Altitude = 0.00
<30 Nov 2025 08:54:19> [TSimMgr_Server.netRecv_Synch_Pos_VBS] Sender : 192.168.1.50Platform Name : Ahmad Yani - 351 ; Platform ID = 29774 X = 117° 56' 47.4" E Y = 00° 38' 16.1" N Z = 0.000 Course = 0.000 Speed = 0.00 Altitude = 0.00
<30 Nov 2025 08:54:19> [TSimMgr_Server.netRecv_Synch_Pos_VBS] Sender : 192.168.1.50Platform Name : Bung Tomo - 357 ; Platform ID = 29799 X = 117° 51' 42.5" E Y = 00° 30' 57.0" N Z = 0.000 Course = 360.000 Speed = 0.00 Altitude = 0.00
<30 Nov 2025 08:54:19> [TSimMgr_Server.netRecv_Synch_Pos_VBS] Sender : 192.168.1.50Platform Name : Diponegoro - 365 ; Platform ID = 29801 X = 118° 00' 16.1" E Y = 00° 36' 17.3" N Z = 0.000 Course = 360.000 Speed = 0.00 Altitude = 0.00
<30 Nov 2025 08:54:19> [TSimMgr_Server.netRecv_Synch_Pos_VBS] Sender : 192.168.1.50Platform Name : Frans Kaisiepo - 368 ; Platform ID = 29776 X = 117° 47' 54.3" E Y = 00° 34' 29.1" N Z = 0.000 Course = 360.000 Speed = 0.00 Altitude = 0.00
<30 Nov 2025 08:54:19> [TSimMgr_Server.netRecv_Synch_Pos_VBS] Sender : 192.168.1.50Platform Name : I Gusti Ngurah Rai - 332 ; Platform ID = 29777 X = 118° 00' 29.8" E Y = 00° 39' 25.3" N Z = 0.000 Course = 360.000 Speed = 0.00 Altitude = 0.00
<30 Nov 2025 08:54:19> [TSimMgr_Server.netRecv_Synch_Pos_VBS] Sender : 192.168.1.50Platform Name : Karel Satsuitubun - 356 ; Platform ID = 29775 X = 117° 50' 30.4" E Y = 00° 35' 06.3" N Z = 0.000 Course = 0.000 Speed = 0.00 Altitude = 0.00
<30 Nov 2025 08:54:19> [TSimMgr_Server.netRecv_Synch_Pos_VBS] Sender : 192.168.1.50Platform Name : Makassar - 590 ; Platform ID = 29768 X = 117° 54' 48.9" E Y = 00° 33' 00.4" N Z = 0.000 Course = 360.000 Speed = 0.00 Altitude = 0.00
<30 Nov 2025 08:54:19> [TSimMgr_Server.netRecv_Synch_Pos_VBS] Sender : 192.168.1.50Platform Name : Makassar - 590 ; Platform ID = 29768 X = 117° 54' 48.9" E Y = 00° 33' 00.4" N Z = 0.000 Course = 360.000 Speed = 0.00 Altitude = 0.00
<30 Nov 2025 08:54:19> [TSimMgr_Server.netRecv_Synch_Pos_VBS] Sender : 192.168.1.50Platform Name : Surabaya - 591 ; Platform ID = 29769 X = 117° 51' 17.2" E Y = 00° 35' 08.2" N Z = 0.000 Course = 360.000 Speed = 0.00 Altitude = 0.00
<30 Nov 2025 08:54:19> [TSimMgr_Server.netRecv_Synch_Pos_VBS] Sender : 192.168.1.50Platform Name : Teluk Bintuni - 520 ; Platform ID = 29770 X = 117° 58' 00.6" E Y = 00° 34' 28.2" N Z = 0.000 Course = 0.000 Speed = 0.00 Altitude = 0.00
<30 Nov 2025 08:54:19> [TSimMgr_Server.netRecv_Synch_Pos_VBS] Sender : 192.168.1.50Platform Name : Teluk Wondama - 527 ; Platform ID = 29773 X = 117° 54' 00.2" E Y = 00° 37' 07.4" N Z = 0.000 Course = 0.000 Speed = 0.00 Altitude = 0.00
<30 Nov 2025 08:54:19> [TSimMgr_Server.netRecv_Synch_Pos_VBS] Sender : 192.168.1.50Platform Name : Usman-Harun - 359 ; Platform ID = 29800 X = 117° 48' 41.2" E Y = 00° 31' 15.2" N Z = 0.000 Course = 360.000 Speed = 0.00 Altitude = 0.00
<30 Nov 2025 08:54:19> [TSimMgr_Server.netRecv_Synch_Pos_VBS] Sender : 192.168.1.50Platform Name : Australia - Collins ; Platform ID = 29900 X = 117° 55' 39.7" E Y = 00° 39' 00.9" N Z = 0.000 Course = 359.998 Speed = 0.00 Altitude = 0.00
<30 Nov 2025 08:54:19> [TSimMgr_Server.netRecv_Synch_Pos_VBS] Sender : 192.168.1.50Platform Name : Australia - Collins ; Platform ID = 29900 X = 117° 55' 39.7" E Y = 00° 39' 00.9" N Z = 0.000 Course = 359.998 Speed = 0.00 Altitude = 0.00
<30 Nov 2025 08:54:19> [TSimMgr_Server.netRecv_Synch_Pos_VBS] Sender : 192.168.1.50Platform Name : Australia - Collins ; Platform ID = 29900 X = 117° 55' 39.7" E Y = 00° 39' 00.9" N Z = 0.000 Course = 359.998 Speed = 0.00 Altitude = 0.00
<30 Nov 2025 08:54:19> [TSimMgr_Server.netRecv_Synch_Pos_VBS] Sender : 192.168.1.50Platform Name : Australia - Collins ; Platform ID = 29900 X = 117° 55' 39.7" E Y = 00° 39' 00.9" N Z = 0.000 Course = 359.998 Speed = 0.00 Altitude = 0.00
<30 Nov 2025 08:54:19> [TSimMgr_Server.netRecv_Synch_Pos_VBS] Sender : 192.168.1.50Platform Name : Australia - Collins ; Platform ID = 29900 X = 117° 55' 39.7" E Y = 00° 39' 00.9" N Z = 0.000 Course = 359.998 Speed = 0.00 Altitude = 0.00
<30 Nov 2025 08:54:19> [TSimMgr_Server.netRecv_Synch_Pos_VBS] Sender : 192.168.1.50Platform Name : Australia - Collins ; Platform ID = 29900 X = 117° 55' 39.7" E Y = 00° 39' 00.9" N Z = 0.000 Course = 359.998 Speed = 0.00 Altitude = 0.00
<30 Nov 2025 08:54:19> [TSimMgr_Server.netRecv_Synch_Pos_VBS] Sender : 192.168.1.50Platform Name : Australia - Collins ; Platform ID = 29900 X = 117° 55' 39.7" E Y = 00° 39' 00.9" N Z = 0.000 Course = 359.998 Speed = 0.00 Altitude = 0.00
<30 Nov 2025 08:54:19> [TSimMgr_Server.netRecv_Synch_Pos_VBS] Sender : 192.168.1.50Platform Name : Australia - Collins ; Platform ID = 29900 X = 117° 55' 39.7" E Y = 00° 39' 00.9" N Z = 0.000 Course = 359.998 Speed = 0.00 Altitude = 0.00
<30 Nov 2025 08:54:20> [TSimMgr_Server.netRecv_Synch_Pos_VBS] Sender : 192.168.1.50Platform Name : Ahmad Yani - 351 ; Platform ID = 29774 X = 117° 56' 47.4" E Y = 00° 38' 16.1" N Z = 0.000 Course = 0.000 Speed = 0.00 Altitude = 0.00
<30 Nov 2025 08:54:20> [TSimMgr_Server.netRecv_Synch_Pos_VBS] Sender : 192.168.1.50Platform Name : Bung Tomo - 357 ; Platform ID = 29799 X = 117° 51' 42.5" E Y = 00° 30' 57.0" N Z = 0.000 Course = 360.000 Speed = 0.00 Altitude = 0.00
<30 Nov 2025 08:54:20> [TSimMgr_Server.netRecv_Synch_Pos_VBS] Sender : 192.168.1.50Platform Name : Diponegoro - 365 ; Platform ID = 29801 X = 118° 00' 16.1" E Y = 00° 36' 17.3" N Z = 0.000 Course = 360.000 Speed = 0.00 Altitude = 0.00
<30 Nov 2025 08:54:20> [TSimMgr_Server.netRecv_Synch_Pos_VBS] Sender : 192.168.1.50Platform Name : Diponegoro - 365 ; Platform ID = 29801 X = 118° 00' 16.1" E Y = 00° 36' 17.3" N Z = 0.000 Course = 360.000 Speed = 0.00 Altitude = 0.00
<30 Nov 2025 08:54:20> [TSimMgr_Server.netRecv_Synch_Pos_VBS] Sender : 192.168.1.50Platform Name : Frans Kaisiepo - 368 ; Platform ID = 29776 X = 117° 47' 54.3" E Y = 00° 34' 29.1" N Z = 0.000 Course = 360.000 Speed = 0.00 Altitude = 0.00
<30 Nov 2025 08:54:20> [TSimMgr_Server.netRecv_Synch_Pos_VBS] Sender : 192.168.1.50Platform Name : Frans Kaisiepo - 368 ; Platform ID = 29776 X = 117° 47' 54.3" E Y = 00° 34' 29.1" N Z = 0.000 Course = 360.000 Speed = 0.00 Altitude = 0.00
<30 Nov 2025 08:54:20> [TSimMgr_Server.netRecv_Synch_Pos_VBS] Sender : 192.168.1.50Platform Name : I Gusti Ngurah Rai - 332 ; Platform ID = 29777 X = 118° 00' 29.8" E Y = 00° 39' 25.3" N Z = 0.000 Course = 360.000 Speed = 0.00 Altitude = 0.00
<30 Nov 2025 08:54:20> [TSimMgr_Server.netRecv_Synch_Pos_VBS] Sender : 192.168.1.50Platform Name : Karel Satsuitubun - 356 ; Platform ID = 29775 X = 117° 50' 30.4" E Y = 00° 35' 06.3" N Z = 0.000 Course = 0.000 Speed = 0.00 Altitude = 0.00
<30 Nov 2025 08:54:20> [TSimMgr_Server.netRecv_Synch_Pos_VBS] Sender : 192.168.1.50Platform Name : Makassar - 590 ; Platform ID = 29768 X = 117° 54' 48.9" E Y = 00° 33' 00.4" N Z = 0.000 Course = 360.000 Speed = 0.00 Altitude = 0.00
<30 Nov 2025 08:54:20> [TSimMgr_Server.netRecv_Synch_Pos_VBS] Sender : 192.168.1.50Platform Name : Surabaya - 591 ; Platform ID = 29769 X = 117° 51' 17.2" E Y = 00° 35' 08.2" N Z = 0.000 Course = 360.000 Speed = 0.00 Altitude = 0.00
<30 Nov 2025 08:54:20> [TSimMgr_Server.netRecv_Synch_Pos_VBS] Sender : 192.168.1.50Platform Name : Teluk Bintuni - 520 ; Platform ID = 29770 X = 117° 58' 00.6" E Y = 00° 34' 28.2" N Z = 0.000 Course = 0.000 Speed = 0.00 Altitude = 0.00
<30 Nov 2025 08:54:20> [TSimMgr_Server.netRecv_Synch_Pos_VBS] Sender : 192.168.1.50Platform Name : Teluk Bintuni - 520 ; Platform ID = 29770 X = 117° 58' 00.6" E Y = 00° 34' 28.2" N Z = 0.000 Course = 0.000 Speed = 0.00 Altitude = 0.00
<30 Nov 2025 08:54:20> [TSimMgr_Server.netRecv_Synch_Pos_VBS] Sender : 192.168.1.50Platform Name : Teluk Bintuni - 520 ; Platform ID = 29770 X = 117° 58' 00.6" E Y = 00° 34' 28.2" N Z = 0.000 Course = 0.000 Speed = 0.00 Altitude = 0.00
<30 Nov 2025 08:54:20> [TSimMgr_Server.netRecv_Synch_Pos_VBS] Sender : 192.168.1.50Platform Name : Teluk Wondama - 527 ; Platform ID = 29773 X = 117° 54' 00.2" E Y = 00° 37' 07.4" N Z = 0.000 Course = 0.000 Speed = 0.00 Altitude = 0.00
<30 Nov 2025 08:54:20> [TSimMgr_Server.netRecv_Synch_Pos_VBS] Sender : 192.168.1.50Platform Name : Usman-Harun - 359 ; Platform ID = 29800 X = 117° 48' 41.2" E Y = 00° 31' 15.2" N Z = 0.000 Course = 360.000 Speed = 0.00 Altitude = 0.00
<30 Nov 2025 08:54:20> [TSimMgr_Server.netRecv_Synch_Pos_VBS] Sender : 192.168.1.50Platform Name : Australia - Collins ; Platform ID = 29900 X = 117° 55' 39.7" E Y = 00° 39' 00.9" N Z = 0.000 Course = 0.001 Speed = 0.00 Altitude = 0.00
<30 Nov 2025 08:54:20> [TSimMgr_Client.LogEventRecv] <0031> CPID_UDP_PLATFORM_MOVE
<30 Nov 2025 08:54:20> [TSimMgr_Client.LogEventRecv] <0031> CPID_UDP_PLATFORM_MOVE
<30 Nov 2025 08:54:20> [TSimMgr_Client.LogEventRecv] <0031> CPID_UDP_PLATFORM_MOVE
<30 Nov 2025 08:54:20> [TSimMgr_Client.LogEventRecv] <0031> CPID_UDP_PLATFORM_MOVE
<30 Nov 2025 08:54:20> [TSimMgr_Client.LogEventRecv] <0031> CPID_UDP_PLATFORM_MOVE
<30 Nov 2025 08:54:20> [TSimMgr_Client.LogEventRecv] <0031> CPID_UDP_PLATFORM_MOVE
<30 Nov 2025 08:54:20> [TSimMgr_Client.LogEventRecv] <0031> CPID_UDP_PLATFORM_MOVE
<30 Nov 2025 08:54:20> [TSimMgr_Client.LogEventRecv] <0031> CPID_UDP_PLATFORM_MOVE
<30 Nov 2025 08:54:20> [TSimMgr_Client.LogEventRecv] <0031> CPID_UDP_PLATFORM_MOVE
<30 Nov 2025 08:54:20> [TSimMgr_Client.LogEventRecv] <0031> CPID_UDP_PLATFORM_MOVE
<30 Nov 2025 08:54:20> [TSimMgr_Client.LogEventRecv] <0031> CPID_UDP_PLATFORM_MOVE
<30 Nov 2025 08:54:20> [TSimMgr_Client.LogEventRecv] <0031> CPID_UDP_PLATFORM_MOVE
<30 Nov 2025 08:54:20> [TSimMgr_Client.LogEventRecv] <0031> CPID_UDP_PLATFORM_MOVE
<30 Nov 2025 08:54:20> [TSimMgr_Client.LogEventRecv] <0031> CPID_UDP_PLATFORM_MOVE
<30 Nov 2025 08:54:20> [TSimMgr_Client.LogEventRecv] <0031> CPID_UDP_PLATFORM_MOVE
<30 Nov 2025 08:54:20> [TSimMgr_Client.LogEventRecv] <0031> CPID_UDP_PLATFORM_MOVE
<30 Nov 2025 08:54:20> [TSimMgr_Client.LogEventRecv] <0031> CPID_UDP_PLATFORM_MOVE
<30 Nov 2025 08:54:20> [TSimMgr_Client.LogEventRecv] <0031> CPID_UDP_PLATFORM_MOVE
<30 Nov 2025 08:54:20> [TSimMgr_Client.LogEventRecv] <0031> CPID_UDP_PLATFORM_MOVE
<30 Nov 2025 08:54:20> [TSimMgr_Client.LogEventRecv] <0031> CPID_UDP_PLATFORM_MOVE
<30 Nov 2025 08:54:20> [TSimMgr_Client.LogEventRecv] <0031> CPID_UDP_PLATFORM_MOVE
<30 Nov 2025 08:54:20> [TSimMgr_Client.LogEventRecv] <0031> CPID_UDP_PLATFORM_MOVE
<30 Nov 2025 08:54:20> [TSimMgr_Client.LogEventRecv] <0031> CPID_UDP_PLATFORM_MOVE
<30 Nov 2025 08:54:20> [TSimMgr_Client.LogEventRecv] <0031> CPID_UDP_PLATFORM_MOVE
<30 Nov 2025 08:54:20> [TSimMgr_Client.LogEventRecv] <0031> CPID_UDP_PLATFORM_MOVE
<30 Nov 2025 08:54:20> [TSimMgr_Client.LogEventRecv] <0031> CPID_UDP_PLATFORM_MOVE
<30 Nov 2025 08:54:20> [TSimMgr_Client.LogEventRecv] <0031> CPID_UDP_PLATFORM_MOVE
<30 Nov 2025 08:54:20> [TSimMgr_Client.LogEventRecv] <0031> CPID_UDP_PLATFORM_MOVE
<30 Nov 2025 08:54:21> [TSimMgr_Client.LogEventRecv] <0031> CPID_UDP_PLATFORM_MOVE
<30 Nov 2025 08:54:21> [TSimMgr_Client.LogEventRecv] <0031> CPID_UDP_PLATFORM_MOVE
<30 Nov 2025 08:54:21> [TSimMgr_Client.LogEventRecv] <0031> CPID_UDP_PLATFORM_MOVE
<30 Nov 2025 08:54:21> [TSimMgr_Client.LogEventRecv] <0031> CPID_UDP_PLATFORM_MOVE
<30 Nov 2025 08:54:21> [TSimMgr_Client.LogEventRecv] <0031> CPID_UDP_PLATFORM_MOVE
<30 Nov 2025 08:54:21> [TSimMgr_Client.LogEventRecv] <0031> CPID_UDP_PLATFORM_MOVE
<30 Nov 2025 08:54:21> [TSimMgr_Client.LogEventRecv] <0031> CPID_UDP_PLATFORM_MOVE
<30 Nov 2025 08:54:21> [TSimMgr_Client.LogEventRecv] <0031> CPID_UDP_PLATFORM_MOVE
<30 Nov 2025 08:54:21> [TSimMgr_Client.LogEventRecv] <0031> CPID_UDP_PLATFORM_MOVE
<30 Nov 2025 08:54:21> [TSimMgr_Client.LogEventRecv] <0031> CPID_UDP_PLATFORM_MOVE
<30 Nov 2025 08:54:21> [TSimMgr_Client.LogEventRecv] <0031> CPID_UDP_PLATFORM_MOVE
<30 Nov 2025 08:54:21> [TSimMgr_Client.LogEventRecv] <0031> CPID_UDP_PLATFORM_MOVE
<30 Nov 2025 08:54:21> [TSimMgr_Client.LogEventRecv] <0031> CPID_UDP_PLATFORM_MOVE
<30 Nov 2025 08:54:21> [TSimMgr_Client.LogEventRecv] <0031> CPID_UDP_PLATFORM_MOVE
<30 Nov 2025 08:54:21> [TSimMgr_Client.LogEventRecv] <0031> CPID_UDP_PLATFORM_MOVE
<30 Nov 2025 08:54:21> [TSimMgr_Client.LogEventRecv] <0031> CPID_UDP_PLATFORM_MOVE
<30 Nov 2025 08:54:21> [TSimMgr_Client.LogEventRecv] <0031> CPID_UDP_PLATFORM_MOVE
<30 Nov 2025 08:54:21> [TSimMgr_Client.LogEventRecv] <0031> CPID_UDP_PLATFORM_MOVE
<30 Nov 2025 08:54:21> [TSimMgr_Client.LogEventRecv] <0031> CPID_UDP_PLATFORM_MOVE
<30 Nov 2025 08:54:21> [TSimMgr_Client.LogEventRecv] <0031> CPID_UDP_PLATFORM_MOVE
<30 Nov 2025 08:54:21> [TSimMgr_Client.LogEventRecv] <0031> CPID_UDP_PLATFORM_MOVE
<30 Nov 2025 08:54:21> [TSimMgr_Client.LogEventRecv] <0031> CPID_UDP_PLATFORM_MOVE
<30 Nov 2025 08:54:21> [TSimMgr_Client.LogEventRecv] <0031> CPID_UDP_PLATFORM_MOVE
<30 Nov 2025 08:54:21> [TSimMgr_Server.netRecv_Synch_Pos_VBS] Sender : 192.168.1.50Platform Name : Ahmad Yani - 351 ; Platform ID = 29774 X = 117° 56' 47.4" E Y = 00° 38' 16.1" N Z = 0.000 Course = 0.000 Speed = 0.00 Altitude = 0.00
<30 Nov 2025 08:54:21> [TSimMgr_Server.netRecv_Synch_Pos_VBS] Sender : 192.168.1.50Platform Name : Bung Tomo - 357 ; Platform ID = 29799 X = 117° 51' 42.5" E Y = 00° 30' 57.0" N Z = 0.000 Course = 360.000 Speed = 0.00 Altitude = 0.00
<30 Nov 2025 08:54:21> [TSimMgr_Server.netRecv_Synch_Pos_VBS] Sender : 192.168.1.50Platform Name : Diponegoro - 365 ; Platform ID = 29801 X = 118° 00' 16.1" E Y = 00° 36' 17.3" N Z = 0.000 Course = 360.000 Speed = 0.00 Altitude = 0.00
<30 Nov 2025 08:54:21> [TSimMgr_Server.netRecv_Synch_Pos_VBS] Sender : 192.168.1.50Platform Name : Frans Kaisiepo - 368 ; Platform ID = 29776 X = 117° 47' 54.3" E Y = 00° 34' 29.1" N Z = 0.000 Course = 360.000 Speed = 0.00 Altitude = 0.00
<30 Nov 2025 08:54:21> [TSimMgr_Server.netRecv_Synch_Pos_VBS] Sender : 192.168.1.50Platform Name : I Gusti Ngurah Rai - 332 ; Platform ID = 29777 X = 118° 00' 29.8" E Y = 00° 39' 25.3" N Z = 0.000 Course = 360.000 Speed = 0.00 Altitude = 0.00
<30 Nov 2025 08:54:21> [TSimMgr_Server.netRecv_Synch_Pos_VBS] Sender : 192.168.1.50Platform Name : Karel Satsuitubun - 356 ; Platform ID = 29775 X = 117° 50' 30.4" E Y = 00° 35' 06.3" N Z = 0.000 Course = 0.000 Speed = 0.00 Altitude = 0.00
<30 Nov 2025 08:54:21> [TSimMgr_Server.netRecv_Synch_Pos_VBS] Sender : 192.168.1.50Platform Name : Karel Satsuitubun - 356 ; Platform ID = 29775 X = 117° 50' 30.4" E Y = 00° 35' 06.3" N Z = 0.000 Course = 0.000 Speed = 0.00 Altitude = 0.00
<30 Nov 2025 08:54:21> [TSimMgr_Server.netRecv_Synch_Pos_VBS] Sender : 192.168.1.50Platform Name : Makassar - 590 ; Platform ID = 29768 X = 117° 54' 48.9" E Y = 00° 33' 00.4" N Z = 0.000 Course = 360.000 Speed = 0.00 Altitude = 0.00
<30 Nov 2025 08:54:21> [TSimMgr_Server.netRecv_Synch_Pos_VBS] Sender : 192.168.1.50Platform Name : Makassar - 590 ; Platform ID = 29768 X = 117° 54' 48.9" E Y = 00° 33' 00.4" N Z = 0.000 Course = 360.000 Speed = 0.00 Altitude = 0.00
<30 Nov 2025 08:54:21> [TSimMgr_Server.netRecv_Synch_Pos_VBS] Sender : 192.168.1.50Platform Name : Surabaya - 591 ; Platform ID = 29769 X = 117° 51' 17.2" E Y = 00° 35' 08.2" N Z = 0.000 Course = 360.000 Speed = 0.00 Altitude = 0.00
<30 Nov 2025 08:54:21> [TSimMgr_Server.netRecv_Synch_Pos_VBS] Sender : 192.168.1.50Platform Name : Teluk Bintuni - 520 ; Platform ID = 29770 X = 117° 58' 00.6" E Y = 00° 34' 28.2" N Z = 0.000 Course = 0.000 Speed = 0.00 Altitude = 0.00
<30 Nov 2025 08:54:21> [TSimMgr_Server.netRecv_Synch_Pos_VBS] Sender : 192.168.1.50Platform Name : Teluk Bintuni - 520 ; Platform ID = 29770 X = 117° 58' 00.6" E Y = 00° 34' 28.2" N Z = 0.000 Course = 0.000 Speed = 0.00 Altitude = 0.00
<30 Nov 2025 08:54:21> [TSimMgr_Server.netRecv_Synch_Pos_VBS] Sender : 192.168.1.50Platform Name : Teluk Wondama - 527 ; Platform ID = 29773 X = 117° 54' 00.2" E Y = 00° 37' 07.4" N Z = 0.000 Course = 0.000 Speed = 0.00 Altitude = 0.00
<30 Nov 2025 08:54:21> [TSimMgr_Server.netRecv_Synch_Pos_VBS] Sender : 192.168.1.50Platform Name : Usman-Harun - 359 ; Platform ID = 29800 X = 117° 48' 41.2" E Y = 00° 31' 15.2" N Z = 0.000 Course = 360.000 Speed = 0.00 Altitude = 0.00
<30 Nov 2025 08:54:21> [TSimMgr_Server.netRecv_Synch_Pos_VBS] Sender : 192.168.1.50Platform Name : Australia - Collins ; Platform ID = 29900 X = 117° 55' 39.7" E Y = 00° 39' 00.9" N Z = 0.000 Course = 359.997 Speed = 0.00 Altitude = 0.00
<30 Nov 2025 08:54:22> [TSimMgr_Server.netRecv_Synch_Pos_VBS] Sender : 192.168.1.50Platform Name : Australia - Collins ; Platform ID = 29900 X = 117° 55' 39.7" E Y = 00° 39' 00.9" N Z = 0.000 Course = 359.997 Speed = 0.00 Altitude = 0.00
<30 Nov 2025 08:54:23> [TSimMgr_Server.netRecv_Synch_Pos_VBS] Sender : 192.168.1.50Platform Name : Ahmad Yani - 351 ; Platform ID = 29774 X = 117° 56' 47.4" E Y = 00° 38' 16.1" N Z = 0.000 Course = 0.000 Speed = 0.00 Altitude = 0.00
<30 Nov 2025 08:54:23> [TSimMgr_Server.netRecv_Synch_Pos_VBS] Sender : 192.168.1.50Platform Name : Bung Tomo - 357 ; Platform ID = 29799 X = 117° 51' 42.5" E Y = 00° 30' 57.0" N Z = 0.000 Course = 360.000 Speed = 0.00 Altitude = 0.00
<30 Nov 2025 08:54:23> [TSimMgr_Server.netRecv_Synch_Pos_VBS] Sender : 192.168.1.50Platform Name : Diponegoro - 365 ; Platform ID = 29801 X = 118° 00' 16.1" E Y = 00° 36' 17.3" N Z = 0.000 Course = 360.000 Speed = 0.00 Altitude = 0.00
<30 Nov 2025 08:54:23> [TSimMgr_Server.netRecv_Synch_Pos_VBS] Sender : 192.168.1.50Platform Name : Frans Kaisiepo - 368 ; Platform ID = 29776 X = 117° 47' 54.3" E Y = 00° 34' 29.1" N Z = 0.000 Course = 360.000 Speed = 0.00 Altitude = 0.00
<30 Nov 2025 08:54:23> [TSimMgr_Server.netRecv_Synch_Pos_VBS] Sender : 192.168.1.50Platform Name : I Gusti Ngurah Rai - 332 ; Platform ID = 29777 X = 118° 00' 29.8" E Y = 00° 39' 25.3" N Z = 0.000 Course = 360.000 Speed = 0.00 Altitude = 0.00
<30 Nov 2025 08:54:23> [TSimMgr_Server.netRecv_Synch_Pos_VBS] Sender : 192.168.1.50Platform Name : Karel Satsuitubun - 356 ; Platform ID = 29775 X = 117° 50' 30.4" E Y = 00° 35' 06.3" N Z = 0.000 Course = 0.000 Speed = 0.00 Altitude = 0.00
<30 Nov 2025 08:54:23> [TSimMgr_Server.netRecv_Synch_Pos_VBS] Sender : 192.168.1.50Platform Name : Karel Satsuitubun - 356 ; Platform ID = 29775 X = 117° 50' 30.4" E Y = 00° 35' 06.3" N Z = 0.000 Course = 0.000 Speed = 0.00 Altitude = 0.00
<30 Nov 2025 08:54:23> [TSimMgr_Server.netRecv_Synch_Pos_VBS] Sender : 192.168.1.50Platform Name : Karel Satsuitubun - 356 ; Platform ID = 29775 X = 117° 50' 30.4" E Y = 00° 35' 06.3" N Z = 0.000 Course = 0.000 Speed = 0.00 Altitude = 0.00
<30 Nov 2025 08:54:23> [TSimMgr_Server.netRecv_Synch_Pos_VBS] Sender : 192.168.1.50Platform Name : Karel Satsuitubun - 356 ; Platform ID = 29775 X = 117° 50' 30.4" E Y = 00° 35' 06.3" N Z = 0.000 Course = 0.000 Speed = 0.00 Altitude = 0.00
<30 Nov 2025 08:54:23> [TSimMgr_Server.netRecv_Synch_Pos_VBS] Sender : 192.168.1.50Platform Name : Makassar - 590 ; Platform ID = 29768 X = 117° 54' 48.9" E Y = 00° 33' 00.4" N Z = 0.000 Course = 360.000 Speed = 0.00 Altitude = 0.00
<30 Nov 2025 08:54:23> [TSimMgr_Server.netRecv_Synch_Pos_VBS] Sender : 192.168.1.50Platform Name : Surabaya - 591 ; Platform ID = 29769 X = 117° 51' 17.2" E Y = 00° 35' 08.2" N Z = 0.000 Course = 360.000 Speed = 0.00 Altitude = 0.00
<30 Nov 2025 08:54:23> [TSimMgr_Server.netRecv_Synch_Pos_VBS] Sender : 192.168.1.50Platform Name : Teluk Bintuni - 520 ; Platform ID = 29770 X = 117° 58' 00.6" E Y = 00° 34' 28.2" N Z = 0.000 Course = 0.000 Speed = 0.00 Altitude = 0.00
<30 Nov 2025 08:54:23> [TSimMgr_Server.netRecv_Synch_Pos_VBS] Sender : 192.168.1.50Platform Name : Teluk Wondama - 527 ; Platform ID = 29773 X = 117° 54' 00.2" E Y = 00° 37' 07.4" N Z = 0.000 Course = 0.000 Speed = 0.00 Altitude = 0.00
<30 Nov 2025 08:54:23> [TSimMgr_Server.netRecv_Synch_Pos_VBS] Sender : 192.168.1.50Platform Name : Usman-Harun - 359 ; Platform ID = 29800 X = 117° 48' 41.2" E Y = 00° 31' 15.2" N Z = 0.000 Course = 360.000 Speed = 0.00 Altitude = 0.00
<30 Nov 2025 08:54:23> [TSimMgr_Server.netRecv_Synch_Pos_VBS] Sender : 192.168.1.50Platform Name : Australia - Collins ; Platform ID = 29900 X = 117° 55' 39.7" E Y = 00° 39' 00.9" N Z = 0.000 Course = 359.997 Speed = 0.00 Altitude = 0.00
<30 Nov 2025 08:54:23> [TSimMgr_Server.netRecv_Synch_Pos_VBS] Sender : 192.168.1.50Platform Name : Australia - Collins ; Platform ID = 29900 X = 117° 55' 39.7" E Y = 00° 39' 00.9" N Z = 0.000 Course = 359.997 Speed = 0.00 Altitude = 0.00
<30 Nov 2025 08:54:23> [TSimMgr_Server.netRecv_Synch_Pos_VBS] Sender : 192.168.1.50Platform Name : Australia - Collins ; Platform ID = 29900 X = 117° 55' 39.7" E Y = 00° 39' 00.9" N Z = 0.000 Course = 359.997 Speed = 0.00 Altitude = 0.00
<30 Nov 2025 08:54:24> [TSimMgr_Server.netRecv_Synch_Pos_VBS] Sender : 192.168.1.50Platform Name : Ahmad Yani - 351 ; Platform ID = 29774 X = 117° 56' 47.4" E Y = 00° 38' 16.1" N Z = 0.000 Course = 0.000 Speed = 0.00 Altitude = 0.00
<30 Nov 2025 08:54:24> [TSimMgr_Server.netRecv_Synch_Pos_VBS] Sender : 192.168.1.50Platform Name : Bung Tomo - 357 ; Platform ID = 29799 X = 117° 51' 42.5" E Y = 00° 30' 57.0" N Z = 0.000 Course = 360.000 Speed = 0.00 Altitude = 0.00
<30 Nov 2025 08:54:24> [TSimMgr_Server.netRecv_Synch_Pos_VBS] Sender : 192.168.1.50Platform Name : Diponegoro - 365 ; Platform ID = 29801 X = 118° 00' 16.1" E Y = 00° 36' 17.3" N Z = 0.000 Course = 360.000 Speed = 0.00 Altitude = 0.00
<30 Nov 2025 08:54:24> [TSimMgr_Server.netRecv_Synch_Pos_VBS] Sender : 192.168.1.50Platform Name : Frans Kaisiepo - 368 ; Platform ID = 29776 X = 117° 47' 54.3" E Y = 00° 34' 29.1" N Z = 0.000 Course = 360.000 Speed = 0.00 Altitude = 0.00
<30 Nov 2025 08:54:24> [TSimMgr_Server.netRecv_Synch_Pos_VBS] Sender : 192.168.1.50Platform Name : Frans Kaisiepo - 368 ; Platform ID = 29776 X = 117° 47' 54.3" E Y = 00° 34' 29.1" N Z = 0.000 Course = 360.000 Speed = 0.00 Altitude = 0.00
<30 Nov 2025 08:54:24> [TSimMgr_Server.netRecv_Synch_Pos_VBS] Sender : 192.168.1.50Platform Name : Frans Kaisiepo - 368 ; Platform ID = 29776 X = 117° 47' 54.3" E Y = 00° 34' 29.1" N Z = 0.000 Course = 360.000 Speed = 0.00 Altitude = 0.00
<30 Nov 2025 08:54:24> [TSimMgr_Server.netRecv_Synch_Pos_VBS] Sender : 192.168.1.50Platform Name : I Gusti Ngurah Rai - 332 ; Platform ID = 29777 X = 118° 00' 29.8" E Y = 00° 39' 25.3" N Z = 0.000 Course = 360.000 Speed = 0.00 Altitude = 0.00
<30 Nov 2025 08:54:24> [TSimMgr_Server.netRecv_Synch_Pos_VBS] Sender : 192.168.1.50Platform Name : I Gusti Ngurah Rai - 332 ; Platform ID = 29777 X = 118° 00' 29.8" E Y = 00° 39' 25.3" N Z = 0.000 Course = 360.000 Speed = 0.00 Altitude = 0.00
<30 Nov 2025 08:54:24> [TSimMgr_Server.netRecv_Synch_Pos_VBS] Sender : 192.168.1.50Platform Name : Karel Satsuitubun - 356 ; Platform ID = 29775 X = 117° 50' 30.4" E Y = 00° 35' 06.3" N Z = 0.000 Course = 0.000 Speed = 0.00 Altitude = 0.00
<30 Nov 2025 08:54:24> [TSimMgr_Server.netRecv_Synch_Pos_VBS] Sender : 192.168.1.50Platform Name : Makassar - 590 ; Platform ID = 29768 X = 117° 54' 48.9" E Y = 00° 33' 00.4" N Z = 0.000 Course = 360.000 Speed = 0.00 Altitude = 0.00
<30 Nov 2025 08:54:24> [TSimMgr_Server.netRecv_Synch_Pos_VBS] Sender : 192.168.1.50Platform Name : Surabaya - 591 ; Platform ID = 29769 X = 117° 51' 17.2" E Y = 00° 35' 08.2" N Z = 0.000 Course = 360.000 Speed = 0.00 Altitude = 0.00
<30 Nov 2025 08:54:24> [TSimMgr_Server.netRecv_Synch_Pos_VBS] Sender : 192.168.1.50Platform Name : Teluk Bintuni - 520 ; Platform ID = 29770 X = 117° 58' 00.6" E Y = 00° 34' 28.2" N Z = 0.000 Course = 0.000 Speed = 0.00 Altitude = 0.00
<30 Nov 2025 08:54:24> [TSimMgr_Server.netRecv_Synch_Pos_VBS] Sender : 192.168.1.50Platform Name : Teluk Bintuni - 520 ; Platform ID = 29770 X = 117° 58' 00.6" E Y = 00° 34' 28.2" N Z = 0.000 Course = 0.000 Speed = 0.00 Altitude = 0.00
<30 Nov 2025 08:54:24> [TSimMgr_Server.netRecv_Synch_Pos_VBS] Sender : 192.168.1.50Platform Name : Teluk Bintuni - 520 ; Platform ID = 29770 X = 117° 58' 00.6" E Y = 00° 34' 28.2" N Z = 0.000 Course = 0.000 Speed = 0.00 Altitude = 0.00
<30 Nov 2025 08:54:24> [TSimMgr_Server.netRecv_Synch_Pos_VBS] Sender : 192.168.1.50Platform Name : Teluk Wondama - 527 ; Platform ID = 29773 X = 117° 54' 00.2" E Y = 00° 37' 07.4" N Z = 0.000 Course = 0.000 Speed = 0.00 Altitude = 0.00
<30 Nov 2025 08:54:24> [TSimMgr_Server.netRecv_Synch_Pos_VBS] Sender : 192.168.1.50Platform Name : Usman-Harun - 359 ; Platform ID = 29800 X = 117° 48' 41.2" E Y = 00° 31' 15.2" N Z = 0.000 Course = 360.000 Speed = 0.00 Altitude = 0.00
<30 Nov 2025 08:54:24> [TSimMgr_Server.netRecv_Synch_Pos_VBS] Sender : 192.168.1.50Platform Name : Australia - Collins ; Platform ID = 29900 X = 117° 55' 39.7" E Y = 00° 39' 00.9" N Z = 0.000 Course = 359.997 Speed = 0.00 Altitude = 0.00
<30 Nov 2025 08:54:25> [TSimMgr_Server.netRecv_Synch_Pos_VBS] Sender : 192.168.1.50Platform Name : Ahmad Yani - 351 ; Platform ID = 29774 X = 117° 56' 47.4" E Y = 00° 38' 16.1" N Z = 0.000 Course = 0.000 Speed = 0.00 Altitude = 0.00
<30 Nov 2025 08:54:25> [TSimMgr_Server.netRecv_Synch_Pos_VBS] Sender : 192.168.1.50Platform Name : Bung Tomo - 357 ; Platform ID = 29799 X = 117° 51' 42.5" E Y = 00° 30' 57.0" N Z = 0.000 Course = 360.000 Speed = 0.00 Altitude = 0.00
<30 Nov 2025 08:54:25> [TSimMgr_Server.netRecv_Synch_Pos_VBS] Sender : 192.168.1.50Platform Name : Diponegoro - 365 ; Platform ID = 29801 X = 118° 00' 16.1" E Y = 00° 36' 17.3" N Z = 0.000 Course = 360.000 Speed = 0.00 Altitude = 0.00
<30 Nov 2025 08:54:25> [TSimMgr_Server.netRecv_Synch_Pos_VBS] Sender : 192.168.1.50Platform Name : Frans Kaisiepo - 368 ; Platform ID = 29776 X = 117° 47' 54.3" E Y = 00° 34' 29.1" N Z = 0.000 Course = 360.000 Speed = 0.00 Altitude = 0.00
<30 Nov 2025 08:54:25> [TSimMgr_Server.netRecv_Synch_Pos_VBS] Sender : 192.168.1.50Platform Name : Frans Kaisiepo - 368 ; Platform ID = 29776 X = 117° 47' 54.3" E Y = 00° 34' 29.1" N Z = 0.000 Course = 360.000 Speed = 0.00 Altitude = 0.00
<30 Nov 2025 08:54:25> [TSimMgr_Server.netRecv_Synch_Pos_VBS] Sender : 192.168.1.50Platform Name : Frans Kaisiepo - 368 ; Platform ID = 29776 X = 117° 47' 54.3" E Y = 00° 34' 29.1" N Z = 0.000 Course = 360.000 Speed = 0.00 Altitude = 0.00
<30 Nov 2025 08:54:25> [TSimMgr_Server.netRecv_Synch_Pos_VBS] Sender : 192.168.1.50Platform Name : Frans Kaisiepo - 368 ; Platform ID = 29776 X = 117° 47' 54.3" E Y = 00° 34' 29.1" N Z = 0.000 Course = 360.000 Speed = 0.00 Altitude = 0.00
<30 Nov 2025 08:54:25> [TSimMgr_Server.netRecv_Synch_Pos_VBS] Sender : 192.168.1.50Platform Name : I Gusti Ngurah Rai - 332 ; Platform ID = 29777 X = 118° 00' 29.8" E Y = 00° 39' 25.3" N Z = 0.000 Course = 360.000 Speed = 0.00 Altitude = 0.00
<30 Nov 2025 08:54:25> [TSimMgr_Server.netRecv_Synch_Pos_VBS] Sender : 192.168.1.50Platform Name : Karel Satsuitubun - 356 ; Platform ID = 29775 X = 117° 50' 30.4" E Y = 00° 35' 06.3" N Z = 0.000 Course = 0.000 Speed = 0.00 Altitude = 0.00
<30 Nov 2025 08:54:25> [TSimMgr_Server.netRecv_Synch_Pos_VBS] Sender : 192.168.1.50Platform Name : Makassar - 590 ; Platform ID = 29768 X = 117° 54' 48.9" E Y = 00° 33' 00.4" N Z = 0.000 Course = 360.000 Speed = 0.00 Altitude = 0.00
<30 Nov 2025 08:54:25> [TSimMgr_Server.netRecv_Synch_Pos_VBS] Sender : 192.168.1.50Platform Name : Surabaya - 591 ; Platform ID = 29769 X = 117° 51' 17.2" E Y = 00° 35' 08.2" N Z = 0.000 Course = 360.000 Speed = 0.00 Altitude = 0.00
<30 Nov 2025 08:54:25> [TSimMgr_Server.netRecv_Synch_Pos_VBS] Sender : 192.168.1.50Platform Name : Teluk Bintuni - 520 ; Platform ID = 29770 X = 117° 58' 00.6" E Y = 00° 34' 28.2" N Z = 0.000 Course = 0.000 Speed = 0.00 Altitude = 0.00
<30 Nov 2025 08:54:25> [TSimMgr_Server.netRecv_Synch_Pos_VBS] Sender : 192.168.1.50Platform Name : Teluk Wondama - 527 ; Platform ID = 29773 X = 117° 54' 00.2" E Y = 00° 37' 07.4" N Z = 0.000 Course = 0.000 Speed = 0.00 Altitude = 0.00
<30 Nov 2025 08:54:25> [TSimMgr_Server.netRecv_Synch_Pos_VBS] Sender : 192.168.1.50Platform Name : Usman-Harun - 359 ; Platform ID = 29800 X = 117° 48' 41.2" E Y = 00° 31' 15.2" N Z = 0.000 Course = 360.000 Speed = 0.00 Altitude = 0.00
<30 Nov 2025 08:54:25> [TSimMgr_Server.netRecv_Synch_Pos_VBS] Sender : 192.168.1.50Platform Name : Usman-Harun - 359 ; Platform ID = 29800 X = 117° 48' 41.2" E Y = 00° 31' 15.2" N Z = 0.000 Course = 360.000 Speed = 0.00 Altitude = 0.00
<30 Nov 2025 08:54:25> [TSimMgr_Server.netRecv_Synch_Pos_VBS] Sender : 192.168.1.50Platform Name : Usman-Harun - 359 ; Platform ID = 29800 X = 117° 48' 41.2" E Y = 00° 31' 15.2" N Z = 0.000 Course = 360.000 Speed = 0.00 Altitude = 0.00
<30 Nov 2025 08:54:25> [TSimMgr_Server.netRecv_Synch_Pos_VBS] Sender : 192.168.1.50Platform Name : Australia - Collins ; Platform ID = 29900 X = 117° 55' 39.7" E Y = 00° 39' 00.9" N Z = 0.000 Course = 359.997 Speed = 0.00 Altitude = 0.00
<30 Nov 2025 08:54:27> [TSimMgr_Server.netRecv_Synch_Pos_VBS] Sender : 192.168.1.50Platform Name : Ahmad Yani - 351 ; Platform ID = 29774 X = 117° 56' 47.4" E Y = 00° 38' 16.1" N Z = 0.000 Course = 0.000 Speed = 0.00 Altitude = 0.00
<30 Nov 2025 08:54:27> [TSimMgr_Server.netRecv_Synch_Pos_VBS] Sender : 192.168.1.50Platform Name : Bung Tomo - 357 ; Platform ID = 29799 X = 117° 51' 42.5" E Y = 00° 30' 57.0" N Z = 0.000 Course = 360.000 Speed = 0.00 Altitude = 0.00
<30 Nov 2025 08:54:27> [TSimMgr_Server.netRecv_Synch_Pos_VBS] Sender : 192.168.1.50Platform Name : Diponegoro - 365 ; Platform ID = 29801 X = 118° 00' 16.1" E Y = 00° 36' 17.3" N Z = 0.000 Course = 360.000 Speed = 0.00 Altitude = 0.00
<30 Nov 2025 08:54:27> [TSimMgr_Server.netRecv_Synch_Pos_VBS] Sender : 192.168.1.50Platform Name : Frans Kaisiepo - 368 ; Platform ID = 29776 X = 117° 47' 54.3" E Y = 00° 34' 29.1" N Z = 0.000 Course = 360.000 Speed = 0.00 Altitude = 0.00
<30 Nov 2025 08:54:27> [TSimMgr_Server.netRecv_Synch_Pos_VBS] Sender : 192.168.1.50Platform Name : I Gusti Ngurah Rai - 332 ; Platform ID = 29777 X = 118° 00' 29.8" E Y = 00° 39' 25.3" N Z = 0.000 Course = 360.000 Speed = 0.00 Altitude = 0.00
<30 Nov 2025 08:54:27> [TSimMgr_Server.netRecv_Synch_Pos_VBS] Sender : 192.168.1.50Platform Name : Karel Satsuitubun - 356 ; Platform ID = 29775 X = 117° 50' 30.4" E Y = 00° 35' 06.3" N Z = 0.000 Course = 0.000 Speed = 0.00 Altitude = 0.00
<30 Nov 2025 08:54:27> [TSimMgr_Server.netRecv_Synch_Pos_VBS] Sender : 192.168.1.50Platform Name : Makassar - 590 ; Platform ID = 29768 X = 117° 54' 48.9" E Y = 00° 33' 00.4" N Z = 0.000 Course = 360.000 Speed = 0.00 Altitude = 0.00
<30 Nov 2025 08:54:27> [TSimMgr_Server.netRecv_Synch_Pos_VBS] Sender : 192.168.1.50Platform Name : Surabaya - 591 ; Platform ID = 29769 X = 117° 51' 17.2" E Y = 00° 35' 08.2" N Z = 0.000 Course = 360.000 Speed = 0.00 Altitude = 0.00
<30 Nov 2025 08:54:27> [TSimMgr_Server.netRecv_Synch_Pos_VBS] Sender : 192.168.1.50Platform Name : Teluk Bintuni - 520 ; Platform ID = 29770 X = 117° 58' 00.6" E Y = 00° 34' 28.2" N Z = 0.000 Course = 0.000 Speed = 0.00 Altitude = 0.00
<30 Nov 2025 08:54:27> [TSimMgr_Server.netRecv_Synch_Pos_VBS] Sender : 192.168.1.50Platform Name : Teluk Wondama - 527 ; Platform ID = 29773 X = 117° 54' 00.2" E Y = 00° 37' 07.4" N Z = 0.000 Course = 0.000 Speed = 0.00 Altitude = 0.00
<30 Nov 2025 08:54:27> [TSimMgr_Server.netRecv_Synch_Pos_VBS] Sender : 192.168.1.50Platform Name : Usman-Harun - 359 ; Platform ID = 29800 X = 117° 48' 41.2" E Y = 00° 31' 15.2" N Z = 0.000 Course = 360.000 Speed = 0.00 Altitude = 0.00
<30 Nov 2025 08:54:27> [TSimMgr_Server.netRecv_Synch_Pos_VBS] Sender : 192.168.1.50Platform Name : Australia - Collins ; Platform ID = 29900 X = 117° 55' 39.7" E Y = 00° 39' 00.9" N Z = 0.000 Course = 359.997 Speed = 0.00 Altitude = 0.00
<30 Nov 2025 08:54:27> [TSimMgr_Server.netRecv_Synch_Pos_VBS] Sender : 192.168.1.50Platform Name : Australia - Collins ; Platform ID = 29900 X = 117° 55' 39.7" E Y = 00° 39' 00.9" N Z = 0.000 Course = 359.997 Speed = 0.00 Altitude = 0.00
<30 Nov 2025 08:54:27> [TSimMgr_Server.netRecv_Synch_Pos_VBS] Sender : 192.168.1.50Platform Name : Australia - Collins ; Platform ID = 29900 X = 117° 55' 39.7" E Y = 00° 39' 00.9" N Z = 0.000 Course = 359.997 Speed = 0.00 Altitude = 0.00
<30 Nov 2025 08:54:27> [TSimMgr_Server.netRecv_Synch_Pos_VBS] Sender : 192.168.1.50Platform Name : Australia - Collins ; Platform ID = 29900 X = 117° 55' 39.7" E Y = 00° 39' 00.9" N Z = 0.000 Course = 359.997 Speed = 0.00 Altitude = 0.00
<30 Nov 2025 08:54:27> [TSimMgr_Server.netRecv_Synch_Pos_VBS] Sender : 192.168.1.50Platform Name : Australia - Collins ; Platform ID = 29900 X = 117° 55' 39.7" E Y = 00° 39' 00.9" N Z = 0.000 Course = 359.997 Speed = 0.00 Altitude = 0.00
<30 Nov 2025 08:54:27> [TSimMgr_Server.netRecv_Synch_Pos_VBS] Sender : 192.168.1.50Platform Name : Australia - Collins ; Platform ID = 29900 X = 117° 55' 39.7" E Y = 00° 39' 00.9" N Z = 0.000 Course = 359.997 Speed = 0.00 Altitude = 0.00
<30 Nov 2025 08:54:27> [TSimMgr_Server.netRecv_Synch_Pos_VBS] Sender : 192.168.1.50Platform Name : Australia - Collins ; Platform ID = 29900 X = 117° 55' 39.7" E Y = 00° 39' 00.9" N Z = 0.000 Course = 359.997 Speed = 0.00 Altitude = 0.00
<30 Nov 2025 08:54:27> [TSimMgr_Server.netRecv_Synch_Pos_VBS] Sender : 192.168.1.50Platform Name : Australia - Collins ; Platform ID = 29900 X = 117° 55' 39.7" E Y = 00° 39' 00.9" N Z = 0.000 Course = 359.997 Speed = 0.00 Altitude = 0.00
<30 Nov 2025 08:54:27> [TSimMgr_Server.netRecv_Synch_Pos_VBS] Sender : 192.168.1.50Platform Name : Australia - Collins ; Platform ID = 29900 X = 117° 55' 39.7" E Y = 00° 39' 00.9" N Z = 0.000 Course = 359.997 Speed = 0.00 Altitude = 0.00
<30 Nov 2025 08:54:27> [TSimMgr_Server.netRecv_Synch_Pos_VBS] Sender : 192.168.1.50Platform Name : Australia - Collins ; Platform ID = 29900 X = 117° 55' 39.7" E Y = 00° 39' 00.9" N Z = 0.000 Course = 359.997 Speed = 0.00 Altitude = 0.00
<30 Nov 2025 08:54:27> [TSimMgr_Server.netRecv_Synch_Pos_VBS] Sender : 192.168.1.50Platform Name : Australia - Collins ; Platform ID = 29900 X = 117° 55' 39.7" E Y = 00° 39' 00.9" N Z = 0.000 Course = 359.997 Speed = 0.00 Altitude = 0.00
<30 Nov 2025 08:54:28> [TSimMgr_Server.netRecv_Synch_Pos_VBS] Sender : 192.168.1.50Platform Name : Ahmad Yani - 351 ; Platform ID = 29774 X = 117° 56' 47.4" E Y = 00° 38' 16.1" N Z = 0.000 Course = 0.000 Speed = 0.00 Altitude = 0.00
<30 Nov 2025 08:54:28> [TSimMgr_Server.netRecv_Synch_Pos_VBS] Sender : 192.168.1.50Platform Name : Bung Tomo - 357 ; Platform ID = 29799 X = 117° 51' 42.5" E Y = 00° 30' 57.0" N Z = 0.000 Course = 360.000 Speed = 0.00 Altitude = 0.00
<30 Nov 2025 08:54:28> [TSimMgr_Server.netRecv_Synch_Pos_VBS] Sender : 192.168.1.50Platform Name : Diponegoro - 365 ; Platform ID = 29801 X = 118° 00' 16.1" E Y = 00° 36' 17.3" N Z = 0.000 Course = 360.000 Speed = 0.00 Altitude = 0.00
<30 Nov 2025 08:54:28> [TSimMgr_Server.netRecv_Synch_Pos_VBS] Sender : 192.168.1.50Platform Name : Frans Kaisiepo - 368 ; Platform ID = 29776 X = 117° 47' 54.3" E Y = 00° 34' 29.1" N Z = 0.000 Course = 360.000 Speed = 0.00 Altitude = 0.00
<30 Nov 2025 08:54:28> [TSimMgr_Server.netRecv_Synch_Pos_VBS] Sender : 192.168.1.50Platform Name : I Gusti Ngurah Rai - 332 ; Platform ID = 29777 X = 118° 00' 29.8" E Y = 00° 39' 25.3" N Z = 0.000 Course = 360.000 Speed = 0.00 Altitude = 0.00
<30 Nov 2025 08:54:28> [TSimMgr_Server.netRecv_Synch_Pos_VBS] Sender : 192.168.1.50Platform Name : Karel Satsuitubun - 356 ; Platform ID = 29775 X = 117° 50' 30.4" E Y = 00° 35' 06.3" N Z = 0.000 Course = 0.000 Speed = 0.00 Altitude = 0.00
<30 Nov 2025 08:54:28> [TSimMgr_Server.netRecv_Synch_Pos_VBS] Sender : 192.168.1.50Platform Name : Makassar - 590 ; Platform ID = 29768 X = 117° 54' 48.9" E Y = 00° 33' 00.4" N Z = 0.000 Course = 360.000 Speed = 0.00 Altitude = 0.00
<30 Nov 2025 08:54:28> [TSimMgr_Server.netRecv_Synch_Pos_VBS] Sender : 192.168.1.50Platform Name : Makassar - 590 ; Platform ID = 29768 X = 117° 54' 48.9" E Y = 00° 33' 00.4" N Z = 0.000 Course = 360.000 Speed = 0.00 Altitude = 0.00
<30 Nov 2025 08:54:28> [TSimMgr_Server.netRecv_Synch_Pos_VBS] Sender : 192.168.1.50Platform Name : Surabaya - 591 ; Platform ID = 29769 X = 117° 51' 17.2" E Y = 00° 35' 08.2" N Z = 0.000 Course = 360.000 Speed = 0.00 Altitude = 0.00
<30 Nov 2025 08:54:28> [TSimMgr_Server.netRecv_Synch_Pos_VBS] Sender : 192.168.1.50Platform Name : Surabaya - 591 ; Platform ID = 29769 X = 117° 51' 17.2" E Y = 00° 35' 08.2" N Z = 0.000 Course = 360.000 Speed = 0.00 Altitude = 0.00
<30 Nov 2025 08:54:28> [TSimMgr_Server.netRecv_Synch_Pos_VBS] Sender : 192.168.1.50Platform Name : Teluk Bintuni - 520 ; Platform ID = 29770 X = 117° 58' 00.6" E Y = 00° 34' 28.2" N Z = 0.000 Course = 0.000 Speed = 0.00 Altitude = 0.00
<30 Nov 2025 08:54:28> [TSimMgr_Server.netRecv_Synch_Pos_VBS] Sender : 192.168.1.50Platform Name : Teluk Wondama - 527 ; Platform ID = 29773 X = 117° 54' 00.2" E Y = 00° 37' 07.4" N Z = 0.000 Course = 0.000 Speed = 0.00 Altitude = 0.00
<30 Nov 2025 08:54:28> [TSimMgr_Server.netRecv_Synch_Pos_VBS] Sender : 192.168.1.50Platform Name : Usman-Harun - 359 ; Platform ID = 29800 X = 117° 48' 41.2" E Y = 00° 31' 15.2" N Z = 0.000 Course = 360.000 Speed = 0.00 Altitude = 0.00
<30 Nov 2025 08:54:28> [TSimMgr_Server.netRecv_Synch_Pos_VBS] Sender : 192.168.1.50Platform Name : Australia - Collins ; Platform ID = 29900 X = 117° 55' 39.7" E Y = 00° 39' 00.9" N Z = 0.000 Course = 359.997 Speed = 0.00 Altitude = 0.00
<30 Nov 2025 08:54:29> [TSimMgr_Client.LogEventRecv] <0031> CPID_UDP_PLATFORM_MOVE
<30 Nov 2025 08:54:29> [TSimMgr_Client.LogEventRecv] <0031> CPID_UDP_PLATFORM_MOVE
<30 Nov 2025 08:54:29> [TSimMgr_Client.LogEventRecv] <0031> CPID_UDP_PLATFORM_MOVE
<30 Nov 2025 08:54:29> [TSimMgr_Client.LogEventRecv] <0031> CPID_UDP_PLATFORM_MOVE
<30 Nov 2025 08:54:29> [TSimMgr_Client.LogEventRecv] <0031> CPID_UDP_PLATFORM_MOVE
<30 Nov 2025 08:54:29> [TSimMgr_Client.LogEventRecv] <0031> CPID_UDP_PLATFORM_MOVE
<30 Nov 2025 08:54:29> [TSimMgr_Client.LogEventRecv] <0031> CPID_UDP_PLATFORM_MOVE
<30 Nov 2025 08:54:29> [TSimMgr_Client.LogEventRecv] <0031> CPID_UDP_PLATFORM_MOVE
<30 Nov 2025 08:54:29> [TSimMgr_Client.LogEventRecv] <0031> CPID_UDP_PLATFORM_MOVE
<30 Nov 2025 08:54:29> [TSimMgr_Client.LogEventRecv] <0031> CPID_UDP_PLATFORM_MOVE
<30 Nov 2025 08:54:29> [TSimMgr_Client.LogEventRecv] <0031> CPID_UDP_PLATFORM_MOVE
<30 Nov 2025 08:54:29> [TSimMgr_Client.LogEventRecv] <0031> CPID_UDP_PLATFORM_MOVE
<30 Nov 2025 08:54:29> [TSimMgr_Client.LogEventRecv] <0031> CPID_UDP_PLATFORM_MOVE
<30 Nov 2025 08:54:29> [TSimMgr_Client.LogEventRecv] <0031> CPID_UDP_PLATFORM_MOVE
<30 Nov 2025 08:54:29> [TSimMgr_Client.LogEventRecv] <0031> CPID_UDP_PLATFORM_MOVE
<30 Nov 2025 08:54:29> [TSimMgr_Client.LogEventRecv] <0031> CPID_UDP_PLATFORM_MOVE
<30 Nov 2025 08:54:29> [TSimMgr_Client.LogEventRecv] <0031> CPID_UDP_PLATFORM_MOVE
<30 Nov 2025 08:54:29> [TSimMgr_Client.LogEventRecv] <0031> CPID_UDP_PLATFORM_MOVE
<30 Nov 2025 08:54:29> [TSimMgr_Client.LogEventRecv] <0031> CPID_UDP_PLATFORM_MOVE
<30 Nov 2025 08:54:29> [TSimMgr_Client.LogEventRecv] <0031> CPID_UDP_PLATFORM_MOVE
<30 Nov 2025 08:54:29> [TSimMgr_Client.LogEventRecv] <0031> CPID_UDP_PLATFORM_MOVE
<30 Nov 2025 08:54:29> [TSimMgr_Client.LogEventRecv] <0031> CPID_UDP_PLATFORM_MOVE
<30 Nov 2025 08:54:29> [TSimMgr_Client.LogEventRecv] <0031> CPID_UDP_PLATFORM_MOVE
<30 Nov 2025 08:54:29> [TSimMgr_Client.LogEventRecv] <0031> CPID_UDP_PLATFORM_MOVE
<30 Nov 2025 08:54:29> [TSimMgr_Client.LogEventRecv] <0031> CPID_UDP_PLATFORM_MOVE
<30 Nov 2025 08:54:29> [TSimMgr_Client.LogEventRecv] <0031> CPID_UDP_PLATFORM_MOVE
<30 Nov 2025 08:54:29> [TSimMgr_Client.LogEventRecv] <0031> CPID_UDP_PLATFORM_MOVE
<30 Nov 2025 08:54:29> [TSimMgr_Client.LogEventRecv] <0031> CPID_UDP_PLATFORM_MOVE
<30 Nov 2025 08:54:29> [TSimMgr_Client.LogEventRecv] <0031> CPID_UDP_PLATFORM_MOVE
<30 Nov 2025 08:54:29> [TSimMgr_Client.LogEventRecv] <0031> CPID_UDP_PLATFORM_MOVE
<30 Nov 2025 08:54:29> [TSimMgr_Client.LogEventRecv] <0031> CPID_UDP_PLATFORM_MOVE
<30 Nov 2025 08:54:29> [TSimMgr_Client.LogEventRecv] <0031> CPID_UDP_PLATFORM_MOVE
<30 Nov 2025 08:54:29> [TSimMgr_Client.LogEventRecv] <0031> CPID_UDP_PLATFORM_MOVE
<30 Nov 2025 08:54:29> [TSimMgr_Client.LogEventRecv] <0031> CPID_UDP_PLATFORM_MOVE
<30 Nov 2025 08:54:29> [TSimMgr_Client.LogEventRecv] <0031> CPID_UDP_PLATFORM_MOVE
<30 Nov 2025 08:54:29> [TSimMgr_Client.LogEventRecv] <0031> CPID_UDP_PLATFORM_MOVE
<30 Nov 2025 08:54:29> [TSimMgr_Client.LogEventRecv] <0031> CPID_UDP_PLATFORM_MOVE
<30 Nov 2025 08:54:29> [TSimMgr_Client.LogEventRecv] <0031> CPID_UDP_PLATFORM_MOVE
<30 Nov 2025 08:54:29> [TSimMgr_Client.LogEventRecv] <0031> CPID_UDP_PLATFORM_MOVE
<30 Nov 2025 08:54:29> [TSimMgr_Client.LogEventRecv] <0031> CPID_UDP_PLATFORM_MOVE
<30 Nov 2025 08:54:29> [TSimMgr_Client.LogEventRecv] <0031> CPID_UDP_PLATFORM_MOVE
<30 Nov 2025 08:54:29> [TSimMgr_Client.LogEventRecv] <0031> CPID_UDP_PLATFORM_MOVE
<30 Nov 2025 08:54:29> [TSimMgr_Client.LogEventRecv] <0031> CPID_UDP_PLATFORM_MOVE
<30 Nov 2025 08:54:29> [TSimMgr_Client.LogEventRecv] <0031> CPID_UDP_PLATFORM_MOVE
<30 Nov 2025 08:54:29> [TSimMgr_Client.LogEventRecv] <0031> CPID_UDP_PLATFORM_MOVE
<30 Nov 2025 08:54:29> [TSimMgr_Client.LogEventRecv] <0031> CPID_UDP_PLATFORM_MOVE
<30 Nov 2025 08:54:29> [TSimMgr_Client.LogEventRecv] <0031> CPID_UDP_PLATFORM_MOVE
<30 Nov 2025 08:54:29> [TSimMgr_Client.LogEventRecv] <0031> CPID_UDP_PLATFORM_MOVE
<30 Nov 2025 08:54:29> [TSimMgr_Client.LogEventRecv] <0031> CPID_UDP_PLATFORM_MOVE
<30 Nov 2025 08:54:29> [TSimMgr_Client.LogEventRecv] <0031> CPID_UDP_PLATFORM_MOVE
<30 Nov 2025 08:54:29> [TSimMgr_Client.LogEventRecv] <0031> CPID_UDP_PLATFORM_MOVE
<30 Nov 2025 08:54:29> [TSimMgr_Server.netRecv_Synch_Pos_VBS] Sender : 192.168.1.50Platform Name : Ahmad Yani - 351 ; Platform ID = 29774 X = 117° 56' 47.4" E Y = 00° 38' 16.1" N Z = 0.000 Course = 0.000 Speed = 0.00 Altitude = 0.00
<30 Nov 2025 08:54:29> [TSimMgr_Server.netRecv_Synch_Pos_VBS] Sender : 192.168.1.50Platform Name : Bung Tomo - 357 ; Platform ID = 29799 X = 117° 51' 42.5" E Y = 00° 30' 57.0" N Z = 0.000 Course = 360.000 Speed = 0.00 Altitude = 0.00
<30 Nov 2025 08:54:29> [TSimMgr_Server.netRecv_Synch_Pos_VBS] Sender : 192.168.1.50Platform Name : Diponegoro - 365 ; Platform ID = 29801 X = 118° 00' 16.1" E Y = 00° 36' 17.3" N Z = 0.000 Course = 360.000 Speed = 0.00 Altitude = 0.00
<30 Nov 2025 08:54:29> [TSimMgr_Server.netRecv_Synch_Pos_VBS] Sender : 192.168.1.50Platform Name : Diponegoro - 365 ; Platform ID = 29801 X = 118° 00' 16.1" E Y = 00° 36' 17.3" N Z = 0.000 Course = 360.000 Speed = 0.00 Altitude = 0.00
<30 Nov 2025 08:54:29> [TSimMgr_Server.netRecv_Synch_Pos_VBS] Sender : 192.168.1.50Platform Name : Diponegoro - 365 ; Platform ID = 29801 X = 118° 00' 16.1" E Y = 00° 36' 17.3" N Z = 0.000 Course = 360.000 Speed = 0.00 Altitude = 0.00
<30 Nov 2025 08:54:29> [TSimMgr_Server.netRecv_Synch_Pos_VBS] Sender : 192.168.1.50Platform Name : Frans Kaisiepo - 368 ; Platform ID = 29776 X = 117° 47' 54.3" E Y = 00° 34' 29.1" N Z = 0.000 Course = 360.000 Speed = 0.00 Altitude = 0.00
<30 Nov 2025 08:54:29> [TSimMgr_Server.netRecv_Synch_Pos_VBS] Sender : 192.168.1.50Platform Name : I Gusti Ngurah Rai - 332 ; Platform ID = 29777 X = 118° 00' 29.8" E Y = 00° 39' 25.3" N Z = 0.000 Course = 360.000 Speed = 0.00 Altitude = 0.00
<30 Nov 2025 08:54:29> [TSimMgr_Server.netRecv_Synch_Pos_VBS] Sender : 192.168.1.50Platform Name : Karel Satsuitubun - 356 ; Platform ID = 29775 X = 117° 50' 30.4" E Y = 00° 35' 06.3" N Z = 0.000 Course = 0.000 Speed = 0.00 Altitude = 0.00
<30 Nov 2025 08:54:29> [TSimMgr_Server.netRecv_Synch_Pos_VBS] Sender : 192.168.1.50Platform Name : Makassar - 590 ; Platform ID = 29768 X = 117° 54' 48.9" E Y = 00° 33' 00.4" N Z = 0.000 Course = 360.000 Speed = 0.00 Altitude = 0.00
<30 Nov 2025 08:54:29> [TSimMgr_Server.netRecv_Synch_Pos_VBS] Sender : 192.168.1.50Platform Name : Surabaya - 591 ; Platform ID = 29769 X = 117° 51' 17.2" E Y = 00° 35' 08.2" N Z = 0.000 Course = 360.000 Speed = 0.00 Altitude = 0.00
<30 Nov 2025 08:54:29> [TSimMgr_Server.netRecv_Synch_Pos_VBS] Sender : 192.168.1.50Platform Name : Teluk Bintuni - 520 ; Platform ID = 29770 X = 117° 58' 00.6" E Y = 00° 34' 28.2" N Z = 0.000 Course = 0.000 Speed = 0.00 Altitude = 0.00
<30 Nov 2025 08:54:29> [TSimMgr_Server.netRecv_Synch_Pos_VBS] Sender : 192.168.1.50Platform Name : Teluk Bintuni - 520 ; Platform ID = 29770 X = 117° 58' 00.6" E Y = 00° 34' 28.2" N Z = 0.000 Course = 0.000 Speed = 0.00 Altitude = 0.00
<30 Nov 2025 08:54:29> [TSimMgr_Server.netRecv_Synch_Pos_VBS] Sender : 192.168.1.50Platform Name : Teluk Bintuni - 520 ; Platform ID = 29770 X = 117° 58' 00.6" E Y = 00° 34' 28.2" N Z = 0.000 Course = 0.000 Speed = 0.00 Altitude = 0.00
<30 Nov 2025 08:54:29> [TSimMgr_Server.netRecv_Synch_Pos_VBS] Sender : 192.168.1.50Platform Name : Teluk Wondama - 527 ; Platform ID = 29773 X = 117° 54' 00.2" E Y = 00° 37' 07.4" N Z = 0.000 Course = 0.000 Speed = 0.00 Altitude = 0.00
<30 Nov 2025 08:54:29> [TSimMgr_Server.netRecv_Synch_Pos_VBS] Sender : 192.168.1.50Platform Name : Usman-Harun - 359 ; Platform ID = 29800 X = 117° 48' 41.2" E Y = 00° 31' 15.2" N Z = 0.000 Course = 360.000 Speed = 0.00 Altitude = 0.00
<30 Nov 2025 08:54:29> [TSimMgr_Server.netRecv_Synch_Pos_VBS] Sender : 192.168.1.50Platform Name : Australia - Collins ; Platform ID = 29900 X = 117° 55' 39.7" E Y = 00° 39' 00.9" N Z = 0.000 Course = 359.998 Speed = 0.00 Altitude = 0.00
<30 Nov 2025 08:54:30> [TSimMgr_Client.LogEventRecv] <0055> CPID_CMD_SYNCH                   
<30 Nov 2025 08:54:30> [TSimMgr_Client.LogEventRecv] <0055> CPID_CMD_SYNCH                   
<30 Nov 2025 08:54:31> [TSimMgr_Server.netRecv_Synch_Pos_VBS] Sender : 192.168.1.50Platform Name : Ahmad Yani - 351 ; Platform ID = 29774 X = 117° 56' 47.4" E Y = 00° 38' 16.1" N Z = 0.000 Course = 0.000 Speed = 0.00 Altitude = 0.00
<30 Nov 2025 08:54:31> [TSimMgr_Server.netRecv_Synch_Pos_VBS] Sender : 192.168.1.50Platform Name : Bung Tomo - 357 ; Platform ID = 29799 X = 117° 51' 42.5" E Y = 00° 30' 57.0" N Z = 0.000 Course = 360.000 Speed = 0.00 Altitude = 0.00
<30 Nov 2025 08:54:31> [TSimMgr_Server.netRecv_Synch_Pos_VBS] Sender : 192.168.1.50Platform Name : Diponegoro - 365 ; Platform ID = 29801 X = 118° 00' 16.1" E Y = 00° 36' 17.3" N Z = 0.000 Course = 360.000 Speed = 0.00 Altitude = 0.00
<30 Nov 2025 08:54:31> [TSimMgr_Server.netRecv_Synch_Pos_VBS] Sender : 192.168.1.50Platform Name : Frans Kaisiepo - 368 ; Platform ID = 29776 X = 117° 47' 54.3" E Y = 00° 34' 29.1" N Z = 0.000 Course = 360.000 Speed = 0.00 Altitude = 0.00
<30 Nov 2025 08:54:31> [TSimMgr_Server.netRecv_Synch_Pos_VBS] Sender : 192.168.1.50Platform Name : I Gusti Ngurah Rai - 332 ; Platform ID = 29777 X = 118° 00' 29.8" E Y = 00° 39' 25.3" N Z = 0.000 Course = 360.000 Speed = 0.00 Altitude = 0.00
<30 Nov 2025 08:54:31> [TSimMgr_Server.netRecv_Synch_Pos_VBS] Sender : 192.168.1.50Platform Name : Karel Satsuitubun - 356 ; Platform ID = 29775 X = 117° 50' 30.4" E Y = 00° 35' 06.3" N Z = 0.000 Course = 0.000 Speed = 0.00 Altitude = 0.00
<30 Nov 2025 08:54:31> [TSimMgr_Server.netRecv_Synch_Pos_VBS] Sender : 192.168.1.50Platform Name : Makassar - 590 ; Platform ID = 29768 X = 117° 54' 48.9" E Y = 00° 33' 00.4" N Z = 0.000 Course = 360.000 Speed = 0.00 Altitude = 0.00
<30 Nov 2025 08:54:31> [TSimMgr_Server.netRecv_Synch_Pos_VBS] Sender : 192.168.1.50Platform Name : Surabaya - 591 ; Platform ID = 29769 X = 117° 51' 17.2" E Y = 00° 35' 08.2" N Z = 0.000 Course = 360.000 Speed = 0.00 Altitude = 0.00
<30 Nov 2025 08:54:31> [TSimMgr_Server.netRecv_Synch_Pos_VBS] Sender : 192.168.1.50Platform Name : Surabaya - 591 ; Platform ID = 29769 X = 117° 51' 17.2" E Y = 00° 35' 08.2" N Z = 0.000 Course = 360.000 Speed = 0.00 Altitude = 0.00
<30 Nov 2025 08:54:31> [TSimMgr_Server.netRecv_Synch_Pos_VBS] Sender : 192.168.1.50Platform Name : Surabaya - 591 ; Platform ID = 29769 X = 117° 51' 17.2" E Y = 00° 35' 08.2" N Z = 0.000 Course = 360.000 Speed = 0.00 Altitude = 0.00
<30 Nov 2025 08:54:31> [TSimMgr_Server.netRecv_Synch_Pos_VBS] Sender : 192.168.1.50Platform Name : Surabaya - 591 ; Platform ID = 29769 X = 117° 51' 17.2" E Y = 00° 35' 08.2" N Z = 0.000 Course = 360.000 Speed = 0.00 Altitude = 0.00
<30 Nov 2025 08:54:31> [TSimMgr_Server.netRecv_Synch_Pos_VBS] Sender : 192.168.1.50Platform Name : Teluk Bintuni - 520 ; Platform ID = 29770 X = 117° 58' 00.6" E Y = 00° 34' 28.2" N Z = 0.000 Course = 0.000 Speed = 0.00 Altitude = 0.00
<30 Nov 2025 08:54:31> [TSimMgr_Server.netRecv_Synch_Pos_VBS] Sender : 192.168.1.50Platform Name : Teluk Wondama - 527 ; Platform ID = 29773 X = 117° 54' 00.2" E Y = 00° 37' 07.4" N Z = 0.000 Course = 0.000 Speed = 0.00 Altitude = 0.00
<30 Nov 2025 08:54:31> [TSimMgr_Server.netRecv_Synch_Pos_VBS] Sender : 192.168.1.50Platform Name : Usman-Harun - 359 ; Platform ID = 29800 X = 117° 48' 41.2" E Y = 00° 31' 15.2" N Z = 0.000 Course = 360.000 Speed = 0.00 Altitude = 0.00
<30 Nov 2025 08:54:31> [TSimMgr_Server.netRecv_Synch_Pos_VBS] Sender : 192.168.1.50Platform Name : Australia - Collins ; Platform ID = 29900 X = 117° 55' 39.7" E Y = 00° 39' 00.9" N Z = 0.000 Course = 0.000 Speed = 0.00 Altitude = 0.00
<30 Nov 2025 08:54:31> [TSimMgr_Client.LogEventRecv] <0015> UNDEFINED (15)
<30 Nov 2025 08:54:31> [TSimMgr_Client.LogEventRecv] <0015> UNDEFINED (15)
<30 Nov 2025 08:54:31> [TSimMgr_Client.LogEventRecv] <0015> UNDEFINED (15)
<30 Nov 2025 08:54:31> [TSimMgr_Client.LogEventRecv] <0015> UNDEFINED (15)
<30 Nov 2025 08:54:31> [TSimMgr_Client.LogEventRecv] <0015> UNDEFINED (15)
<30 Nov 2025 08:54:31> [TSimMgr_Client.LogEventRecv] <0015> UNDEFINED (15)
<30 Nov 2025 08:54:31> [TSimMgr_Client.LogEventRecv] <0015> UNDEFINED (15)
<30 Nov 2025 08:54:31> [TSimMgr_Client.LogEventRecv] <0015> UNDEFINED (15)
<30 Nov 2025 08:54:31> [TSimMgr_Client.LogEventRecv] <0015> UNDEFINED (15)
<30 Nov 2025 08:54:31> [TSimMgr_Client.LogEventRecv] <0015> UNDEFINED (15)
<30 Nov 2025 08:54:31> [TSimMgr_Client.LogEventRecv] <0015> UNDEFINED (15)
<30 Nov 2025 08:54:31> [TSimMgr_Client.LogEventRecv] <0015> UNDEFINED (15)
<30 Nov 2025 08:54:31> [TSimMgr_Client.LogEventRecv] <0015> UNDEFINED (15)
<30 Nov 2025 08:54:31> [TSimMgr_Client.LogEventRecv] <0015> UNDEFINED (15)
<30 Nov 2025 08:54:31> [TSimMgr_Client.LogEventRecv] <0015> UNDEFINED (15)
<30 Nov 2025 08:54:31> [TSimMgr_Client.LogEventRecv] <0015> UNDEFINED (15)
<30 Nov 2025 08:54:31> [TSimMgr_Client.LogEventRecv] <0015> UNDEFINED (15)
<30 Nov 2025 08:54:31> [TSimMgr_Client.LogEventRecv] <0015> UNDEFINED (15)
<30 Nov 2025 08:54:31> [TSimMgr_Client.LogEventRecv] <0015> UNDEFINED (15)
<30 Nov 2025 08:54:31> [TSimMgr_Client.LogEventRecv] <0015> UNDEFINED (15)
<30 Nov 2025 08:54:32> [TSimMgr_Client.LogEventRecv] <0015> UNDEFINED (15)
<30 Nov 2025 08:54:32> [TSimMgr_Client.LogEventRecv] <0015> UNDEFINED (15)
<30 Nov 2025 08:54:32> [TSimMgr_Client.LogEventRecv] <0015> UNDEFINED (15)
<30 Nov 2025 08:54:32> [TSimMgr_Client.LogEventRecv] <0015> UNDEFINED (15)
<30 Nov 2025 08:54:32> [TSimMgr_Client.LogEventRecv] <0015> UNDEFINED (15)
<30 Nov 2025 08:54:32> [TSimMgr_Client.LogEventRecv] <0015> UNDEFINED (15)
<30 Nov 2025 08:54:32> [TSimMgr_Client.LogEventRecv] <0015> UNDEFINED (15)
<30 Nov 2025 08:54:32> [TSimMgr_Client.LogEventRecv] <0015> UNDEFINED (15)
<30 Nov 2025 08:54:32> [TSimMgr_Client.LogEventRecv] <0015> UNDEFINED (15)
<30 Nov 2025 08:54:32> [TSimMgr_Client.LogEventRecv] <0015> UNDEFINED (15)
<30 Nov 2025 08:54:32> [TSimMgr_Client.LogEventRecv] <0015> UNDEFINED (15)
<30 Nov 2025 08:54:32> [TSimMgr_Client.LogEventRecv] <0015> UNDEFINED (15)
<30 Nov 2025 08:54:32> [TSimMgr_Client.LogEventRecv] <0015> UNDEFINED (15)
<30 Nov 2025 08:54:32> [TSimMgr_Client.LogEventRecv] <0015> UNDEFINED (15)
<30 Nov 2025 08:54:32> [TSimMgr_Client.LogEventRecv] <0015> UNDEFINED (15)
<30 Nov 2025 08:54:32> [TSimMgr_Client.LogEventRecv] <0015> UNDEFINED (15)
<30 Nov 2025 08:54:32> [TSimMgr_Server.netRecv_Synch_Pos_VBS] Sender : 192.168.1.50Platform Name : Ahmad Yani - 351 ; Platform ID = 29774 X = 117° 56' 47.4" E Y = 00° 38' 16.1" N Z = 0.000 Course = 0.000 Speed = 0.00 Altitude = 0.00
<30 Nov 2025 08:54:32> [TSimMgr_Client.LogEventRecv] <0015> UNDEFINED (15)
<30 Nov 2025 08:54:32> [TSimMgr_Client.LogEventRecv] <0015> UNDEFINED (15)
<30 Nov 2025 08:54:32> [TSimMgr_Server.netRecv_Synch_Pos_VBS] Sender : 192.168.1.50Platform Name : Bung Tomo - 357 ; Platform ID = 29799 X = 117° 51' 42.5" E Y = 00° 30' 57.0" N Z = 0.000 Course = 360.000 Speed = 0.00 Altitude = 0.00
<30 Nov 2025 08:54:32> [TSimMgr_Client.LogEventRecv] <0015> UNDEFINED (15)
<30 Nov 2025 08:54:32> [TSimMgr_Client.LogEventRecv] <0015> UNDEFINED (15)
<30 Nov 2025 08:54:32> [TSimMgr_Server.netRecv_Synch_Pos_VBS] Sender : 192.168.1.50Platform Name : Diponegoro - 365 ; Platform ID = 29801 X = 118° 00' 16.1" E Y = 00° 36' 17.3" N Z = 0.000 Course = 360.000 Speed = 0.00 Altitude = 0.00
<30 Nov 2025 08:54:32> [TSimMgr_Server.netRecv_Synch_Pos_VBS] Sender : 192.168.1.50Platform Name : Frans Kaisiepo - 368 ; Platform ID = 29776 X = 117° 47' 54.3" E Y = 00° 34' 29.1" N Z = 0.000 Course = 360.000 Speed = 0.00 Altitude = 0.00
<30 Nov 2025 08:54:32> [TSimMgr_Server.netRecv_Synch_Pos_VBS] Sender : 192.168.1.50Platform Name : I Gusti Ngurah Rai - 332 ; Platform ID = 29777 X = 118° 00' 29.8" E Y = 00° 39' 25.3" N Z = 0.000 Course = 360.000 Speed = 0.00 Altitude = 0.00
<30 Nov 2025 08:54:32> [TSimMgr_Server.netRecv_Synch_Pos_VBS] Sender : 192.168.1.50Platform Name : Karel Satsuitubun - 356 ; Platform ID = 29775 X = 117° 50' 30.4" E Y = 00° 35' 06.3" N Z = 0.000 Course = 0.000 Speed = 0.00 Altitude = 0.00
<30 Nov 2025 08:54:32> [TSimMgr_Server.netRecv_Synch_Pos_VBS] Sender : 192.168.1.50Platform Name : Makassar - 590 ; Platform ID = 29768 X = 117° 54' 48.9" E Y = 00° 33' 00.4" N Z = 0.000 Course = 360.000 Speed = 0.00 Altitude = 0.00
<30 Nov 2025 08:54:32> [TSimMgr_Server.netRecv_Synch_Pos_VBS] Sender : 192.168.1.50Platform Name : Surabaya - 591 ; Platform ID = 29769 X = 117° 51' 17.2" E Y = 00° 35' 08.2" N Z = 0.000 Course = 360.000 Speed = 0.00 Altitude = 0.00
<30 Nov 2025 08:54:32> [TSimMgr_Server.netRecv_Synch_Pos_VBS] Sender : 192.168.1.50Platform Name : Teluk Bintuni - 520 ; Platform ID = 29770 X = 117° 58' 00.6" E Y = 00° 34' 28.2" N Z = 0.000 Course = 0.000 Speed = 0.00 Altitude = 0.00
<30 Nov 2025 08:54:32> [TSimMgr_Server.netRecv_Synch_Pos_VBS] Sender : 192.168.1.50Platform Name : Teluk Wondama - 527 ; Platform ID = 29773 X = 117° 54' 00.2" E Y = 00° 37' 07.4" N Z = 0.000 Course = 0.000 Speed = 0.00 Altitude = 0.00
<30 Nov 2025 08:54:32> [TSimMgr_Client.LogEventRecv] <0015> UNDEFINED (15)
<30 Nov 2025 08:54:32> [TSimMgr_Server.netRecv_Synch_Pos_VBS] Sender : 192.168.1.50Platform Name : Teluk Wondama - 527 ; Platform ID = 29773 X = 117° 54' 00.2" E Y = 00° 37' 07.4" N Z = 0.000 Course = 0.000 Speed = 0.00 Altitude = 0.00
<30 Nov 2025 08:54:32> [TSimMgr_Server.netRecv_Synch_Pos_VBS] Sender : 192.168.1.50Platform Name : Teluk Wondama - 527 ; Platform ID = 29773 X = 117° 54' 00.2" E Y = 00° 37' 07.4" N Z = 0.000 Course = 0.000 Speed = 0.00 Altitude = 0.00
<30 Nov 2025 08:54:32> [TSimMgr_Server.netRecv_Synch_Pos_VBS] Sender : 192.168.1.50Platform Name : Teluk Wondama - 527 ; Platform ID = 29773 X = 117° 54' 00.2" E Y = 00° 37' 07.4" N Z = 0.000 Course = 0.000 Speed = 0.00 Altitude = 0.00
<30 Nov 2025 08:54:32> [TSimMgr_Server.netRecv_Synch_Pos_VBS] Sender : 192.168.1.50Platform Name : Usman-Harun - 359 ; Platform ID = 29800 X = 117° 48' 41.2" E Y = 00° 31' 15.2" N Z = 0.000 Course = 360.000 Speed = 0.00 Altitude = 0.00
<30 Nov 2025 08:54:32> [TSimMgr_Server.netRecv_Synch_Pos_VBS] Sender : 192.168.1.50Platform Name : Usman-Harun - 359 ; Platform ID = 29800 X = 117° 48' 41.2" E Y = 00° 31' 15.2" N Z = 0.000 Course = 360.000 Speed = 0.00 Altitude = 0.00
<30 Nov 2025 08:54:32> [TSimMgr_Server.netRecv_Synch_Pos_VBS] Sender : 192.168.1.50Platform Name : Usman-Harun - 359 ; Platform ID = 29800 X = 117° 48' 41.2" E Y = 00° 31' 15.2" N Z = 0.000 Course = 360.000 Speed = 0.00 Altitude = 0.00
<30 Nov 2025 08:54:32> [TSimMgr_Server.netRecv_Synch_Pos_VBS] Sender : 192.168.1.50Platform Name : Usman-Harun - 359 ; Platform ID = 29800 X = 117° 48' 41.2" E Y = 00° 31' 15.2" N Z = 0.000 Course = 360.000 Speed = 0.00 Altitude = 0.00
<30 Nov 2025 08:54:32> [TSimMgr_Server.netRecv_Synch_Pos_VBS] Sender : 192.168.1.50Platform Name : Usman-Harun - 359 ; Platform ID = 29800 X = 117° 48' 41.2" E Y = 00° 31' 15.2" N Z = 0.000 Course = 360.000 Speed = 0.00 Altitude = 0.00
<30 Nov 2025 08:54:32> [TSimMgr_Client.LogEventRecv] <0015> UNDEFINED (15)
<30 Nov 2025 08:54:32> [TSimMgr_Server.netRecv_Synch_Pos_VBS] Sender : 192.168.1.50Platform Name : Australia - Collins ; Platform ID = 29900 X = 117° 55' 39.7" E Y = 00° 39' 00.9" N Z = 0.000 Course = 359.999 Speed = 0.00 Altitude = 0.00
<30 Nov 2025 08:54:32> [TSimMgr_Client.LogEventRecv] <0015> UNDEFINED (15)
<30 Nov 2025 08:54:32> [TSimMgr_Client.LogEventRecv] <0015> UNDEFINED (15)
<30 Nov 2025 08:54:32> [TSimMgr_Client.LogEventRecv] <0015> UNDEFINED (15)
<30 Nov 2025 08:54:32> [TSimMgr_Client.LogEventRecv] <0015> UNDEFINED (15)
<30 Nov 2025 08:54:32> [TSimMgr_Client.LogEventRecv] <0015> UNDEFINED (15)
<30 Nov 2025 08:54:32> [TSimMgr_Client.LogEventRecv] <0015> UNDEFINED (15)
<30 Nov 2025 08:54:32> [TSimMgr_Client.LogEventRecv] <0015> UNDEFINED (15)
<30 Nov 2025 08:54:32> [TSimMgr_Client.LogEventRecv] <0015> UNDEFINED (15)
<30 Nov 2025 08:54:32> [TSimMgr_Client.LogEventRecv] <0015> UNDEFINED (15)
<30 Nov 2025 08:54:33> [TSimMgr_Client.LogEventRecv] <0015> UNDEFINED (15)
<30 Nov 2025 08:54:33> [TSimMgr_Client.LogEventRecv] <0015> UNDEFINED (15)
<30 Nov 2025 08:54:33> [TSimMgr_Client.LogEventRecv] <0015> UNDEFINED (15)
<30 Nov 2025 08:54:33> [TSimMgr_Client.LogEventRecv] <0015> UNDEFINED (15)
<30 Nov 2025 08:54:33> [TSimMgr_Client.LogEventRecv] <0015> UNDEFINED (15)
<30 Nov 2025 08:54:33> [TSimMgr_Client.LogEventRecv] <0015> UNDEFINED (15)
<30 Nov 2025 08:54:33> [TSimMgr_Client.LogEventRecv] <0015> UNDEFINED (15)
<30 Nov 2025 08:54:33> [TSimMgr_Client.LogEventRecv] <0015> UNDEFINED (15)
<30 Nov 2025 08:54:33> [TSimMgr_Client.LogEventRecv] <0015> UNDEFINED (15)
<30 Nov 2025 08:54:33> [TSimMgr_Client.LogEventRecv] <0015> UNDEFINED (15)
<30 Nov 2025 08:54:33> [TSimMgr_Client.LogEventRecv] <0015> UNDEFINED (15)
<30 Nov 2025 08:54:33> [TSimMgr_Client.LogEventRecv] <0015> UNDEFINED (15)
<30 Nov 2025 08:54:33> [TSimMgr_Client.LogEventRecv] <0015> UNDEFINED (15)
<30 Nov 2025 08:54:33> [TSimMgr_Client.LogEventRecv] <0015> UNDEFINED (15)
<30 Nov 2025 08:54:33> [TSimMgr_Client.LogEventRecv] <0015> UNDEFINED (15)
<30 Nov 2025 08:54:33> [TSimMgr_Client.LogEventRecv] <0015> UNDEFINED (15)
<30 Nov 2025 08:54:33> [TSimMgr_Client.LogEventRecv] <0015> UNDEFINED (15)
<30 Nov 2025 08:54:33> [TSimMgr_Client.LogEventRecv] <0015> UNDEFINED (15)
<30 Nov 2025 08:54:33> [TSimMgr_Client.LogEventRecv] <0015> UNDEFINED (15)
<30 Nov 2025 08:54:33> [TSimMgr_Client.LogEventRecv] <0015> UNDEFINED (15)
<30 Nov 2025 08:54:33> [TSimMgr_Client.LogEventRecv] <0015> UNDEFINED (15)
<30 Nov 2025 08:54:33> [TSimMgr_Client.LogEventRecv] <0015> UNDEFINED (15)
<30 Nov 2025 08:54:33> [TSimMgr_Client.LogEventRecv] <0015> UNDEFINED (15)
<30 Nov 2025 08:54:33> [TSimMgr_Client.LogEventRecv] <0015> UNDEFINED (15)
<30 Nov 2025 08:54:33> [TSimMgr_Client.LogEventRecv] <0015> UNDEFINED (15)
<30 Nov 2025 08:54:33> [TSimMgr_Client.LogEventRecv] <0015> UNDEFINED (15)
<30 Nov 2025 08:54:33> [TSimMgr_Server.netRecv_Synch_Pos_VBS] Sender : 192.168.1.50Platform Name : Ahmad Yani - 351 ; Platform ID = 29774 X = 117° 56' 47.4" E Y = 00° 38' 16.1" N Z = 0.000 Course = 0.000 Speed = 0.00 Altitude = 0.00
<30 Nov 2025 08:54:33> [TSimMgr_Server.netRecv_Synch_Pos_VBS] Sender : 192.168.1.50Platform Name : Bung Tomo - 357 ; Platform ID = 29799 X = 117° 51' 42.5" E Y = 00° 30' 57.0" N Z = 0.000 Course = 360.000 Speed = 0.00 Altitude = 0.00
<30 Nov 2025 08:54:33> [TSimMgr_Server.netRecv_Synch_Pos_VBS] Sender : 192.168.1.50Platform Name : Diponegoro - 365 ; Platform ID = 29801 X = 118° 00' 16.1" E Y = 00° 36' 17.3" N Z = 0.000 Course = 360.000 Speed = 0.00 Altitude = 0.00
<30 Nov 2025 08:54:33> [TSimMgr_Server.netRecv_Synch_Pos_VBS] Sender : 192.168.1.50Platform Name : Diponegoro - 365 ; Platform ID = 29801 X = 118° 00' 16.1" E Y = 00° 36' 17.3" N Z = 0.000 Course = 360.000 Speed = 0.00 Altitude = 0.00
<30 Nov 2025 08:54:33> [TSimMgr_Server.netRecv_Synch_Pos_VBS] Sender : 192.168.1.50Platform Name : Frans Kaisiepo - 368 ; Platform ID = 29776 X = 117° 47' 54.3" E Y = 00° 34' 29.1" N Z = 0.000 Course = 360.000 Speed = 0.00 Altitude = 0.00
<30 Nov 2025 08:54:33> [TSimMgr_Server.netRecv_Synch_Pos_VBS] Sender : 192.168.1.50Platform Name : Frans Kaisiepo - 368 ; Platform ID = 29776 X = 117° 47' 54.3" E Y = 00° 34' 29.1" N Z = 0.000 Course = 360.000 Speed = 0.00 Altitude = 0.00
<30 Nov 2025 08:54:33> [TSimMgr_Client.LogEventRecv] <0015> UNDEFINED (15)
<30 Nov 2025 08:54:33> [TSimMgr_Server.netRecv_Synch_Pos_VBS] Sender : 192.168.1.50Platform Name : I Gusti Ngurah Rai - 332 ; Platform ID = 29777 X = 118° 00' 29.8" E Y = 00° 39' 25.3" N Z = 0.000 Course = 360.000 Speed = 0.00 Altitude = 0.00
<30 Nov 2025 08:54:33> [TSimMgr_Client.LogEventRecv] <0015> UNDEFINED (15)
<30 Nov 2025 08:54:33> [TSimMgr_Server.netRecv_Synch_Pos_VBS] Sender : 192.168.1.50Platform Name : Karel Satsuitubun - 356 ; Platform ID = 29775 X = 117° 50' 30.4" E Y = 00° 35' 06.3" N Z = 0.000 Course = 0.000 Speed = 0.00 Altitude = 0.00
<30 Nov 2025 08:54:33> [TSimMgr_Client.LogEventRecv] <0015> UNDEFINED (15)
<30 Nov 2025 08:54:33> [TSimMgr_Server.netRecv_Synch_Pos_VBS] Sender : 192.168.1.50Platform Name : Makassar - 590 ; Platform ID = 29768 X = 117° 54' 48.9" E Y = 00° 33' 00.4" N Z = 0.000 Course = 360.000 Speed = 0.00 Altitude = 0.00
<30 Nov 2025 08:54:33> [TSimMgr_Client.LogEventRecv] <0015> UNDEFINED (15)
<30 Nov 2025 08:54:33> [TSimMgr_Server.netRecv_Synch_Pos_VBS] Sender : 192.168.1.50Platform Name : Surabaya - 591 ; Platform ID = 29769 X = 117° 51' 17.2" E Y = 00° 35' 08.2" N Z = 0.000 Course = 360.000 Speed = 0.00 Altitude = 0.00
<30 Nov 2025 08:54:33> [TSimMgr_Server.netRecv_Synch_Pos_VBS] Sender : 192.168.1.50Platform Name : Teluk Bintuni - 520 ; Platform ID = 29770 X = 117° 58' 00.6" E Y = 00° 34' 28.2" N Z = 0.000 Course = 0.000 Speed = 0.00 Altitude = 0.00
<30 Nov 2025 08:54:33> [TSimMgr_Server.netRecv_Synch_Pos_VBS] Sender : 192.168.1.50Platform Name : Teluk Wondama - 527 ; Platform ID = 29773 X = 117° 54' 00.2" E Y = 00° 37' 07.4" N Z = 0.000 Course = 0.000 Speed = 0.00 Altitude = 0.00
<30 Nov 2025 08:54:33> [TSimMgr_Server.netRecv_Synch_Pos_VBS] Sender : 192.168.1.50Platform Name : Usman-Harun - 359 ; Platform ID = 29800 X = 117° 48' 41.2" E Y = 00° 31' 15.2" N Z = 0.000 Course = 360.000 Speed = 0.00 Altitude = 0.00
<30 Nov 2025 08:54:33> [TSimMgr_Client.LogEventRecv] <0015> UNDEFINED (15)
<30 Nov 2025 08:54:33> [TSimMgr_Server.netRecv_Synch_Pos_VBS] Sender : 192.168.1.50Platform Name : Usman-Harun - 359 ; Platform ID = 29800 X = 117° 48' 41.2" E Y = 00° 31' 15.2" N Z = 0.000 Course = 360.000 Speed = 0.00 Altitude = 0.00
<30 Nov 2025 08:54:33> [TSimMgr_Server.netRecv_Synch_Pos_VBS] Sender : 192.168.1.50Platform Name : Usman-Harun - 359 ; Platform ID = 29800 X = 117° 48' 41.2" E Y = 00° 31' 15.2" N Z = 0.000 Course = 360.000 Speed = 0.00 Altitude = 0.00
<30 Nov 2025 08:54:33> [TSimMgr_Server.netRecv_Synch_Pos_VBS] Sender : 192.168.1.50Platform Name : Usman-Harun - 359 ; Platform ID = 29800 X = 117° 48' 41.2" E Y = 00° 31' 15.2" N Z = 0.000 Course = 360.000 Speed = 0.00 Altitude = 0.00
<30 Nov 2025 08:54:33> [TSimMgr_Server.netRecv_Synch_Pos_VBS] Sender : 192.168.1.50Platform Name : Australia - Collins ; Platform ID = 29900 X = 117° 55' 39.7" E Y = 00° 39' 00.9" N Z = 0.000 Course = 359.998 Speed = 0.00 Altitude = 0.00
<30 Nov 2025 08:54:33> [TSimMgr_Client.LogEventRecv] <0015> UNDEFINED (15)
<30 Nov 2025 08:54:33> [TSimMgr_Client.LogEventRecv] <0015> UNDEFINED (15)
<30 Nov 2025 08:54:33> [TSimMgr_Client.LogEventRecv] <0015> UNDEFINED (15)
<30 Nov 2025 08:54:33> [TSimMgr_Client.LogEventRecv] <0015> UNDEFINED (15)
<30 Nov 2025 08:54:33> [TSimMgr_Client.LogEventRecv] <0015> UNDEFINED (15)
<30 Nov 2025 08:54:34> [TSimMgr_Client.LogEventRecv] <0015> UNDEFINED (15)
<30 Nov 2025 08:54:34> [TSimMgr_Client.LogEventRecv] <0015> UNDEFINED (15)
<30 Nov 2025 08:54:34> [TSimMgr_Client.LogEventRecv] <0015> UNDEFINED (15)
<30 Nov 2025 08:54:34> [TSimMgr_Client.LogEventRecv] <0015> UNDEFINED (15)
<30 Nov 2025 08:54:34> [TSimMgr_Client.LogEventRecv] <0015> UNDEFINED (15)
<30 Nov 2025 08:54:34> [TSimMgr_Client.LogEventRecv] <0015> UNDEFINED (15)
<30 Nov 2025 08:54:34> [TSimMgr_Server.netRecv_Synch_Pos_VBS] Sender : 192.168.1.50Platform Name : Ahmad Yani - 351 ; Platform ID = 29774 X = 117° 56' 47.4" E Y = 00° 38' 16.1" N Z = 0.000 Course = 0.000 Speed = 0.00 Altitude = 0.00
<30 Nov 2025 08:54:35> [TSimMgr_Server.netRecv_Synch_Pos_VBS] Sender : 192.168.1.50Platform Name : Bung Tomo - 357 ; Platform ID = 29799 X = 117° 51' 42.5" E Y = 00° 30' 57.0" N Z = 0.000 Course = 360.000 Speed = 0.00 Altitude = 0.00
<30 Nov 2025 08:54:35> [TSimMgr_Server.netRecv_Synch_Pos_VBS] Sender : 192.168.1.50Platform Name : Diponegoro - 365 ; Platform ID = 29801 X = 118° 00' 16.1" E Y = 00° 36' 17.3" N Z = 0.000 Course = 360.000 Speed = 0.00 Altitude = 0.00
<30 Nov 2025 08:54:35> [TSimMgr_Server.netRecv_Synch_Pos_VBS] Sender : 192.168.1.50Platform Name : Frans Kaisiepo - 368 ; Platform ID = 29776 X = 117° 47' 54.3" E Y = 00° 34' 29.1" N Z = 0.000 Course = 360.000 Speed = 0.00 Altitude = 0.00
<30 Nov 2025 08:54:35> [TSimMgr_Server.netRecv_Synch_Pos_VBS] Sender : 192.168.1.50Platform Name : I Gusti Ngurah Rai - 332 ; Platform ID = 29777 X = 118° 00' 29.8" E Y = 00° 39' 25.3" N Z = 0.000 Course = 360.000 Speed = 0.00 Altitude = 0.00
<30 Nov 2025 08:54:35> [TSimMgr_Server.netRecv_Synch_Pos_VBS] Sender : 192.168.1.50Platform Name : Karel Satsuitubun - 356 ; Platform ID = 29775 X = 117° 50' 30.4" E Y = 00° 35' 06.3" N Z = 0.000 Course = 0.000 Speed = 0.00 Altitude = 0.00
<30 Nov 2025 08:54:35> [TSimMgr_Server.netRecv_Synch_Pos_VBS] Sender : 192.168.1.50Platform Name : Makassar - 590 ; Platform ID = 29768 X = 117° 54' 48.9" E Y = 00° 33' 00.4" N Z = 0.000 Course = 360.000 Speed = 0.00 Altitude = 0.00
<30 Nov 2025 08:54:35> [TSimMgr_Server.netRecv_Synch_Pos_VBS] Sender : 192.168.1.50Platform Name : Surabaya - 591 ; Platform ID = 29769 X = 117° 51' 17.2" E Y = 00° 35' 08.2" N Z = 0.000 Course = 360.000 Speed = 0.00 Altitude = 0.00
<30 Nov 2025 08:54:35> [TSimMgr_Server.netRecv_Synch_Pos_VBS] Sender : 192.168.1.50Platform Name : Surabaya - 591 ; Platform ID = 29769 X = 117° 51' 17.2" E Y = 00° 35' 08.2" N Z = 0.000 Course = 360.000 Speed = 0.00 Altitude = 0.00
<30 Nov 2025 08:54:35> [TSimMgr_Server.netRecv_Synch_Pos_VBS] Sender : 192.168.1.50Platform Name : Surabaya - 591 ; Platform ID = 29769 X = 117° 51' 17.2" E Y = 00° 35' 08.2" N Z = 0.000 Course = 360.000 Speed = 0.00 Altitude = 0.00
<30 Nov 2025 08:54:35> [TSimMgr_Server.netRecv_Synch_Pos_VBS] Sender : 192.168.1.50Platform Name : Surabaya - 591 ; Platform ID = 29769 X = 117° 51' 17.2" E Y = 00° 35' 08.2" N Z = 0.000 Course = 360.000 Speed = 0.00 Altitude = 0.00
<30 Nov 2025 08:54:35> [TSimMgr_Server.netRecv_Synch_Pos_VBS] Sender : 192.168.1.50Platform Name : Surabaya - 591 ; Platform ID = 29769 X = 117° 51' 17.2" E Y = 00° 35' 08.2" N Z = 0.000 Course = 360.000 Speed = 0.00 Altitude = 0.00
<30 Nov 2025 08:54:35> [TSimMgr_Server.netRecv_Synch_Pos_VBS] Sender : 192.168.1.50Platform Name : Teluk Bintuni - 520 ; Platform ID = 29770 X = 117° 58' 00.6" E Y = 00° 34' 28.2" N Z = 0.000 Course = 0.000 Speed = 0.00 Altitude = 0.00
<30 Nov 2025 08:54:35> [TSimMgr_Server.netRecv_Synch_Pos_VBS] Sender : 192.168.1.50Platform Name : Teluk Wondama - 527 ; Platform ID = 29773 X = 117° 54' 00.2" E Y = 00° 37' 07.4" N Z = 0.000 Course = 0.000 Speed = 0.00 Altitude = 0.00
<30 Nov 2025 08:54:35> [TSimMgr_Server.netRecv_Synch_Pos_VBS] Sender : 192.168.1.50Platform Name : Teluk Wondama - 527 ; Platform ID = 29773 X = 117° 54' 00.2" E Y = 00° 37' 07.4" N Z = 0.000 Course = 0.000 Speed = 0.00 Altitude = 0.00
<30 Nov 2025 08:54:35> [TSimMgr_Server.netRecv_Synch_Pos_VBS] Sender : 192.168.1.50Platform Name : Teluk Wondama - 527 ; Platform ID = 29773 X = 117° 54' 00.2" E Y = 00° 37' 07.4" N Z = 0.000 Course = 0.000 Speed = 0.00 Altitude = 0.00
<30 Nov 2025 08:54:35> [TSimMgr_Server.netRecv_Synch_Pos_VBS] Sender : 192.168.1.50Platform Name : Usman-Harun - 359 ; Platform ID = 29800 X = 117° 48' 41.2" E Y = 00° 31' 15.2" N Z = 0.000 Course = 360.000 Speed = 0.00 Altitude = 0.00
<30 Nov 2025 08:54:35> [TSimMgr_Server.netRecv_Synch_Pos_VBS] Sender : 192.168.1.50Platform Name : Australia - Collins ; Platform ID = 29900 X = 117° 55' 39.7" E Y = 00° 39' 00.9" N Z = 0.000 Course = 0.002 Speed = 0.00 Altitude = 0.00
<30 Nov 2025 08:54:35> [TSimMgr_Server.netRecv_Synch_Pos_VBS] Sender : 192.168.1.50Platform Name : Australia - Collins ; Platform ID = 29900 X = 117° 55' 39.7" E Y = 00° 39' 00.9" N Z = 0.000 Course = 0.002 Speed = 0.00 Altitude = 0.00
<30 Nov 2025 08:54:36> [TSimMgr_Server.netRecv_Synch_Pos_VBS] Sender : 192.168.1.50Platform Name : Ahmad Yani - 351 ; Platform ID = 29774 X = 117° 56' 47.4" E Y = 00° 38' 16.1" N Z = 0.000 Course = 0.000 Speed = 0.00 Altitude = 0.00
<30 Nov 2025 08:54:36> [TSimMgr_Server.netRecv_Synch_Pos_VBS] Sender : 192.168.1.50Platform Name : Bung Tomo - 357 ; Platform ID = 29799 X = 117° 51' 42.5" E Y = 00° 30' 57.0" N Z = 0.000 Course = 360.000 Speed = 0.00 Altitude = 0.00
<30 Nov 2025 08:54:36> [TSimMgr_Server.netRecv_Synch_Pos_VBS] Sender : 192.168.1.50Platform Name : Diponegoro - 365 ; Platform ID = 29801 X = 118° 00' 16.1" E Y = 00° 36' 17.3" N Z = 0.000 Course = 360.000 Speed = 0.00 Altitude = 0.00
<30 Nov 2025 08:54:36> [TSimMgr_Server.netRecv_Synch_Pos_VBS] Sender : 192.168.1.50Platform Name : Frans Kaisiepo - 368 ; Platform ID = 29776 X = 117° 47' 54.3" E Y = 00° 34' 29.1" N Z = 0.000 Course = 360.000 Speed = 0.00 Altitude = 0.00
<30 Nov 2025 08:54:36> [TSimMgr_Server.netRecv_Synch_Pos_VBS] Sender : 192.168.1.50Platform Name : I Gusti Ngurah Rai - 332 ; Platform ID = 29777 X = 118° 00' 29.8" E Y = 00° 39' 25.3" N Z = 0.000 Course = 360.000 Speed = 0.00 Altitude = 0.00
<30 Nov 2025 08:54:36> [TSimMgr_Server.netRecv_Synch_Pos_VBS] Sender : 192.168.1.50Platform Name : Karel Satsuitubun - 356 ; Platform ID = 29775 X = 117° 50' 30.4" E Y = 00° 35' 06.3" N Z = 0.000 Course = 0.000 Speed = 0.00 Altitude = 0.00
<30 Nov 2025 08:54:36> [TSimMgr_Server.netRecv_Synch_Pos_VBS] Sender : 192.168.1.50Platform Name : Makassar - 590 ; Platform ID = 29768 X = 117° 54' 48.9" E Y = 00° 33' 00.4" N Z = 0.000 Course = 360.000 Speed = 0.00 Altitude = 0.00
<30 Nov 2025 08:54:36> [TSimMgr_Server.netRecv_Synch_Pos_VBS] Sender : 192.168.1.50Platform Name : Surabaya - 591 ; Platform ID = 29769 X = 117° 51' 17.2" E Y = 00° 35' 08.2" N Z = 0.000 Course = 360.000 Speed = 0.00 Altitude = 0.00
<30 Nov 2025 08:54:36> [TSimMgr_Server.netRecv_Synch_Pos_VBS] Sender : 192.168.1.50Platform Name : Teluk Bintuni - 520 ; Platform ID = 29770 X = 117° 58' 00.6" E Y = 00° 34' 28.2" N Z = 0.000 Course = 0.000 Speed = 0.00 Altitude = 0.00
<30 Nov 2025 08:54:36> [TSimMgr_Server.netRecv_Synch_Pos_VBS] Sender : 192.168.1.50Platform Name : Teluk Wondama - 527 ; Platform ID = 29773 X = 117° 54' 00.2" E Y = 00° 37' 07.4" N Z = 0.000 Course = 0.000 Speed = 0.00 Altitude = 0.00
<30 Nov 2025 08:54:36> [TSimMgr_Server.netRecv_Synch_Pos_VBS] Sender : 192.168.1.50Platform Name : Usman-Harun - 359 ; Platform ID = 29800 X = 117° 48' 41.2" E Y = 00° 31' 15.2" N Z = 0.000 Course = 360.000 Speed = 0.00 Altitude = 0.00
<30 Nov 2025 08:54:36> [TSimMgr_Server.netRecv_Synch_Pos_VBS] Sender : 192.168.1.50Platform Name : Australia - Collins ; Platform ID = 29900 X = 117° 55' 39.7" E Y = 00° 39' 00.9" N Z = 0.000 Course = 359.998 Speed = 0.00 Altitude = 0.00
<30 Nov 2025 08:54:36> [TSimMgr_Server.netRecv_Synch_Pos_VBS] Sender : 192.168.1.50Platform Name : Australia - Collins ; Platform ID = 29900 X = 117° 55' 39.7" E Y = 00° 39' 00.9" N Z = 0.000 Course = 359.998 Speed = 0.00 Altitude = 0.00
<30 Nov 2025 08:54:36> [TSimMgr_Server.netRecv_Synch_Pos_VBS] Sender : 192.168.1.50Platform Name : Australia - Collins ; Platform ID = 29900 X = 117° 55' 39.7" E Y = 00° 39' 00.9" N Z = 0.000 Course = 359.998 Speed = 0.00 Altitude = 0.00
<30 Nov 2025 08:54:36> [TSimMgr_Server.netRecv_Synch_Pos_VBS] Sender : 192.168.1.50Platform Name : Australia - Collins ; Platform ID = 29900 X = 117° 55' 39.7" E Y = 00° 39' 00.9" N Z = 0.000 Course = 359.998 Speed = 0.00 Altitude = 0.00
<30 Nov 2025 08:54:36> [TSimMgr_Server.netRecv_Synch_Pos_VBS] Sender : 192.168.1.50Platform Name : Australia - Collins ; Platform ID = 29900 X = 117° 55' 39.7" E Y = 00° 39' 00.9" N Z = 0.000 Course = 359.998 Speed = 0.00 Altitude = 0.00
<30 Nov 2025 08:54:36> [TSimMgr_Server.netRecv_Synch_Pos_VBS] Sender : 192.168.1.50Platform Name : Australia - Collins ; Platform ID = 29900 X = 117° 55' 39.7" E Y = 00° 39' 00.9" N Z = 0.000 Course = 359.998 Speed = 0.00 Altitude = 0.00
<30 Nov 2025 08:54:36> [TSimMgr_Server.netRecv_Synch_Pos_VBS] Sender : 192.168.1.50Platform Name : Australia - Collins ; Platform ID = 29900 X = 117° 55' 39.7" E Y = 00° 39' 00.9" N Z = 0.000 Course = 359.998 Speed = 0.00 Altitude = 0.00
<30 Nov 2025 08:54:36> [TSimMgr_Server.netRecv_Synch_Pos_VBS] Sender : 192.168.1.50Platform Name : Australia - Collins ; Platform ID = 29900 X = 117° 55' 39.7" E Y = 00° 39' 00.9" N Z = 0.000 Course = 359.998 Speed = 0.00 Altitude = 0.00
<30 Nov 2025 08:54:36> [TSimMgr_Server.netRecv_Synch_Pos_VBS] Sender : 192.168.1.50Platform Name : Australia - Collins ; Platform ID = 29900 X = 117° 55' 39.7" E Y = 00° 39' 00.9" N Z = 0.000 Course = 359.998 Speed = 0.00 Altitude = 0.00
<30 Nov 2025 08:54:36> [TSimMgr_Server.netRecv_Synch_Pos_VBS] Sender : 192.168.1.50Platform Name : Australia - Collins ; Platform ID = 29900 X = 117° 55' 39.7" E Y = 00° 39' 00.9" N Z = 0.000 Course = 359.998 Speed = 0.00 Altitude = 0.00
<30 Nov 2025 08:54:36> [TSimMgr_Server.netRecv_Synch_Pos_VBS] Sender : 192.168.1.50Platform Name : Australia - Collins ; Platform ID = 29900 X = 117° 55' 39.7" E Y = 00° 39' 00.9" N Z = 0.000 Course = 359.998 Speed = 0.00 Altitude = 0.00
<30 Nov 2025 08:54:36> [TSimMgr_Client.LogEventRecv] <0031> CPID_UDP_PLATFORM_MOVE
<30 Nov 2025 08:54:36> [TSimMgr_Client.LogEventRecv] <0031> CPID_UDP_PLATFORM_MOVE
<30 Nov 2025 08:54:36> [TSimMgr_Client.LogEventRecv] <0031> CPID_UDP_PLATFORM_MOVE
<30 Nov 2025 08:54:36> [TSimMgr_Client.LogEventRecv] <0031> CPID_UDP_PLATFORM_MOVE
<30 Nov 2025 08:54:36> [TSimMgr_Client.LogEventRecv] <0031> CPID_UDP_PLATFORM_MOVE
<30 Nov 2025 08:54:36> [TSimMgr_Client.LogEventRecv] <0031> CPID_UDP_PLATFORM_MOVE
<30 Nov 2025 08:54:36> [TSimMgr_Client.LogEventRecv] <0031> CPID_UDP_PLATFORM_MOVE
<30 Nov 2025 08:54:36> [TSimMgr_Client.LogEventRecv] <0031> CPID_UDP_PLATFORM_MOVE
<30 Nov 2025 08:54:36> [TSimMgr_Client.LogEventRecv] <0031> CPID_UDP_PLATFORM_MOVE
<30 Nov 2025 08:54:36> [TSimMgr_Client.LogEventRecv] <0031> CPID_UDP_PLATFORM_MOVE
<30 Nov 2025 08:54:36> [TSimMgr_Client.LogEventRecv] <0031> CPID_UDP_PLATFORM_MOVE
<30 Nov 2025 08:54:36> [TSimMgr_Client.LogEventRecv] <0031> CPID_UDP_PLATFORM_MOVE
<30 Nov 2025 08:54:36> [TSimMgr_Client.LogEventRecv] <0031> CPID_UDP_PLATFORM_MOVE
<30 Nov 2025 08:54:36> [TSimMgr_Client.LogEventRecv] <0031> CPID_UDP_PLATFORM_MOVE
<30 Nov 2025 08:54:36> [TSimMgr_Client.LogEventRecv] <0031> CPID_UDP_PLATFORM_MOVE
<30 Nov 2025 08:54:36> [TSimMgr_Client.LogEventRecv] <0031> CPID_UDP_PLATFORM_MOVE
<30 Nov 2025 08:54:36> [TSimMgr_Client.LogEventRecv] <0031> CPID_UDP_PLATFORM_MOVE
<30 Nov 2025 08:54:36> [TSimMgr_Client.LogEventRecv] <0031> CPID_UDP_PLATFORM_MOVE
<30 Nov 2025 08:54:36> [TSimMgr_Client.LogEventRecv] <0031> CPID_UDP_PLATFORM_MOVE
<30 Nov 2025 08:54:36> [TSimMgr_Client.LogEventRecv] <0031> CPID_UDP_PLATFORM_MOVE
<30 Nov 2025 08:54:36> [TSimMgr_Client.LogEventRecv] <0031> CPID_UDP_PLATFORM_MOVE
<30 Nov 2025 08:54:36> [TSimMgr_Client.LogEventRecv] <0031> CPID_UDP_PLATFORM_MOVE
<30 Nov 2025 08:54:36> [TSimMgr_Client.LogEventRecv] <0031> CPID_UDP_PLATFORM_MOVE
<30 Nov 2025 08:54:36> [TSimMgr_Client.LogEventRecv] <0031> CPID_UDP_PLATFORM_MOVE
<30 Nov 2025 08:54:36> [TSimMgr_Client.LogEventRecv] <0031> CPID_UDP_PLATFORM_MOVE
<30 Nov 2025 08:54:36> [TSimMgr_Client.LogEventRecv] <0031> CPID_UDP_PLATFORM_MOVE
<30 Nov 2025 08:54:36> [TSimMgr_Client.LogEventRecv] <0031> CPID_UDP_PLATFORM_MOVE
<30 Nov 2025 08:54:36> [TSimMgr_Client.LogEventRecv] <0031> CPID_UDP_PLATFORM_MOVE
<30 Nov 2025 08:54:36> [TSimMgr_Client.LogEventRecv] <0031> CPID_UDP_PLATFORM_MOVE
<30 Nov 2025 08:54:37> [TSimMgr_Client.LogEventRecv] <0031> CPID_UDP_PLATFORM_MOVE
<30 Nov 2025 08:54:37> [TSimMgr_Client.LogEventRecv] <0031> CPID_UDP_PLATFORM_MOVE
<30 Nov 2025 08:54:37> [TSimMgr_Client.LogEventRecv] <0031> CPID_UDP_PLATFORM_MOVE
<30 Nov 2025 08:54:37> [TSimMgr_Client.LogEventRecv] <0031> CPID_UDP_PLATFORM_MOVE
<30 Nov 2025 08:54:37> [TSimMgr_Client.LogEventRecv] <0031> CPID_UDP_PLATFORM_MOVE
<30 Nov 2025 08:54:37> [TSimMgr_Client.LogEventRecv] <0031> CPID_UDP_PLATFORM_MOVE
<30 Nov 2025 08:54:37> [TSimMgr_Client.LogEventRecv] <0031> CPID_UDP_PLATFORM_MOVE
<30 Nov 2025 08:54:37> [TSimMgr_Client.LogEventRecv] <0031> CPID_UDP_PLATFORM_MOVE
<30 Nov 2025 08:54:37> [TSimMgr_Client.LogEventRecv] <0031> CPID_UDP_PLATFORM_MOVE
<30 Nov 2025 08:54:37> [TSimMgr_Client.LogEventRecv] <0031> CPID_UDP_PLATFORM_MOVE
<30 Nov 2025 08:54:37> [TSimMgr_Client.LogEventRecv] <0031> CPID_UDP_PLATFORM_MOVE
<30 Nov 2025 08:54:37> [TSimMgr_Client.LogEventRecv] <0031> CPID_UDP_PLATFORM_MOVE
<30 Nov 2025 08:54:37> [TSimMgr_Client.LogEventRecv] <0031> CPID_UDP_PLATFORM_MOVE
<30 Nov 2025 08:54:37> [TSimMgr_Client.LogEventRecv] <0031> CPID_UDP_PLATFORM_MOVE
<30 Nov 2025 08:54:37> [TSimMgr_Client.LogEventRecv] <0031> CPID_UDP_PLATFORM_MOVE
<30 Nov 2025 08:54:37> [TSimMgr_Client.LogEventRecv] <0031> CPID_UDP_PLATFORM_MOVE
<30 Nov 2025 08:54:37> [TSimMgr_Client.LogEventRecv] <0031> CPID_UDP_PLATFORM_MOVE
<30 Nov 2025 08:54:37> [TSimMgr_Client.LogEventRecv] <0031> CPID_UDP_PLATFORM_MOVE
<30 Nov 2025 08:54:37> [TSimMgr_Client.LogEventRecv] <0031> CPID_UDP_PLATFORM_MOVE
<30 Nov 2025 08:54:37> [TSimMgr_Client.LogEventRecv] <0031> CPID_UDP_PLATFORM_MOVE
<30 Nov 2025 08:54:37> [TSimMgr_Client.LogEventRecv] <0031> CPID_UDP_PLATFORM_MOVE
<30 Nov 2025 08:54:37> [TSimMgr_Client.LogEventRecv] <0031> CPID_UDP_PLATFORM_MOVE
<30 Nov 2025 08:54:37> [TSimMgr_Server.netRecv_Synch_Pos_VBS] Sender : 192.168.1.50Platform Name : Ahmad Yani - 351 ; Platform ID = 29774 X = 117° 56' 47.4" E Y = 00° 38' 16.1" N Z = 0.000 Course = 0.000 Speed = 0.00 Altitude = 0.00
<30 Nov 2025 08:54:37> [TSimMgr_Server.netRecv_Synch_Pos_VBS] Sender : 192.168.1.50Platform Name : Bung Tomo - 357 ; Platform ID = 29799 X = 117° 51' 42.5" E Y = 00° 30' 57.0" N Z = 0.000 Course = 360.000 Speed = 0.00 Altitude = 0.00
<30 Nov 2025 08:54:37> [TSimMgr_Server.netRecv_Synch_Pos_VBS] Sender : 192.168.1.50Platform Name : Diponegoro - 365 ; Platform ID = 29801 X = 118° 00' 16.1" E Y = 00° 36' 17.3" N Z = 0.000 Course = 360.000 Speed = 0.00 Altitude = 0.00
<30 Nov 2025 08:54:37> [TSimMgr_Server.netRecv_Synch_Pos_VBS] Sender : 192.168.1.50Platform Name : Frans Kaisiepo - 368 ; Platform ID = 29776 X = 117° 47' 54.3" E Y = 00° 34' 29.1" N Z = 0.000 Course = 360.000 Speed = 0.00 Altitude = 0.00
<30 Nov 2025 08:54:37> [TSimMgr_Server.netRecv_Synch_Pos_VBS] Sender : 192.168.1.50Platform Name : I Gusti Ngurah Rai - 332 ; Platform ID = 29777 X = 118° 00' 29.8" E Y = 00° 39' 25.3" N Z = 0.000 Course = 360.000 Speed = 0.00 Altitude = 0.00
<30 Nov 2025 08:54:37> [TSimMgr_Server.netRecv_Synch_Pos_VBS] Sender : 192.168.1.50Platform Name : I Gusti Ngurah Rai - 332 ; Platform ID = 29777 X = 118° 00' 29.8" E Y = 00° 39' 25.3" N Z = 0.000 Course = 360.000 Speed = 0.00 Altitude = 0.00
<30 Nov 2025 08:54:37> [TSimMgr_Server.netRecv_Synch_Pos_VBS] Sender : 192.168.1.50Platform Name : Karel Satsuitubun - 356 ; Platform ID = 29775 X = 117° 50' 30.4" E Y = 00° 35' 06.3" N Z = 0.000 Course = 0.000 Speed = 0.00 Altitude = 0.00
<30 Nov 2025 08:54:37> [TSimMgr_Server.netRecv_Synch_Pos_VBS] Sender : 192.168.1.50Platform Name : Makassar - 590 ; Platform ID = 29768 X = 117° 54' 48.9" E Y = 00° 33' 00.4" N Z = 0.000 Course = 360.000 Speed = 0.00 Altitude = 0.00
<30 Nov 2025 08:54:37> [TSimMgr_Server.netRecv_Synch_Pos_VBS] Sender : 192.168.1.50Platform Name : Surabaya - 591 ; Platform ID = 29769 X = 117° 51' 17.2" E Y = 00° 35' 08.2" N Z = 0.000 Course = 360.000 Speed = 0.00 Altitude = 0.00
<30 Nov 2025 08:54:37> [TSimMgr_Server.netRecv_Synch_Pos_VBS] Sender : 192.168.1.50Platform Name : Teluk Bintuni - 520 ; Platform ID = 29770 X = 117° 58' 00.6" E Y = 00° 34' 28.2" N Z = 0.000 Course = 0.000 Speed = 0.00 Altitude = 0.00
<30 Nov 2025 08:54:37> [TSimMgr_Server.netRecv_Synch_Pos_VBS] Sender : 192.168.1.50Platform Name : Teluk Wondama - 527 ; Platform ID = 29773 X = 117° 54' 00.2" E Y = 00° 37' 07.4" N Z = 0.000 Course = 0.000 Speed = 0.00 Altitude = 0.00
<30 Nov 2025 08:54:37> [TSimMgr_Server.netRecv_Synch_Pos_VBS] Sender : 192.168.1.50Platform Name : Usman-Harun - 359 ; Platform ID = 29800 X = 117° 48' 41.2" E Y = 00° 31' 15.2" N Z = 0.000 Course = 360.000 Speed = 0.00 Altitude = 0.00
<30 Nov 2025 08:54:37> [TSimMgr_Server.netRecv_Synch_Pos_VBS] Sender : 192.168.1.50Platform Name : Australia - Collins ; Platform ID = 29900 X = 117° 55' 39.7" E Y = 00° 39' 00.9" N Z = 0.000 Course = 359.997 Speed = 0.00 Altitude = 0.00
<30 Nov 2025 08:54:37> [TSimMgr_Server.netRecv_Synch_Pos_VBS] Sender : 192.168.1.50Platform Name : Australia - Collins ; Platform ID = 29900 X = 117° 55' 39.7" E Y = 00° 39' 00.9" N Z = 0.000 Course = 359.997 Speed = 0.00 Altitude = 0.00
<30 Nov 2025 08:54:37> [TSimMgr_Server.netRecv_Synch_Pos_VBS] Sender : 192.168.1.50Platform Name : Australia - Collins ; Platform ID = 29900 X = 117° 55' 39.7" E Y = 00° 39' 00.9" N Z = 0.000 Course = 359.997 Speed = 0.00 Altitude = 0.00
<30 Nov 2025 08:54:37> [TSimMgr_Server.netRecv_Synch_Pos_VBS] Sender : 192.168.1.50Platform Name : Australia - Collins ; Platform ID = 29900 X = 117° 55' 39.7" E Y = 00° 39' 00.9" N Z = 0.000 Course = 359.997 Speed = 0.00 Altitude = 0.00
<30 Nov 2025 08:54:38> [TSimMgr_Server.netRecv_Synch_Pos_VBS] Sender : 192.168.1.50Platform Name : Ahmad Yani - 351 ; Platform ID = 29774 X = 117° 56' 47.4" E Y = 00° 38' 16.1" N Z = 0.000 Course = 0.000 Speed = 0.00 Altitude = 0.00
<30 Nov 2025 08:54:39> [TSimMgr_Server.netRecv_Synch_Pos_VBS] Sender : 192.168.1.50Platform Name : Bung Tomo - 357 ; Platform ID = 29799 X = 117° 51' 42.5" E Y = 00° 30' 57.0" N Z = 0.000 Course = 360.000 Speed = 0.00 Altitude = 0.00
<30 Nov 2025 08:54:39> [TSimMgr_Server.netRecv_Synch_Pos_VBS] Sender : 192.168.1.50Platform Name : Diponegoro - 365 ; Platform ID = 29801 X = 118° 00' 16.1" E Y = 00° 36' 17.3" N Z = 0.000 Course = 360.000 Speed = 0.00 Altitude = 0.00
<30 Nov 2025 08:54:39> [TSimMgr_Server.netRecv_Synch_Pos_VBS] Sender : 192.168.1.50Platform Name : Frans Kaisiepo - 368 ; Platform ID = 29776 X = 117° 47' 54.3" E Y = 00° 34' 29.1" N Z = 0.000 Course = 360.000 Speed = 0.00 Altitude = 0.00
<30 Nov 2025 08:54:39> [TSimMgr_Server.netRecv_Synch_Pos_VBS] Sender : 192.168.1.50Platform Name : I Gusti Ngurah Rai - 332 ; Platform ID = 29777 X = 118° 00' 29.8" E Y = 00° 39' 25.3" N Z = 0.000 Course = 360.000 Speed = 0.00 Altitude = 0.00
<30 Nov 2025 08:54:39> [TSimMgr_Server.netRecv_Synch_Pos_VBS] Sender : 192.168.1.50Platform Name : I Gusti Ngurah Rai - 332 ; Platform ID = 29777 X = 118° 00' 29.8" E Y = 00° 39' 25.3" N Z = 0.000 Course = 360.000 Speed = 0.00 Altitude = 0.00
<30 Nov 2025 08:54:39> [TSimMgr_Server.netRecv_Synch_Pos_VBS] Sender : 192.168.1.50Platform Name : I Gusti Ngurah Rai - 332 ; Platform ID = 29777 X = 118° 00' 29.8" E Y = 00° 39' 25.3" N Z = 0.000 Course = 360.000 Speed = 0.00 Altitude = 0.00
<30 Nov 2025 08:54:39> [TSimMgr_Server.netRecv_Synch_Pos_VBS] Sender : 192.168.1.50Platform Name : I Gusti Ngurah Rai - 332 ; Platform ID = 29777 X = 118° 00' 29.8" E Y = 00° 39' 25.3" N Z = 0.000 Course = 360.000 Speed = 0.00 Altitude = 0.00
<30 Nov 2025 08:54:39> [TSimMgr_Server.netRecv_Synch_Pos_VBS] Sender : 192.168.1.50Platform Name : Karel Satsuitubun - 356 ; Platform ID = 29775 X = 117° 50' 30.4" E Y = 00° 35' 06.3" N Z = 0.000 Course = 0.000 Speed = 0.00 Altitude = 0.00
<30 Nov 2025 08:54:39> [TSimMgr_Server.netRecv_Synch_Pos_VBS] Sender : 192.168.1.50Platform Name : Makassar - 590 ; Platform ID = 29768 X = 117° 54' 48.9" E Y = 00° 33' 00.4" N Z = 0.000 Course = 360.000 Speed = 0.00 Altitude = 0.00
<30 Nov 2025 08:54:39> [TSimMgr_Server.netRecv_Synch_Pos_VBS] Sender : 192.168.1.50Platform Name : Surabaya - 591 ; Platform ID = 29769 X = 117° 51' 17.2" E Y = 00° 35' 08.2" N Z = 0.000 Course = 360.000 Speed = 0.00 Altitude = 0.00
<30 Nov 2025 08:54:39> [TSimMgr_Server.netRecv_Synch_Pos_VBS] Sender : 192.168.1.50Platform Name : Teluk Bintuni - 520 ; Platform ID = 29770 X = 117° 58' 00.6" E Y = 00° 34' 28.2" N Z = 0.000 Course = 0.000 Speed = 0.00 Altitude = 0.00
<30 Nov 2025 08:54:39> [TSimMgr_Server.netRecv_Synch_Pos_VBS] Sender : 192.168.1.50Platform Name : Teluk Wondama - 527 ; Platform ID = 29773 X = 117° 54' 00.2" E Y = 00° 37' 07.4" N Z = 0.000 Course = 0.000 Speed = 0.00 Altitude = 0.00
<30 Nov 2025 08:54:39> [TSimMgr_Server.netRecv_Synch_Pos_VBS] Sender : 192.168.1.50Platform Name : Usman-Harun - 359 ; Platform ID = 29800 X = 117° 48' 41.2" E Y = 00° 31' 15.2" N Z = 0.000 Course = 360.000 Speed = 0.00 Altitude = 0.00
<30 Nov 2025 08:54:39> [TSimMgr_Server.netRecv_Synch_Pos_VBS] Sender : 192.168.1.50Platform Name : Usman-Harun - 359 ; Platform ID = 29800 X = 117° 48' 41.2" E Y = 00° 31' 15.2" N Z = 0.000 Course = 360.000 Speed = 0.00 Altitude = 0.00
<30 Nov 2025 08:54:39> [TSimMgr_Server.netRecv_Synch_Pos_VBS] Sender : 192.168.1.50Platform Name : Usman-Harun - 359 ; Platform ID = 29800 X = 117° 48' 41.2" E Y = 00° 31' 15.2" N Z = 0.000 Course = 360.000 Speed = 0.00 Altitude = 0.00
<30 Nov 2025 08:54:39> [TSimMgr_Server.netRecv_Synch_Pos_VBS] Sender : 192.168.1.50Platform Name : Australia - Collins ; Platform ID = 29900 X = 117° 55' 39.7" E Y = 00° 39' 00.9" N Z = 0.000 Course = 0.002 Speed = 0.00 Altitude = 0.00
<30 Nov 2025 08:54:39> [TSimMgr_Server.netRecv_Synch_Pos_VBS] Sender : 192.168.1.50Platform Name : Australia - Collins ; Platform ID = 29900 X = 117° 55' 39.7" E Y = 00° 39' 00.9" N Z = 0.000 Course = 0.002 Speed = 0.00 Altitude = 0.00
<30 Nov 2025 08:54:40> [TSimMgr_Server.netRecv_Synch_Pos_VBS] Sender : 192.168.1.50Platform Name : Ahmad Yani - 351 ; Platform ID = 29774 X = 117° 56' 47.4" E Y = 00° 38' 16.1" N Z = 0.000 Course = 0.000 Speed = 0.00 Altitude = 0.00
<30 Nov 2025 08:54:40> [TSimMgr_Server.netRecv_Synch_Pos_VBS] Sender : 192.168.1.50Platform Name : Bung Tomo - 357 ; Platform ID = 29799 X = 117° 51' 42.5" E Y = 00° 30' 57.0" N Z = 0.000 Course = 360.000 Speed = 0.00 Altitude = 0.00
<30 Nov 2025 08:54:40> [TSimMgr_Server.netRecv_Synch_Pos_VBS] Sender : 192.168.1.50Platform Name : Diponegoro - 365 ; Platform ID = 29801 X = 118° 00' 16.1" E Y = 00° 36' 17.3" N Z = 0.000 Course = 360.000 Speed = 0.00 Altitude = 0.00
<30 Nov 2025 08:54:40> [TSimMgr_Server.netRecv_Synch_Pos_VBS] Sender : 192.168.1.50Platform Name : Frans Kaisiepo - 368 ; Platform ID = 29776 X = 117° 47' 54.3" E Y = 00° 34' 29.1" N Z = 0.000 Course = 360.000 Speed = 0.00 Altitude = 0.00
<30 Nov 2025 08:54:40> [TSimMgr_Server.netRecv_Synch_Pos_VBS] Sender : 192.168.1.50Platform Name : I Gusti Ngurah Rai - 332 ; Platform ID = 29777 X = 118° 00' 29.8" E Y = 00° 39' 25.3" N Z = 0.000 Course = 360.000 Speed = 0.00 Altitude = 0.00
<30 Nov 2025 08:54:40> [TSimMgr_Server.netRecv_Synch_Pos_VBS] Sender : 192.168.1.50Platform Name : I Gusti Ngurah Rai - 332 ; Platform ID = 29777 X = 118° 00' 29.8" E Y = 00° 39' 25.3" N Z = 0.000 Course = 360.000 Speed = 0.00 Altitude = 0.00
<30 Nov 2025 08:54:40> [TSimMgr_Server.netRecv_Synch_Pos_VBS] Sender : 192.168.1.50Platform Name : I Gusti Ngurah Rai - 332 ; Platform ID = 29777 X = 118° 00' 29.8" E Y = 00° 39' 25.3" N Z = 0.000 Course = 360.000 Speed = 0.00 Altitude = 0.00
<30 Nov 2025 08:54:40> [TSimMgr_Server.netRecv_Synch_Pos_VBS] Sender : 192.168.1.50Platform Name : I Gusti Ngurah Rai - 332 ; Platform ID = 29777 X = 118° 00' 29.8" E Y = 00° 39' 25.3" N Z = 0.000 Course = 360.000 Speed = 0.00 Altitude = 0.00
<30 Nov 2025 08:54:40> [TSimMgr_Server.netRecv_Synch_Pos_VBS] Sender : 192.168.1.50Platform Name : I Gusti Ngurah Rai - 332 ; Platform ID = 29777 X = 118° 00' 29.8" E Y = 00° 39' 25.3" N Z = 0.000 Course = 360.000 Speed = 0.00 Altitude = 0.00
<30 Nov 2025 08:54:40> [TSimMgr_Server.netRecv_Synch_Pos_VBS] Sender : 192.168.1.50Platform Name : Karel Satsuitubun - 356 ; Platform ID = 29775 X = 117° 50' 30.4" E Y = 00° 35' 06.3" N Z = 0.000 Course = 0.000 Speed = 0.00 Altitude = 0.00
<30 Nov 2025 08:54:40> [TSimMgr_Server.netRecv_Synch_Pos_VBS] Sender : 192.168.1.50Platform Name : Makassar - 590 ; Platform ID = 29768 X = 117° 54' 48.9" E Y = 00° 33' 00.4" N Z = 0.000 Course = 360.000 Speed = 0.00 Altitude = 0.00
<30 Nov 2025 08:54:40> [TSimMgr_Server.netRecv_Synch_Pos_VBS] Sender : 192.168.1.50Platform Name : Surabaya - 591 ; Platform ID = 29769 X = 117° 51' 17.2" E Y = 00° 35' 08.2" N Z = 0.000 Course = 360.000 Speed = 0.00 Altitude = 0.00
<30 Nov 2025 08:54:40> [TSimMgr_Server.netRecv_Synch_Pos_VBS] Sender : 192.168.1.50Platform Name : Teluk Bintuni - 520 ; Platform ID = 29770 X = 117° 58' 00.6" E Y = 00° 34' 28.2" N Z = 0.000 Course = 0.000 Speed = 0.00 Altitude = 0.00
<30 Nov 2025 08:54:40> [TSimMgr_Server.netRecv_Synch_Pos_VBS] Sender : 192.168.1.50Platform Name : Teluk Wondama - 527 ; Platform ID = 29773 X = 117° 54' 00.2" E Y = 00° 37' 07.4" N Z = 0.000 Course = 0.000 Speed = 0.00 Altitude = 0.00
<30 Nov 2025 08:54:40> [TSimMgr_Server.netRecv_Synch_Pos_VBS] Sender : 192.168.1.50Platform Name : Usman-Harun - 359 ; Platform ID = 29800 X = 117° 48' 41.2" E Y = 00° 31' 15.2" N Z = 0.000 Course = 360.000 Speed = 0.00 Altitude = 0.00
<30 Nov 2025 08:54:40> [TSimMgr_Server.netRecv_Synch_Pos_VBS] Sender : 192.168.1.50Platform Name : Usman-Harun - 359 ; Platform ID = 29800 X = 117° 48' 41.2" E Y = 00° 31' 15.2" N Z = 0.000 Course = 360.000 Speed = 0.00 Altitude = 0.00
<30 Nov 2025 08:54:40> [TSimMgr_Server.netRecv_Synch_Pos_VBS] Sender : 192.168.1.50Platform Name : Australia - Collins ; Platform ID = 29900 X = 117° 55' 39.7" E Y = 00° 39' 00.9" N Z = 0.000 Course = 0.003 Speed = 0.00 Altitude = 0.00
<30 Nov 2025 08:54:40> [TSimMgr_Server.netRecv_Synch_Pos_VBS] Sender : 192.168.1.50Platform Name : Australia - Collins ; Platform ID = 29900 X = 117° 55' 39.7" E Y = 00° 39' 00.9" N Z = 0.000 Course = 0.003 Speed = 0.00 Altitude = 0.00
<30 Nov 2025 08:54:41> [TSimMgr_Server.netRecv_Synch_Pos_VBS] Sender : 192.168.1.50Platform Name : Ahmad Yani - 351 ; Platform ID = 29774 X = 117° 56' 47.4" E Y = 00° 38' 16.1" N Z = 0.000 Course = 0.000 Speed = 0.00 Altitude = 0.00
<30 Nov 2025 08:54:41> [TSimMgr_Server.netRecv_Synch_Pos_VBS] Sender : 192.168.1.50Platform Name : Bung Tomo - 357 ; Platform ID = 29799 X = 117° 51' 42.5" E Y = 00° 30' 57.0" N Z = 0.000 Course = 360.000 Speed = 0.00 Altitude = 0.00
<30 Nov 2025 08:54:41> [TSimMgr_Server.netRecv_Synch_Pos_VBS] Sender : 192.168.1.50Platform Name : Diponegoro - 365 ; Platform ID = 29801 X = 118° 00' 16.1" E Y = 00° 36' 17.3" N Z = 0.000 Course = 360.000 Speed = 0.00 Altitude = 0.00
<30 Nov 2025 08:54:41> [TSimMgr_Server.netRecv_Synch_Pos_VBS] Sender : 192.168.1.50Platform Name : Frans Kaisiepo - 368 ; Platform ID = 29776 X = 117° 47' 54.3" E Y = 00° 34' 29.1" N Z = 0.000 Course = 360.000 Speed = 0.00 Altitude = 0.00
<30 Nov 2025 08:54:41> [TSimMgr_Server.netRecv_Synch_Pos_VBS] Sender : 192.168.1.50Platform Name : I Gusti Ngurah Rai - 332 ; Platform ID = 29777 X = 118° 00' 29.8" E Y = 00° 39' 25.3" N Z = 0.000 Course = 360.000 Speed = 0.00 Altitude = 0.00
<30 Nov 2025 08:54:41> [TSimMgr_Server.netRecv_Synch_Pos_VBS] Sender : 192.168.1.50Platform Name : Karel Satsuitubun - 356 ; Platform ID = 29775 X = 117° 50' 30.4" E Y = 00° 35' 06.3" N Z = 0.000 Course = 0.000 Speed = 0.00 Altitude = 0.00
<30 Nov 2025 08:54:41> [TSimMgr_Server.netRecv_Synch_Pos_VBS] Sender : 192.168.1.50Platform Name : Makassar - 590 ; Platform ID = 29768 X = 117° 54' 48.9" E Y = 00° 33' 00.4" N Z = 0.000 Course = 360.000 Speed = 0.00 Altitude = 0.00
<30 Nov 2025 08:54:41> [TSimMgr_Server.netRecv_Synch_Pos_VBS] Sender : 192.168.1.50Platform Name : Surabaya - 591 ; Platform ID = 29769 X = 117° 51' 17.2" E Y = 00° 35' 08.2" N Z = 0.000 Course = 360.000 Speed = 0.00 Altitude = 0.00
<30 Nov 2025 08:54:41> [TSimMgr_Server.netRecv_Synch_Pos_VBS] Sender : 192.168.1.50Platform Name : Teluk Bintuni - 520 ; Platform ID = 29770 X = 117° 58' 00.6" E Y = 00° 34' 28.2" N Z = 0.000 Course = 0.000 Speed = 0.00 Altitude = 0.00
<30 Nov 2025 08:54:41> [TSimMgr_Server.netRecv_Synch_Pos_VBS] Sender : 192.168.1.50Platform Name : Teluk Wondama - 527 ; Platform ID = 29773 X = 117° 54' 00.2" E Y = 00° 37' 07.4" N Z = 0.000 Course = 0.000 Speed = 0.00 Altitude = 0.00
<30 Nov 2025 08:54:41> [TSimMgr_Server.netRecv_Synch_Pos_VBS] Sender : 192.168.1.50Platform Name : Usman-Harun - 359 ; Platform ID = 29800 X = 117° 48' 41.2" E Y = 00° 31' 15.2" N Z = 0.000 Course = 360.000 Speed = 0.00 Altitude = 0.00
<30 Nov 2025 08:54:41> [TSimMgr_Server.netRecv_Synch_Pos_VBS] Sender : 192.168.1.50Platform Name : Australia - Collins ; Platform ID = 29900 X = 117° 55' 39.7" E Y = 00° 39' 00.9" N Z = 0.000 Course = 359.999 Speed = 0.00 Altitude = 0.00
<30 Nov 2025 08:54:41> [TSimMgr_Server.netRecv_Synch_Pos_VBS] Sender : 192.168.1.50Platform Name : Australia - Collins ; Platform ID = 29900 X = 117° 55' 39.7" E Y = 00° 39' 00.9" N Z = 0.000 Course = 359.999 Speed = 0.00 Altitude = 0.00
<30 Nov 2025 08:54:41> [TSimMgr_Server.netRecv_Synch_Pos_VBS] Sender : 192.168.1.50Platform Name : Australia - Collins ; Platform ID = 29900 X = 117° 55' 39.7" E Y = 00° 39' 00.9" N Z = 0.000 Course = 359.999 Speed = 0.00 Altitude = 0.00
<30 Nov 2025 08:54:41> [TSimMgr_Server.netRecv_Synch_Pos_VBS] Sender : 192.168.1.50Platform Name : Australia - Collins ; Platform ID = 29900 X = 117° 55' 39.7" E Y = 00° 39' 00.9" N Z = 0.000 Course = 359.999 Speed = 0.00 Altitude = 0.00
<30 Nov 2025 08:54:41> [TSimMgr_Server.netRecv_Synch_Pos_VBS] Sender : 192.168.1.50Platform Name : Australia - Collins ; Platform ID = 29900 X = 117° 55' 39.7" E Y = 00° 39' 00.9" N Z = 0.000 Course = 359.999 Speed = 0.00 Altitude = 0.00
<30 Nov 2025 08:54:41> [TSimMgr_Server.netRecv_Synch_Pos_VBS] Sender : 192.168.1.50Platform Name : Australia - Collins ; Platform ID = 29900 X = 117° 55' 39.7" E Y = 00° 39' 00.9" N Z = 0.000 Course = 359.999 Speed = 0.00 Altitude = 0.00
<30 Nov 2025 08:54:41> [TSimMgr_Server.netRecv_Synch_Pos_VBS] Sender : 192.168.1.50Platform Name : Australia - Collins ; Platform ID = 29900 X = 117° 55' 39.7" E Y = 00° 39' 00.9" N Z = 0.000 Course = 359.999 Speed = 0.00 Altitude = 0.00
<30 Nov 2025 08:54:41> [TSimMgr_Server.netRecv_Synch_Pos_VBS] Sender : 192.168.1.50Platform Name : Australia - Collins ; Platform ID = 29900 X = 117° 55' 39.7" E Y = 00° 39' 00.9" N Z = 0.000 Course = 359.999 Speed = 0.00 Altitude = 0.00
<30 Nov 2025 08:54:41> [TSimMgr_Server.netRecv_Synch_Pos_VBS] Sender : 192.168.1.50Platform Name : Australia - Collins ; Platform ID = 29900 X = 117° 55' 39.7" E Y = 00° 39' 00.9" N Z = 0.000 Course = 359.999 Speed = 0.00 Altitude = 0.00
<30 Nov 2025 08:54:41> [TSimMgr_Server.netRecv_Synch_Pos_VBS] Sender : 192.168.1.50Platform Name : Australia - Collins ; Platform ID = 29900 X = 117° 55' 39.7" E Y = 00° 39' 00.9" N Z = 0.000 Course = 359.999 Speed = 0.00 Altitude = 0.00
<30 Nov 2025 08:54:41> [TSimMgr_Server.netRecv_Synch_Pos_VBS] Sender : 192.168.1.50Platform Name : Australia - Collins ; Platform ID = 29900 X = 117° 55' 39.7" E Y = 00° 39' 00.9" N Z = 0.000 Course = 359.999 Speed = 0.00 Altitude = 0.00
<30 Nov 2025 08:54:43> [TSimMgr_Server.netRecv_Synch_Pos_VBS] Sender : 192.168.1.50Platform Name : Ahmad Yani - 351 ; Platform ID = 29774 X = 117° 56' 47.4" E Y = 00° 38' 16.1" N Z = 0.000 Course = 0.000 Speed = 0.00 Altitude = 0.00
<30 Nov 2025 08:54:43> [TSimMgr_Server.netRecv_Synch_Pos_VBS] Sender : 192.168.1.50Platform Name : Bung Tomo - 357 ; Platform ID = 29799 X = 117° 51' 42.5" E Y = 00° 30' 57.0" N Z = 0.000 Course = 360.000 Speed = 0.00 Altitude = 0.00
<30 Nov 2025 08:54:43> [TSimMgr_Server.netRecv_Synch_Pos_VBS] Sender : 192.168.1.50Platform Name : Diponegoro - 365 ; Platform ID = 29801 X = 118° 00' 16.1" E Y = 00° 36' 17.3" N Z = 0.000 Course = 360.000 Speed = 0.00 Altitude = 0.00
<30 Nov 2025 08:54:43> [TSimMgr_Server.netRecv_Synch_Pos_VBS] Sender : 192.168.1.50Platform Name : Frans Kaisiepo - 368 ; Platform ID = 29776 X = 117° 47' 54.3" E Y = 00° 34' 29.1" N Z = 0.000 Course = 360.000 Speed = 0.00 Altitude = 0.00
<30 Nov 2025 08:54:43> [TSimMgr_Server.netRecv_Synch_Pos_VBS] Sender : 192.168.1.50Platform Name : I Gusti Ngurah Rai - 332 ; Platform ID = 29777 X = 118° 00' 29.8" E Y = 00° 39' 25.3" N Z = 0.000 Course = 360.000 Speed = 0.00 Altitude = 0.00
<30 Nov 2025 08:54:43> [TSimMgr_Server.netRecv_Synch_Pos_VBS] Sender : 192.168.1.50Platform Name : Karel Satsuitubun - 356 ; Platform ID = 29775 X = 117° 50' 30.4" E Y = 00° 35' 06.3" N Z = 0.000 Course = 0.000 Speed = 0.00 Altitude = 0.00
<30 Nov 2025 08:54:43> [TSimMgr_Server.netRecv_Synch_Pos_VBS] Sender : 192.168.1.50Platform Name : Karel Satsuitubun - 356 ; Platform ID = 29775 X = 117° 50' 30.4" E Y = 00° 35' 06.3" N Z = 0.000 Course = 0.000 Speed = 0.00 Altitude = 0.00
<30 Nov 2025 08:54:43> [TSimMgr_Server.netRecv_Synch_Pos_VBS] Sender : 192.168.1.50Platform Name : Karel Satsuitubun - 356 ; Platform ID = 29775 X = 117° 50' 30.4" E Y = 00° 35' 06.3" N Z = 0.000 Course = 0.000 Speed = 0.00 Altitude = 0.00
<30 Nov 2025 08:54:43> [TSimMgr_Server.netRecv_Synch_Pos_VBS] Sender : 192.168.1.50Platform Name : Karel Satsuitubun - 356 ; Platform ID = 29775 X = 117° 50' 30.4" E Y = 00° 35' 06.3" N Z = 0.000 Course = 0.000 Speed = 0.00 Altitude = 0.00
<30 Nov 2025 08:54:43> [TSimMgr_Server.netRecv_Synch_Pos_VBS] Sender : 192.168.1.50Platform Name : Karel Satsuitubun - 356 ; Platform ID = 29775 X = 117° 50' 30.4" E Y = 00° 35' 06.3" N Z = 0.000 Course = 0.000 Speed = 0.00 Altitude = 0.00
<30 Nov 2025 08:54:43> [TSimMgr_Server.netRecv_Synch_Pos_VBS] Sender : 192.168.1.50Platform Name : Karel Satsuitubun - 356 ; Platform ID = 29775 X = 117° 50' 30.4" E Y = 00° 35' 06.3" N Z = 0.000 Course = 0.000 Speed = 0.00 Altitude = 0.00
<30 Nov 2025 08:54:43> [TSimMgr_Server.netRecv_Synch_Pos_VBS] Sender : 192.168.1.50Platform Name : Makassar - 590 ; Platform ID = 29768 X = 117° 54' 48.9" E Y = 00° 33' 00.4" N Z = 0.000 Course = 360.000 Speed = 0.00 Altitude = 0.00
<30 Nov 2025 08:54:43> [TSimMgr_Server.netRecv_Synch_Pos_VBS] Sender : 192.168.1.50Platform Name : Surabaya - 591 ; Platform ID = 29769 X = 117° 51' 17.2" E Y = 00° 35' 08.2" N Z = 0.000 Course = 360.000 Speed = 0.00 Altitude = 0.00
<30 Nov 2025 08:54:43> [TSimMgr_Server.netRecv_Synch_Pos_VBS] Sender : 192.168.1.50Platform Name : Teluk Bintuni - 520 ; Platform ID = 29770 X = 117° 58' 00.6" E Y = 00° 34' 28.2" N Z = 0.000 Course = 0.000 Speed = 0.00 Altitude = 0.00
<30 Nov 2025 08:54:43> [TSimMgr_Server.netRecv_Synch_Pos_VBS] Sender : 192.168.1.50Platform Name : Teluk Wondama - 527 ; Platform ID = 29773 X = 117° 54' 00.2" E Y = 00° 37' 07.4" N Z = 0.000 Course = 0.000 Speed = 0.00 Altitude = 0.00
<30 Nov 2025 08:54:43> [TSimMgr_Server.netRecv_Synch_Pos_VBS] Sender : 192.168.1.50Platform Name : Usman-Harun - 359 ; Platform ID = 29800 X = 117° 48' 41.2" E Y = 00° 31' 15.2" N Z = 0.000 Course = 360.000 Speed = 0.00 Altitude = 0.00
<30 Nov 2025 08:54:43> [TSimMgr_Server.netRecv_Synch_Pos_VBS] Sender : 192.168.1.50Platform Name : Australia - Collins ; Platform ID = 29900 X = 117° 55' 39.7" E Y = 00° 39' 00.9" N Z = 0.000 Course = 359.998 Speed = 0.00 Altitude = 0.00
<30 Nov 2025 08:54:43> [TSimMgr_Server.netRecv_Synch_Pos_VBS] Sender : 192.168.1.50Platform Name : Australia - Collins ; Platform ID = 29900 X = 117° 55' 39.7" E Y = 00° 39' 00.9" N Z = 0.000 Course = 359.998 Speed = 0.00 Altitude = 0.00
<30 Nov 2025 08:54:43> [TSimMgr_Server.netRecv_Synch_Pos_VBS] Sender : 192.168.1.50Platform Name : Australia - Collins ; Platform ID = 29900 X = 117° 55' 39.7" E Y = 00° 39' 00.9" N Z = 0.000 Course = 359.998 Speed = 0.00 Altitude = 0.00
<30 Nov 2025 08:54:43> [TSimMgr_Server.netRecv_Synch_Pos_VBS] Sender : 192.168.1.50Platform Name : Ahmad Yani - 351 ; Platform ID = 29774 X = 117° 56' 47.4" E Y = 00° 38' 16.1" N Z = 0.000 Course = 0.000 Speed = 0.00 Altitude = 0.00
<30 Nov 2025 08:54:43> [TSimMgr_Server.netRecv_Synch_Pos_VBS] Sender : 192.168.1.50Platform Name : Bung Tomo - 357 ; Platform ID = 29799 X = 117° 51' 42.5" E Y = 00° 30' 57.0" N Z = 0.000 Course = 360.000 Speed = 0.00 Altitude = 0.00
<30 Nov 2025 08:54:43> [TSimMgr_Server.netRecv_Synch_Pos_VBS] Sender : 192.168.1.50Platform Name : Diponegoro - 365 ; Platform ID = 29801 X = 118° 00' 16.1" E Y = 00° 36' 17.3" N Z = 0.000 Course = 360.000 Speed = 0.00 Altitude = 0.00
<30 Nov 2025 08:54:43> [TSimMgr_Server.netRecv_Synch_Pos_VBS] Sender : 192.168.1.50Platform Name : Frans Kaisiepo - 368 ; Platform ID = 29776 X = 117° 47' 54.3" E Y = 00° 34' 29.1" N Z = 0.000 Course = 360.000 Speed = 0.00 Altitude = 0.00
<30 Nov 2025 08:54:43> [TSimMgr_Server.netRecv_Synch_Pos_VBS] Sender : 192.168.1.50Platform Name : I Gusti Ngurah Rai - 332 ; Platform ID = 29777 X = 118° 00' 29.8" E Y = 00° 39' 25.3" N Z = 0.000 Course = 360.000 Speed = 0.00 Altitude = 0.00
<30 Nov 2025 08:54:43> [TSimMgr_Server.netRecv_Synch_Pos_VBS] Sender : 192.168.1.50Platform Name : Karel Satsuitubun - 356 ; Platform ID = 29775 X = 117° 50' 30.4" E Y = 00° 35' 06.3" N Z = 0.000 Course = 0.000 Speed = 0.00 Altitude = 0.00
<30 Nov 2025 08:54:43> [TSimMgr_Server.netRecv_Synch_Pos_VBS] Sender : 192.168.1.50Platform Name : Makassar - 590 ; Platform ID = 29768 X = 117° 54' 48.9" E Y = 00° 33' 00.4" N Z = 0.000 Course = 360.000 Speed = 0.00 Altitude = 0.00
<30 Nov 2025 08:54:43> [TSimMgr_Server.netRecv_Synch_Pos_VBS] Sender : 192.168.1.50Platform Name : Surabaya - 591 ; Platform ID = 29769 X = 117° 51' 17.2" E Y = 00° 35' 08.2" N Z = 0.000 Course = 360.000 Speed = 0.00 Altitude = 0.00
<30 Nov 2025 08:54:43> [TSimMgr_Server.netRecv_Synch_Pos_VBS] Sender : 192.168.1.50Platform Name : Teluk Bintuni - 520 ; Platform ID = 29770 X = 117° 58' 00.6" E Y = 00° 34' 28.2" N Z = 0.000 Course = 0.000 Speed = 0.00 Altitude = 0.00
<30 Nov 2025 08:54:43> [TSimMgr_Server.netRecv_Synch_Pos_VBS] Sender : 192.168.1.50Platform Name : Teluk Wondama - 527 ; Platform ID = 29773 X = 117° 54' 00.2" E Y = 00° 37' 07.4" N Z = 0.000 Course = 0.000 Speed = 0.00 Altitude = 0.00
<30 Nov 2025 08:54:43> [TSimMgr_Server.netRecv_Synch_Pos_VBS] Sender : 192.168.1.50Platform Name : Usman-Harun - 359 ; Platform ID = 29800 X = 117° 48' 41.2" E Y = 00° 31' 15.2" N Z = 0.000 Course = 360.000 Speed = 0.00 Altitude = 0.00
<30 Nov 2025 08:54:43> [TSimMgr_Server.netRecv_Synch_Pos_VBS] Sender : 192.168.1.50Platform Name : Australia - Collins ; Platform ID = 29900 X = 117° 55' 39.7" E Y = 00° 39' 00.9" N Z = 0.000 Course = 0.001 Speed = 0.00 Altitude = 0.00
<30 Nov 2025 08:54:43> [TSimMgr_Client.LogEventRecv] <0031> CPID_UDP_PLATFORM_MOVE
<30 Nov 2025 08:54:43> [TSimMgr_Client.LogEventRecv] <0031> CPID_UDP_PLATFORM_MOVE
<30 Nov 2025 08:54:43> [TSimMgr_Client.LogEventRecv] <0031> CPID_UDP_PLATFORM_MOVE
<30 Nov 2025 08:54:43> [TSimMgr_Client.LogEventRecv] <0031> CPID_UDP_PLATFORM_MOVE
<30 Nov 2025 08:54:43> [TSimMgr_Client.LogEventRecv] <0031> CPID_UDP_PLATFORM_MOVE
<30 Nov 2025 08:54:43> [TSimMgr_Client.LogEventRecv] <0031> CPID_UDP_PLATFORM_MOVE
<30 Nov 2025 08:54:43> [TSimMgr_Client.LogEventRecv] <0031> CPID_UDP_PLATFORM_MOVE
<30 Nov 2025 08:54:43> [TSimMgr_Client.LogEventRecv] <0031> CPID_UDP_PLATFORM_MOVE
<30 Nov 2025 08:54:43> [TSimMgr_Client.LogEventRecv] <0031> CPID_UDP_PLATFORM_MOVE
<30 Nov 2025 08:54:43> [TSimMgr_Client.LogEventRecv] <0031> CPID_UDP_PLATFORM_MOVE
<30 Nov 2025 08:54:43> [TSimMgr_Client.LogEventRecv] <0031> CPID_UDP_PLATFORM_MOVE
<30 Nov 2025 08:54:43> [TSimMgr_Client.LogEventRecv] <0031> CPID_UDP_PLATFORM_MOVE
<30 Nov 2025 08:54:43> [TSimMgr_Client.LogEventRecv] <0031> CPID_UDP_PLATFORM_MOVE
<30 Nov 2025 08:54:43> [TSimMgr_Client.LogEventRecv] <0031> CPID_UDP_PLATFORM_MOVE
<30 Nov 2025 08:54:43> [TSimMgr_Client.LogEventRecv] <0031> CPID_UDP_PLATFORM_MOVE
<30 Nov 2025 08:54:43> [TSimMgr_Client.LogEventRecv] <0031> CPID_UDP_PLATFORM_MOVE
<30 Nov 2025 08:54:43> [TSimMgr_Client.LogEventRecv] <0031> CPID_UDP_PLATFORM_MOVE
<30 Nov 2025 08:54:43> [TSimMgr_Client.LogEventRecv] <0031> CPID_UDP_PLATFORM_MOVE
<30 Nov 2025 08:54:43> [TSimMgr_Client.LogEventRecv] <0031> CPID_UDP_PLATFORM_MOVE
<30 Nov 2025 08:54:43> [TSimMgr_Client.LogEventRecv] <0031> CPID_UDP_PLATFORM_MOVE
<30 Nov 2025 08:54:43> [TSimMgr_Client.LogEventRecv] <0031> CPID_UDP_PLATFORM_MOVE
<30 Nov 2025 08:54:43> [TSimMgr_Client.LogEventRecv] <0031> CPID_UDP_PLATFORM_MOVE
<30 Nov 2025 08:54:43> [TSimMgr_Client.LogEventRecv] <0031> CPID_UDP_PLATFORM_MOVE
<30 Nov 2025 08:54:43> [TSimMgr_Client.LogEventRecv] <0031> CPID_UDP_PLATFORM_MOVE
<30 Nov 2025 08:54:43> [TSimMgr_Client.LogEventRecv] <0031> CPID_UDP_PLATFORM_MOVE
<30 Nov 2025 08:54:43> [TSimMgr_Client.LogEventRecv] <0031> CPID_UDP_PLATFORM_MOVE
<30 Nov 2025 08:54:43> [TSimMgr_Server.netRecv_Synch_Pos_VBS] Sender : 192.168.1.50Platform Name : Ahmad Yani - 351 ; Platform ID = 29774 X = 117° 56' 47.4" E Y = 00° 38' 16.1" N Z = 0.000 Course = 0.000 Speed = 0.00 Altitude = 0.00
<30 Nov 2025 08:54:43> [TSimMgr_Server.netRecv_Synch_Pos_VBS] Sender : 192.168.1.50Platform Name : Bung Tomo - 357 ; Platform ID = 29799 X = 117° 51' 42.5" E Y = 00° 30' 57.0" N Z = 0.000 Course = 360.000 Speed = 0.00 Altitude = 0.00
<30 Nov 2025 08:54:43> [TSimMgr_Server.netRecv_Synch_Pos_VBS] Sender : 192.168.1.50Platform Name : Diponegoro - 365 ; Platform ID = 29801 X = 118° 00' 16.1" E Y = 00° 36' 17.3" N Z = 0.000 Course = 360.000 Speed = 0.00 Altitude = 0.00
<30 Nov 2025 08:54:43> [TSimMgr_Server.netRecv_Synch_Pos_VBS] Sender : 192.168.1.50Platform Name : Frans Kaisiepo - 368 ; Platform ID = 29776 X = 117° 47' 54.3" E Y = 00° 34' 29.1" N Z = 0.000 Course = 360.000 Speed = 0.00 Altitude = 0.00
<30 Nov 2025 08:54:43> [TSimMgr_Server.netRecv_Synch_Pos_VBS] Sender : 192.168.1.50Platform Name : I Gusti Ngurah Rai - 332 ; Platform ID = 29777 X = 118° 00' 29.8" E Y = 00° 39' 25.3" N Z = 0.000 Course = 360.000 Speed = 0.00 Altitude = 0.00
<30 Nov 2025 08:54:43> [TSimMgr_Server.netRecv_Synch_Pos_VBS] Sender : 192.168.1.50Platform Name : Karel Satsuitubun - 356 ; Platform ID = 29775 X = 117° 50' 30.4" E Y = 00° 35' 06.3" N Z = 0.000 Course = 0.000 Speed = 0.00 Altitude = 0.00
<30 Nov 2025 08:54:43> [TSimMgr_Server.netRecv_Synch_Pos_VBS] Sender : 192.168.1.50Platform Name : Makassar - 590 ; Platform ID = 29768 X = 117° 54' 48.9" E Y = 00° 33' 00.4" N Z = 0.000 Course = 360.000 Speed = 0.00 Altitude = 0.00
<30 Nov 2025 08:54:43> [TSimMgr_Server.netRecv_Synch_Pos_VBS] Sender : 192.168.1.50Platform Name : Surabaya - 591 ; Platform ID = 29769 X = 117° 51' 17.2" E Y = 00° 35' 08.2" N Z = 0.000 Course = 360.000 Speed = 0.00 Altitude = 0.00
<30 Nov 2025 08:54:43> [TSimMgr_Server.netRecv_Synch_Pos_VBS] Sender : 192.168.1.50Platform Name : Teluk Bintuni - 520 ; Platform ID = 29770 X = 117° 58' 00.6" E Y = 00° 34' 28.2" N Z = 0.000 Course = 0.000 Speed = 0.00 Altitude = 0.00
<30 Nov 2025 08:54:43> [TSimMgr_Server.netRecv_Synch_Pos_VBS] Sender : 192.168.1.50Platform Name : Teluk Wondama - 527 ; Platform ID = 29773 X = 117° 54' 00.2" E Y = 00° 37' 07.4" N Z = 0.000 Course = 0.000 Speed = 0.00 Altitude = 0.00
<30 Nov 2025 08:54:43> [TSimMgr_Server.netRecv_Synch_Pos_VBS] Sender : 192.168.1.50Platform Name : Usman-Harun - 359 ; Platform ID = 29800 X = 117° 48' 41.2" E Y = 00° 31' 15.2" N Z = 0.000 Course = 360.000 Speed = 0.00 Altitude = 0.00
<30 Nov 2025 08:54:43> [TSimMgr_Server.netRecv_Synch_Pos_VBS] Sender : 192.168.1.50Platform Name : Australia - Collins ; Platform ID = 29900 X = 117° 55' 39.7" E Y = 00° 39' 00.9" N Z = 0.000 Course = 360.000 Speed = 0.00 Altitude = 0.00
<30 Nov 2025 08:54:43> [TSimMgr_Server.netRecv_Synch_Pos_VBS] Sender : 192.168.1.50Platform Name : Ahmad Yani - 351 ; Platform ID = 29774 X = 117° 56' 47.4" E Y = 00° 38' 16.1" N Z = 0.000 Course = 0.000 Speed = 0.00 Altitude = 0.00
<30 Nov 2025 08:54:43> [TSimMgr_Server.netRecv_Synch_Pos_VBS] Sender : 192.168.1.50Platform Name : Bung Tomo - 357 ; Platform ID = 29799 X = 117° 51' 42.5" E Y = 00° 30' 57.0" N Z = 0.000 Course = 360.000 Speed = 0.00 Altitude = 0.00
<30 Nov 2025 08:54:43> [TSimMgr_Server.netRecv_Synch_Pos_VBS] Sender : 192.168.1.50Platform Name : Diponegoro - 365 ; Platform ID = 29801 X = 118° 00' 16.1" E Y = 00° 36' 17.3" N Z = 0.000 Course = 360.000 Speed = 0.00 Altitude = 0.00
<30 Nov 2025 08:54:43> [TSimMgr_Server.netRecv_Synch_Pos_VBS] Sender : 192.168.1.50Platform Name : Frans Kaisiepo - 368 ; Platform ID = 29776 X = 117° 47' 54.3" E Y = 00° 34' 29.1" N Z = 0.000 Course = 360.000 Speed = 0.00 Altitude = 0.00
<30 Nov 2025 08:54:43> [TSimMgr_Server.netRecv_Synch_Pos_VBS] Sender : 192.168.1.50Platform Name : I Gusti Ngurah Rai - 332 ; Platform ID = 29777 X = 118° 00' 29.8" E Y = 00° 39' 25.3" N Z = 0.000 Course = 360.000 Speed = 0.00 Altitude = 0.00
<30 Nov 2025 08:54:43> [TSimMgr_Server.netRecv_Synch_Pos_VBS] Sender : 192.168.1.50Platform Name : Karel Satsuitubun - 356 ; Platform ID = 29775 X = 117° 50' 30.4" E Y = 00° 35' 06.3" N Z = 0.000 Course = 0.000 Speed = 0.00 Altitude = 0.00
<30 Nov 2025 08:54:43> [TSimMgr_Server.netRecv_Synch_Pos_VBS] Sender : 192.168.1.50Platform Name : Makassar - 590 ; Platform ID = 29768 X = 117° 54' 48.9" E Y = 00° 33' 00.4" N Z = 0.000 Course = 360.000 Speed = 0.00 Altitude = 0.00
<30 Nov 2025 08:54:43> [TSimMgr_Server.netRecv_Synch_Pos_VBS] Sender : 192.168.1.50Platform Name : Surabaya - 591 ; Platform ID = 29769 X = 117° 51' 17.2" E Y = 00° 35' 08.2" N Z = 0.000 Course = 360.000 Speed = 0.00 Altitude = 0.00
<30 Nov 2025 08:54:43> [TSimMgr_Server.netRecv_Synch_Pos_VBS] Sender : 192.168.1.50Platform Name : Teluk Bintuni - 520 ; Platform ID = 29770 X = 117° 58' 00.6" E Y = 00° 34' 28.2" N Z = 0.000 Course = 0.000 Speed = 0.00 Altitude = 0.00
<30 Nov 2025 08:54:43> [TSimMgr_Server.netRecv_Synch_Pos_VBS] Sender : 192.168.1.50Platform Name : Teluk Wondama - 527 ; Platform ID = 29773 X = 117° 54' 00.2" E Y = 00° 37' 07.4" N Z = 0.000 Course = 0.000 Speed = 0.00 Altitude = 0.00
<30 Nov 2025 08:54:43> [TSimMgr_Server.netRecv_Synch_Pos_VBS] Sender : 192.168.1.50Platform Name : Usman-Harun - 359 ; Platform ID = 29800 X = 117° 48' 41.2" E Y = 00° 31' 15.2" N Z = 0.000 Course = 360.000 Speed = 0.00 Altitude = 0.00
<30 Nov 2025 08:54:43> [TSimMgr_Server.netRecv_Synch_Pos_VBS] Sender : 192.168.1.50Platform Name : Australia - Collins ; Platform ID = 29900 X = 117° 55' 39.7" E Y = 00° 39' 00.9" N Z = 0.000 Course = 359.998 Speed = 0.00 Altitude = 0.00
<30 Nov 2025 08:54:43> [TSimMgr_Server.netRecv_Synch_Pos_VBS] Sender : 192.168.1.50Platform Name : Ahmad Yani - 351 ; Platform ID = 29774 X = 117° 56' 47.4" E Y = 00° 38' 16.1" N Z = 0.000 Course = 0.000 Speed = 0.00 Altitude = 0.00
<30 Nov 2025 08:54:43> [TSimMgr_Server.netRecv_Synch_Pos_VBS] Sender : 192.168.1.50Platform Name : Bung Tomo - 357 ; Platform ID = 29799 X = 117° 51' 42.5" E Y = 00° 30' 57.0" N Z = 0.000 Course = 360.000 Speed = 0.00 Altitude = 0.00
<30 Nov 2025 08:54:43> [TSimMgr_Server.netRecv_Synch_Pos_VBS] Sender : 192.168.1.50Platform Name : Diponegoro - 365 ; Platform ID = 29801 X = 118° 00' 16.1" E Y = 00° 36' 17.3" N Z = 0.000 Course = 360.000 Speed = 0.00 Altitude = 0.00
<30 Nov 2025 08:54:43> [TSimMgr_Server.netRecv_Synch_Pos_VBS] Sender : 192.168.1.50Platform Name : Frans Kaisiepo - 368 ; Platform ID = 29776 X = 117° 47' 54.3" E Y = 00° 34' 29.1" N Z = 0.000 Course = 360.000 Speed = 0.00 Altitude = 0.00
<30 Nov 2025 08:54:43> [TSimMgr_Server.netRecv_Synch_Pos_VBS] Sender : 192.168.1.50Platform Name : I Gusti Ngurah Rai - 332 ; Platform ID = 29777 X = 118° 00' 29.8" E Y = 00° 39' 25.3" N Z = 0.000 Course = 360.000 Speed = 0.00 Altitude = 0.00
<30 Nov 2025 08:54:43> [TSimMgr_Server.netRecv_Synch_Pos_VBS] Sender : 192.168.1.50Platform Name : Karel Satsuitubun - 356 ; Platform ID = 29775 X = 117° 50' 30.4" E Y = 00° 35' 06.3" N Z = 0.000 Course = 0.000 Speed = 0.00 Altitude = 0.00
<30 Nov 2025 08:54:43> [TSimMgr_Server.netRecv_Synch_Pos_VBS] Sender : 192.168.1.50Platform Name : Makassar - 590 ; Platform ID = 29768 X = 117° 54' 48.9" E Y = 00° 33' 00.4" N Z = 0.000 Course = 360.000 Speed = 0.00 Altitude = 0.00
<30 Nov 2025 08:54:43> [TSimMgr_Server.netRecv_Synch_Pos_VBS] Sender : 192.168.1.50Platform Name : Surabaya - 591 ; Platform ID = 29769 X = 117° 51' 17.2" E Y = 00° 35' 08.2" N Z = 0.000 Course = 360.000 Speed = 0.00 Altitude = 0.00
<30 Nov 2025 08:54:43> [TSimMgr_Server.netRecv_Synch_Pos_VBS] Sender : 192.168.1.50Platform Name : Teluk Bintuni - 520 ; Platform ID = 29770 X = 117° 58' 00.6" E Y = 00° 34' 28.2" N Z = 0.000 Course = 0.000 Speed = 0.00 Altitude = 0.00
<30 Nov 2025 08:54:43> [TSimMgr_Server.netRecv_Synch_Pos_VBS] Sender : 192.168.1.50Platform Name : Teluk Wondama - 527 ; Platform ID = 29773 X = 117° 54' 00.2" E Y = 00° 37' 07.4" N Z = 0.000 Course = 0.000 Speed = 0.00 Altitude = 0.00
<30 Nov 2025 08:54:43> [TSimMgr_Server.netRecv_Synch_Pos_VBS] Sender : 192.168.1.50Platform Name : Usman-Harun - 359 ; Platform ID = 29800 X = 117° 48' 41.2" E Y = 00° 31' 15.2" N Z = 0.000 Course = 360.000 Speed = 0.00 Altitude = 0.00
<30 Nov 2025 08:54:43> [TSimMgr_Server.netRecv_Synch_Pos_VBS] Sender : 192.168.1.50Platform Name : Australia - Collins ; Platform ID = 29900 X = 117° 55' 39.7" E Y = 00° 39' 00.9" N Z = 0.000 Course = 0.001 Speed = 0.00 Altitude = 0.00
<30 Nov 2025 08:54:49> [TSimMgr_Server.netRecv_Synch_Pos_VBS] Sender : 192.168.1.50Platform Name : Ahmad Yani - 351 ; Platform ID = 29774 X = 117° 56' 47.4" E Y = 00° 38' 16.1" N Z = 0.000 Course = 0.000 Speed = 0.00 Altitude = 0.00
<30 Nov 2025 08:54:49> [TSimMgr_Server.netRecv_Synch_Pos_VBS] Sender : 192.168.1.50Platform Name : Bung Tomo - 357 ; Platform ID = 29799 X = 117° 51' 42.5" E Y = 00° 30' 57.0" N Z = 0.000 Course = 360.000 Speed = 0.00 Altitude = 0.00
<30 Nov 2025 08:54:49> [TSimMgr_Server.netRecv_Synch_Pos_VBS] Sender : 192.168.1.50Platform Name : Diponegoro - 365 ; Platform ID = 29801 X = 118° 00' 16.1" E Y = 00° 36' 17.3" N Z = 0.000 Course = 360.000 Speed = 0.00 Altitude = 0.00
<30 Nov 2025 08:54:49> [TSimMgr_Server.netRecv_Synch_Pos_VBS] Sender : 192.168.1.50Platform Name : Frans Kaisiepo - 368 ; Platform ID = 29776 X = 117° 47' 54.3" E Y = 00° 34' 29.1" N Z = 0.000 Course = 360.000 Speed = 0.00 Altitude = 0.00
<30 Nov 2025 08:54:49> [TSimMgr_Server.netRecv_Synch_Pos_VBS] Sender : 192.168.1.50Platform Name : I Gusti Ngurah Rai - 332 ; Platform ID = 29777 X = 118° 00' 29.8" E Y = 00° 39' 25.3" N Z = 0.000 Course = 360.000 Speed = 0.00 Altitude = 0.00
<30 Nov 2025 08:54:49> [TSimMgr_Server.netRecv_Synch_Pos_VBS] Sender : 192.168.1.50Platform Name : Karel Satsuitubun - 356 ; Platform ID = 29775 X = 117° 50' 30.4" E Y = 00° 35' 06.3" N Z = 0.000 Course = 0.000 Speed = 0.00 Altitude = 0.00
<30 Nov 2025 08:54:49> [TSimMgr_Server.netRecv_Synch_Pos_VBS] Sender : 192.168.1.50Platform Name : Makassar - 590 ; Platform ID = 29768 X = 117° 54' 48.9" E Y = 00° 33' 00.4" N Z = 0.000 Course = 360.000 Speed = 0.00 Altitude = 0.00
<30 Nov 2025 08:54:49> [TSimMgr_Server.netRecv_Synch_Pos_VBS] Sender : 192.168.1.50Platform Name : Surabaya - 591 ; Platform ID = 29769 X = 117° 51' 17.2" E Y = 00° 35' 08.2" N Z = 0.000 Course = 360.000 Speed = 0.00 Altitude = 0.00
<30 Nov 2025 08:54:49> [TSimMgr_Server.netRecv_Synch_Pos_VBS] Sender : 192.168.1.50Platform Name : Teluk Bintuni - 520 ; Platform ID = 29770 X = 117° 58' 00.6" E Y = 00° 34' 28.2" N Z = 0.000 Course = 0.000 Speed = 0.00 Altitude = 0.00
<30 Nov 2025 08:54:49> [TSimMgr_Server.netRecv_Synch_Pos_VBS] Sender : 192.168.1.50Platform Name : Teluk Wondama - 527 ; Platform ID = 29773 X = 117° 54' 00.2" E Y = 00° 37' 07.4" N Z = 0.000 Course = 0.000 Speed = 0.00 Altitude = 0.00
<30 Nov 2025 08:54:49> [TSimMgr_Server.netRecv_Synch_Pos_VBS] Sender : 192.168.1.50Platform Name : Usman-Harun - 359 ; Platform ID = 29800 X = 117° 48' 41.2" E Y = 00° 31' 15.2" N Z = 0.000 Course = 360.000 Speed = 0.00 Altitude = 0.00
<30 Nov 2025 08:54:49> [TSimMgr_Server.netRecv_Synch_Pos_VBS] Sender : 192.168.1.50Platform Name : Australia - Collins ; Platform ID = 29900 X = 117° 55' 39.7" E Y = 00° 39' 00.9" N Z = 0.000 Course = 359.999 Speed = 0.00 Altitude = 0.00
<30 Nov 2025 08:54:49> [TSimMgr_Server.netRecv_Synch_Pos_VBS] Sender : 192.168.1.50Platform Name : Ahmad Yani - 351 ; Platform ID = 29774 X = 117° 56' 47.4" E Y = 00° 38' 16.1" N Z = 0.000 Course = 0.000 Speed = 0.00 Altitude = 0.00
<30 Nov 2025 08:54:49> [TSimMgr_Server.netRecv_Synch_Pos_VBS] Sender : 192.168.1.50Platform Name : Bung Tomo - 357 ; Platform ID = 29799 X = 117° 51' 42.5" E Y = 00° 30' 57.0" N Z = 0.000 Course = 360.000 Speed = 0.00 Altitude = 0.00
<30 Nov 2025 08:54:49> [TSimMgr_Server.netRecv_Synch_Pos_VBS] Sender : 192.168.1.50Platform Name : Diponegoro - 365 ; Platform ID = 29801 X = 118° 00' 16.1" E Y = 00° 36' 17.3" N Z = 0.000 Course = 360.000 Speed = 0.00 Altitude = 0.00
<30 Nov 2025 08:54:49> [TSimMgr_Server.netRecv_Synch_Pos_VBS] Sender : 192.168.1.50Platform Name : Frans Kaisiepo - 368 ; Platform ID = 29776 X = 117° 47' 54.3" E Y = 00° 34' 29.1" N Z = 0.000 Course = 360.000 Speed = 0.00 Altitude = 0.00
<30 Nov 2025 08:54:49> [TSimMgr_Server.netRecv_Synch_Pos_VBS] Sender : 192.168.1.50Platform Name : I Gusti Ngurah Rai - 332 ; Platform ID = 29777 X = 118° 00' 29.8" E Y = 00° 39' 25.3" N Z = 0.000 Course = 360.000 Speed = 0.00 Altitude = 0.00
<30 Nov 2025 08:54:49> [TSimMgr_Server.netRecv_Synch_Pos_VBS] Sender : 192.168.1.50Platform Name : Karel Satsuitubun - 356 ; Platform ID = 29775 X = 117° 50' 30.4" E Y = 00° 35' 06.3" N Z = 0.000 Course = 0.000 Speed = 0.00 Altitude = 0.00
<30 Nov 2025 08:54:49> [TSimMgr_Server.netRecv_Synch_Pos_VBS] Sender : 192.168.1.50Platform Name : Makassar - 590 ; Platform ID = 29768 X = 117° 54' 48.9" E Y = 00° 33' 00.4" N Z = 0.000 Course = 360.000 Speed = 0.00 Altitude = 0.00
<30 Nov 2025 08:54:49> [TSimMgr_Server.netRecv_Synch_Pos_VBS] Sender : 192.168.1.50Platform Name : Surabaya - 591 ; Platform ID = 29769 X = 117° 51' 17.2" E Y = 00° 35' 08.2" N Z = 0.000 Course = 360.000 Speed = 0.00 Altitude = 0.00
<30 Nov 2025 08:54:49> [TSimMgr_Server.netRecv_Synch_Pos_VBS] Sender : 192.168.1.50Platform Name : Teluk Bintuni - 520 ; Platform ID = 29770 X = 117° 58' 00.6" E Y = 00° 34' 28.2" N Z = 0.000 Course = 0.000 Speed = 0.00 Altitude = 0.00
<30 Nov 2025 08:54:49> [TSimMgr_Server.netRecv_Synch_Pos_VBS] Sender : 192.168.1.50Platform Name : Teluk Wondama - 527 ; Platform ID = 29773 X = 117° 54' 00.2" E Y = 00° 37' 07.4" N Z = 0.000 Course = 0.000 Speed = 0.00 Altitude = 0.00
<30 Nov 2025 08:54:49> [TSimMgr_Server.netRecv_Synch_Pos_VBS] Sender : 192.168.1.50Platform Name : Usman-Harun - 359 ; Platform ID = 29800 X = 117° 48' 41.2" E Y = 00° 31' 15.2" N Z = 0.000 Course = 360.000 Speed = 0.00 Altitude = 0.00
<30 Nov 2025 08:54:49> [TSimMgr_Server.netRecv_Synch_Pos_VBS] Sender : 192.168.1.50Platform Name : Australia - Collins ; Platform ID = 29900 X = 117° 55' 39.7" E Y = 00° 39' 00.9" N Z = 0.000 Course = 0.001 Speed = 0.00 Altitude = 0.00
<30 Nov 2025 08:54:49> [TSimMgr_Server.netRecv_Synch_Pos_VBS] Sender : 192.168.1.50Platform Name : Ahmad Yani - 351 ; Platform ID = 29774 X = 117° 56' 47.4" E Y = 00° 38' 16.1" N Z = 0.000 Course = 0.000 Speed = 0.00 Altitude = 0.00
<30 Nov 2025 08:54:49> [TSimMgr_Server.netRecv_Synch_Pos_VBS] Sender : 192.168.1.50Platform Name : Bung Tomo - 357 ; Platform ID = 29799 X = 117° 51' 42.5" E Y = 00° 30' 57.0" N Z = 0.000 Course = 360.000 Speed = 0.00 Altitude = 0.00
<30 Nov 2025 08:54:49> [TSimMgr_Server.netRecv_Synch_Pos_VBS] Sender : 192.168.1.50Platform Name : Diponegoro - 365 ; Platform ID = 29801 X = 118° 00' 16.1" E Y = 00° 36' 17.3" N Z = 0.000 Course = 360.000 Speed = 0.00 Altitude = 0.00
<30 Nov 2025 08:54:49> [TSimMgr_Server.netRecv_Synch_Pos_VBS] Sender : 192.168.1.50Platform Name : Frans Kaisiepo - 368 ; Platform ID = 29776 X = 117° 47' 54.3" E Y = 00° 34' 29.1" N Z = 0.000 Course = 360.000 Speed = 0.00 Altitude = 0.00
<30 Nov 2025 08:54:49> [TSimMgr_Server.netRecv_Synch_Pos_VBS] Sender : 192.168.1.50Platform Name : I Gusti Ngurah Rai - 332 ; Platform ID = 29777 X = 118° 00' 29.8" E Y = 00° 39' 25.3" N Z = 0.000 Course = 360.000 Speed = 0.00 Altitude = 0.00
<30 Nov 2025 08:54:49> [TSimMgr_Server.netRecv_Synch_Pos_VBS] Sender : 192.168.1.50Platform Name : Karel Satsuitubun - 356 ; Platform ID = 29775 X = 117° 50' 30.4" E Y = 00° 35' 06.3" N Z = 0.000 Course = 0.000 Speed = 0.00 Altitude = 0.00
<30 Nov 2025 08:54:49> [TSimMgr_Server.netRecv_Synch_Pos_VBS] Sender : 192.168.1.50Platform Name : Makassar - 590 ; Platform ID = 29768 X = 117° 54' 48.9" E Y = 00° 33' 00.4" N Z = 0.000 Course = 360.000 Speed = 0.00 Altitude = 0.00
<30 Nov 2025 08:54:49> [TSimMgr_Server.netRecv_Synch_Pos_VBS] Sender : 192.168.1.50Platform Name : Surabaya - 591 ; Platform ID = 29769 X = 117° 51' 17.2" E Y = 00° 35' 08.2" N Z = 0.000 Course = 360.000 Speed = 0.00 Altitude = 0.00
<30 Nov 2025 08:54:49> [TSimMgr_Server.netRecv_Synch_Pos_VBS] Sender : 192.168.1.50Platform Name : Teluk Bintuni - 520 ; Platform ID = 29770 X = 117° 58' 00.6" E Y = 00° 34' 28.2" N Z = 0.000 Course = 0.000 Speed = 0.00 Altitude = 0.00
<30 Nov 2025 08:54:49> [TSimMgr_Server.netRecv_Synch_Pos_VBS] Sender : 192.168.1.50Platform Name : Teluk Wondama - 527 ; Platform ID = 29773 X = 117° 54' 00.2" E Y = 00° 37' 07.4" N Z = 0.000 Course = 0.000 Speed = 0.00 Altitude = 0.00
<30 Nov 2025 08:54:49> [TSimMgr_Server.netRecv_Synch_Pos_VBS] Sender : 192.168.1.50Platform Name : Usman-Harun - 359 ; Platform ID = 29800 X = 117° 48' 41.2" E Y = 00° 31' 15.2" N Z = 0.000 Course = 360.000 Speed = 0.00 Altitude = 0.00
<30 Nov 2025 08:54:49> [TSimMgr_Server.netRecv_Synch_Pos_VBS] Sender : 192.168.1.50Platform Name : Australia - Collins ; Platform ID = 29900 X = 117° 55' 39.7" E Y = 00° 39' 00.9" N Z = 0.000 Course = 359.997 Speed = 0.00 Altitude = 0.00
<30 Nov 2025 08:54:49> [TSimMgr_Client.LogEventRecv] <0031> CPID_UDP_PLATFORM_MOVE
<30 Nov 2025 08:54:49> [TSimMgr_Client.LogEventRecv] <0031> CPID_UDP_PLATFORM_MOVE
<30 Nov 2025 08:54:49> [TSimMgr_Client.LogEventRecv] <0031> CPID_UDP_PLATFORM_MOVE
<30 Nov 2025 08:54:49> [TSimMgr_Client.LogEventRecv] <0031> CPID_UDP_PLATFORM_MOVE
<30 Nov 2025 08:54:49> [TSimMgr_Client.LogEventRecv] <0031> CPID_UDP_PLATFORM_MOVE
<30 Nov 2025 08:54:49> [TSimMgr_Client.LogEventRecv] <0031> CPID_UDP_PLATFORM_MOVE
<30 Nov 2025 08:54:49> [TSimMgr_Client.LogEventRecv] <0031> CPID_UDP_PLATFORM_MOVE
<30 Nov 2025 08:54:49> [TSimMgr_Client.LogEventRecv] <0031> CPID_UDP_PLATFORM_MOVE
<30 Nov 2025 08:54:49> [TSimMgr_Client.LogEventRecv] <0031> CPID_UDP_PLATFORM_MOVE
<30 Nov 2025 08:54:49> [TSimMgr_Client.LogEventRecv] <0031> CPID_UDP_PLATFORM_MOVE
<30 Nov 2025 08:54:49> [TSimMgr_Client.LogEventRecv] <0031> CPID_UDP_PLATFORM_MOVE
<30 Nov 2025 08:54:49> [TSimMgr_Client.LogEventRecv] <0031> CPID_UDP_PLATFORM_MOVE
<30 Nov 2025 08:54:49> [TSimMgr_Client.LogEventRecv] <0031> CPID_UDP_PLATFORM_MOVE
<30 Nov 2025 08:54:49> [TSimMgr_Client.LogEventRecv] <0031> CPID_UDP_PLATFORM_MOVE
<30 Nov 2025 08:54:49> [TSimMgr_Client.LogEventRecv] <0031> CPID_UDP_PLATFORM_MOVE
<30 Nov 2025 08:54:49> [TSimMgr_Client.LogEventRecv] <0031> CPID_UDP_PLATFORM_MOVE
<30 Nov 2025 08:54:49> [TSimMgr_Client.LogEventRecv] <0031> CPID_UDP_PLATFORM_MOVE
<30 Nov 2025 08:54:49> [TSimMgr_Client.LogEventRecv] <0031> CPID_UDP_PLATFORM_MOVE
<30 Nov 2025 08:54:49> [TSimMgr_Client.LogEventRecv] <0031> CPID_UDP_PLATFORM_MOVE
<30 Nov 2025 08:54:49> [TSimMgr_Client.LogEventRecv] <0031> CPID_UDP_PLATFORM_MOVE
<30 Nov 2025 08:54:49> [TSimMgr_Client.LogEventRecv] <0031> CPID_UDP_PLATFORM_MOVE
<30 Nov 2025 08:54:49> [TSimMgr_Client.LogEventRecv] <0031> CPID_UDP_PLATFORM_MOVE
<30 Nov 2025 08:54:49> [TSimMgr_Client.LogEventRecv] <0031> CPID_UDP_PLATFORM_MOVE
<30 Nov 2025 08:54:49> [TSimMgr_Client.LogEventRecv] <0031> CPID_UDP_PLATFORM_MOVE
<30 Nov 2025 08:54:49> [TSimMgr_Client.LogEventRecv] <0031> CPID_UDP_PLATFORM_MOVE
<30 Nov 2025 08:54:49> [TSimMgr_Client.LogEventRecv] <0031> CPID_UDP_PLATFORM_MOVE
<30 Nov 2025 08:54:49> [TSimMgr_Server.netRecv_Synch_Pos_VBS] Sender : 192.168.1.50Platform Name : Ahmad Yani - 351 ; Platform ID = 29774 X = 117° 56' 47.4" E Y = 00° 38' 16.1" N Z = 0.000 Course = 0.000 Speed = 0.00 Altitude = 0.00
<30 Nov 2025 08:54:49> [TSimMgr_Server.netRecv_Synch_Pos_VBS] Sender : 192.168.1.50Platform Name : Bung Tomo - 357 ; Platform ID = 29799 X = 117° 51' 42.5" E Y = 00° 30' 57.0" N Z = 0.000 Course = 360.000 Speed = 0.00 Altitude = 0.00
<30 Nov 2025 08:54:49> [TSimMgr_Server.netRecv_Synch_Pos_VBS] Sender : 192.168.1.50Platform Name : Diponegoro - 365 ; Platform ID = 29801 X = 118° 00' 16.1" E Y = 00° 36' 17.3" N Z = 0.000 Course = 360.000 Speed = 0.00 Altitude = 0.00
<30 Nov 2025 08:54:49> [TSimMgr_Server.netRecv_Synch_Pos_VBS] Sender : 192.168.1.50Platform Name : Frans Kaisiepo - 368 ; Platform ID = 29776 X = 117° 47' 54.3" E Y = 00° 34' 29.1" N Z = 0.000 Course = 360.000 Speed = 0.00 Altitude = 0.00
<30 Nov 2025 08:54:49> [TSimMgr_Server.netRecv_Synch_Pos_VBS] Sender : 192.168.1.50Platform Name : I Gusti Ngurah Rai - 332 ; Platform ID = 29777 X = 118° 00' 29.8" E Y = 00° 39' 25.3" N Z = 0.000 Course = 360.000 Speed = 0.00 Altitude = 0.00
<30 Nov 2025 08:54:49> [TSimMgr_Server.netRecv_Synch_Pos_VBS] Sender : 192.168.1.50Platform Name : Karel Satsuitubun - 356 ; Platform ID = 29775 X = 117° 50' 30.4" E Y = 00° 35' 06.3" N Z = 0.000 Course = 0.000 Speed = 0.00 Altitude = 0.00
<30 Nov 2025 08:54:49> [TSimMgr_Server.netRecv_Synch_Pos_VBS] Sender : 192.168.1.50Platform Name : Makassar - 590 ; Platform ID = 29768 X = 117° 54' 48.9" E Y = 00° 33' 00.4" N Z = 0.000 Course = 360.000 Speed = 0.00 Altitude = 0.00
<30 Nov 2025 08:54:49> [TSimMgr_Server.netRecv_Synch_Pos_VBS] Sender : 192.168.1.50Platform Name : Surabaya - 591 ; Platform ID = 29769 X = 117° 51' 17.2" E Y = 00° 35' 08.2" N Z = 0.000 Course = 360.000 Speed = 0.00 Altitude = 0.00
<30 Nov 2025 08:54:49> [TSimMgr_Server.netRecv_Synch_Pos_VBS] Sender : 192.168.1.50Platform Name : Teluk Bintuni - 520 ; Platform ID = 29770 X = 117° 58' 00.6" E Y = 00° 34' 28.2" N Z = 0.000 Course = 0.000 Speed = 0.00 Altitude = 0.00
<30 Nov 2025 08:54:49> [TSimMgr_Server.netRecv_Synch_Pos_VBS] Sender : 192.168.1.50Platform Name : Teluk Wondama - 527 ; Platform ID = 29773 X = 117° 54' 00.2" E Y = 00° 37' 07.4" N Z = 0.000 Course = 0.000 Speed = 0.00 Altitude = 0.00
<30 Nov 2025 08:54:49> [TSimMgr_Server.netRecv_Synch_Pos_VBS] Sender : 192.168.1.50Platform Name : Usman-Harun - 359 ; Platform ID = 29800 X = 117° 48' 41.2" E Y = 00° 31' 15.2" N Z = 0.000 Course = 360.000 Speed = 0.00 Altitude = 0.00
<30 Nov 2025 08:54:49> [TSimMgr_Server.netRecv_Synch_Pos_VBS] Sender : 192.168.1.50Platform Name : Australia - Collins ; Platform ID = 29900 X = 117° 55' 39.7" E Y = 00° 39' 00.9" N Z = 0.000 Course = 0.002 Speed = 0.00 Altitude = 0.00
<30 Nov 2025 08:54:49> [TSimMgr_Server.netRecv_Synch_Pos_VBS] Sender : 192.168.1.50Platform Name : Ahmad Yani - 351 ; Platform ID = 29774 X = 117° 56' 47.4" E Y = 00° 38' 16.1" N Z = 0.000 Course = 0.000 Speed = 0.00 Altitude = 0.00
<30 Nov 2025 08:54:49> [TSimMgr_Server.netRecv_Synch_Pos_VBS] Sender : 192.168.1.50Platform Name : Bung Tomo - 357 ; Platform ID = 29799 X = 117° 51' 42.5" E Y = 00° 30' 57.0" N Z = 0.000 Course = 360.000 Speed = 0.00 Altitude = 0.00
<30 Nov 2025 08:54:49> [TSimMgr_Server.netRecv_Synch_Pos_VBS] Sender : 192.168.1.50Platform Name : Diponegoro - 365 ; Platform ID = 29801 X = 118° 00' 16.1" E Y = 00° 36' 17.3" N Z = 0.000 Course = 360.000 Speed = 0.00 Altitude = 0.00
<30 Nov 2025 08:54:49> [TSimMgr_Server.netRecv_Synch_Pos_VBS] Sender : 192.168.1.50Platform Name : Frans Kaisiepo - 368 ; Platform ID = 29776 X = 117° 47' 54.3" E Y = 00° 34' 29.1" N Z = 0.000 Course = 360.000 Speed = 0.00 Altitude = 0.00
<30 Nov 2025 08:54:49> [TSimMgr_Server.netRecv_Synch_Pos_VBS] Sender : 192.168.1.50Platform Name : I Gusti Ngurah Rai - 332 ; Platform ID = 29777 X = 118° 00' 29.8" E Y = 00° 39' 25.3" N Z = 0.000 Course = 360.000 Speed = 0.00 Altitude = 0.00
<30 Nov 2025 08:54:49> [TSimMgr_Server.netRecv_Synch_Pos_VBS] Sender : 192.168.1.50Platform Name : Karel Satsuitubun - 356 ; Platform ID = 29775 X = 117° 50' 30.4" E Y = 00° 35' 06.3" N Z = 0.000 Course = 0.000 Speed = 0.00 Altitude = 0.00
<30 Nov 2025 08:54:49> [TSimMgr_Server.netRecv_Synch_Pos_VBS] Sender : 192.168.1.50Platform Name : Makassar - 590 ; Platform ID = 29768 X = 117° 54' 48.9" E Y = 00° 33' 00.4" N Z = 0.000 Course = 360.000 Speed = 0.00 Altitude = 0.00
<30 Nov 2025 08:54:49> [TSimMgr_Server.netRecv_Synch_Pos_VBS] Sender : 192.168.1.50Platform Name : Surabaya - 591 ; Platform ID = 29769 X = 117° 51' 17.2" E Y = 00° 35' 08.2" N Z = 0.000 Course = 360.000 Speed = 0.00 Altitude = 0.00
<30 Nov 2025 08:54:49> [TSimMgr_Server.netRecv_Synch_Pos_VBS] Sender : 192.168.1.50Platform Name : Teluk Bintuni - 520 ; Platform ID = 29770 X = 117° 58' 00.6" E Y = 00° 34' 28.2" N Z = 0.000 Course = 0.000 Speed = 0.00 Altitude = 0.00
<30 Nov 2025 08:54:49> [TSimMgr_Server.netRecv_Synch_Pos_VBS] Sender : 192.168.1.50Platform Name : Teluk Wondama - 527 ; Platform ID = 29773 X = 117° 54' 00.2" E Y = 00° 37' 07.4" N Z = 0.000 Course = 0.000 Speed = 0.00 Altitude = 0.00
<30 Nov 2025 08:54:49> [TSimMgr_Server.netRecv_Synch_Pos_VBS] Sender : 192.168.1.50Platform Name : Usman-Harun - 359 ; Platform ID = 29800 X = 117° 48' 41.2" E Y = 00° 31' 15.2" N Z = 0.000 Course = 360.000 Speed = 0.00 Altitude = 0.00
<30 Nov 2025 08:54:49> [TSimMgr_Server.netRecv_Synch_Pos_VBS] Sender : 192.168.1.50Platform Name : Australia - Collins ; Platform ID = 29900 X = 117° 55' 39.7" E Y = 00° 39' 00.9" N Z = 0.000 Course = 0.003 Speed = 0.00 Altitude = 0.00
<30 Nov 2025 08:54:49> [TSimMgr_Server.netRecv_Synch_Pos_VBS] Sender : 192.168.1.50Platform Name : Ahmad Yani - 351 ; Platform ID = 29774 X = 117° 56' 47.4" E Y = 00° 38' 16.1" N Z = 0.000 Course = 0.000 Speed = 0.00 Altitude = 0.00
<30 Nov 2025 08:54:49> [TSimMgr_Server.netRecv_Synch_Pos_VBS] Sender : 192.168.1.50Platform Name : Bung Tomo - 357 ; Platform ID = 29799 X = 117° 51' 42.5" E Y = 00° 30' 57.0" N Z = 0.000 Course = 360.000 Speed = 0.00 Altitude = 0.00
<30 Nov 2025 08:54:49> [TSimMgr_Server.netRecv_Synch_Pos_VBS] Sender : 192.168.1.50Platform Name : Diponegoro - 365 ; Platform ID = 29801 X = 118° 00' 16.1" E Y = 00° 36' 17.3" N Z = 0.000 Course = 360.000 Speed = 0.00 Altitude = 0.00
<30 Nov 2025 08:54:49> [TSimMgr_Server.netRecv_Synch_Pos_VBS] Sender : 192.168.1.50Platform Name : Frans Kaisiepo - 368 ; Platform ID = 29776 X = 117° 47' 54.3" E Y = 00° 34' 29.1" N Z = 0.000 Course = 360.000 Speed = 0.00 Altitude = 0.00
<30 Nov 2025 08:54:49> [TSimMgr_Server.netRecv_Synch_Pos_VBS] Sender : 192.168.1.50Platform Name : I Gusti Ngurah Rai - 332 ; Platform ID = 29777 X = 118° 00' 29.8" E Y = 00° 39' 25.3" N Z = 0.000 Course = 360.000 Speed = 0.00 Altitude = 0.00
<30 Nov 2025 08:54:49> [TSimMgr_Server.netRecv_Synch_Pos_VBS] Sender : 192.168.1.50Platform Name : Karel Satsuitubun - 356 ; Platform ID = 29775 X = 117° 50' 30.4" E Y = 00° 35' 06.3" N Z = 0.000 Course = 0.000 Speed = 0.00 Altitude = 0.00
<30 Nov 2025 08:54:49> [TSimMgr_Server.netRecv_Synch_Pos_VBS] Sender : 192.168.1.50Platform Name : Makassar - 590 ; Platform ID = 29768 X = 117° 54' 48.9" E Y = 00° 33' 00.4" N Z = 0.000 Course = 360.000 Speed = 0.00 Altitude = 0.00
<30 Nov 2025 08:54:49> [TSimMgr_Server.netRecv_Synch_Pos_VBS] Sender : 192.168.1.50Platform Name : Surabaya - 591 ; Platform ID = 29769 X = 117° 51' 17.2" E Y = 00° 35' 08.2" N Z = 0.000 Course = 360.000 Speed = 0.00 Altitude = 0.00
<30 Nov 2025 08:54:49> [TSimMgr_Server.netRecv_Synch_Pos_VBS] Sender : 192.168.1.50Platform Name : Teluk Bintuni - 520 ; Platform ID = 29770 X = 117° 58' 00.6" E Y = 00° 34' 28.2" N Z = 0.000 Course = 0.000 Speed = 0.00 Altitude = 0.00
<30 Nov 2025 08:54:49> [TSimMgr_Server.netRecv_Synch_Pos_VBS] Sender : 192.168.1.50Platform Name : Teluk Wondama - 527 ; Platform ID = 29773 X = 117° 54' 00.2" E Y = 00° 37' 07.4" N Z = 0.000 Course = 0.000 Speed = 0.00 Altitude = 0.00
<30 Nov 2025 08:54:49> [TSimMgr_Server.netRecv_Synch_Pos_VBS] Sender : 192.168.1.50Platform Name : Usman-Harun - 359 ; Platform ID = 29800 X = 117° 48' 41.2" E Y = 00° 31' 15.2" N Z = 0.000 Course = 360.000 Speed = 0.00 Altitude = 0.00
<30 Nov 2025 08:54:49> [TSimMgr_Server.netRecv_Synch_Pos_VBS] Sender : 192.168.1.50Platform Name : Australia - Collins ; Platform ID = 29900 X = 117° 55' 39.7" E Y = 00° 39' 00.9" N Z = 0.000 Course = 0.001 Speed = 0.00 Altitude = 0.00
<30 Nov 2025 08:54:57> [TSimMgr_Server.netRecv_Synch_Pos_VBS] Sender : 192.168.1.50Platform Name : Ahmad Yani - 351 ; Platform ID = 29774 X = 117° 56' 47.4" E Y = 00° 38' 16.1" N Z = 0.000 Course = 0.000 Speed = 0.00 Altitude = 0.00
<30 Nov 2025 08:54:57> [TSimMgr_Server.netRecv_Synch_Pos_VBS] Sender : 192.168.1.50Platform Name : Bung Tomo - 357 ; Platform ID = 29799 X = 117° 51' 42.5" E Y = 00° 30' 57.0" N Z = 0.000 Course = 360.000 Speed = 0.00 Altitude = 0.00
<30 Nov 2025 08:54:57> [TSimMgr_Server.netRecv_Synch_Pos_VBS] Sender : 192.168.1.50Platform Name : Diponegoro - 365 ; Platform ID = 29801 X = 118° 00' 16.1" E Y = 00° 36' 17.3" N Z = 0.000 Course = 360.000 Speed = 0.00 Altitude = 0.00
<30 Nov 2025 08:54:57> [TSimMgr_Server.netRecv_Synch_Pos_VBS] Sender : 192.168.1.50Platform Name : Frans Kaisiepo - 368 ; Platform ID = 29776 X = 117° 47' 54.3" E Y = 00° 34' 29.1" N Z = 0.000 Course = 360.000 Speed = 0.00 Altitude = 0.00
<30 Nov 2025 08:54:57> [TSimMgr_Server.netRecv_Synch_Pos_VBS] Sender : 192.168.1.50Platform Name : I Gusti Ngurah Rai - 332 ; Platform ID = 29777 X = 118° 00' 29.8" E Y = 00° 39' 25.3" N Z = 0.000 Course = 360.000 Speed = 0.00 Altitude = 0.00
<30 Nov 2025 08:54:57> [TSimMgr_Server.netRecv_Synch_Pos_VBS] Sender : 192.168.1.50Platform Name : Karel Satsuitubun - 356 ; Platform ID = 29775 X = 117° 50' 30.4" E Y = 00° 35' 06.3" N Z = 0.000 Course = 0.000 Speed = 0.00 Altitude = 0.00
<30 Nov 2025 08:54:57> [TSimMgr_Server.netRecv_Synch_Pos_VBS] Sender : 192.168.1.50Platform Name : Makassar - 590 ; Platform ID = 29768 X = 117° 54' 48.9" E Y = 00° 33' 00.4" N Z = 0.000 Course = 360.000 Speed = 0.00 Altitude = 0.00
<30 Nov 2025 08:54:57> [TSimMgr_Server.netRecv_Synch_Pos_VBS] Sender : 192.168.1.50Platform Name : Surabaya - 591 ; Platform ID = 29769 X = 117° 51' 17.2" E Y = 00° 35' 08.2" N Z = 0.000 Course = 360.000 Speed = 0.00 Altitude = 0.00
<30 Nov 2025 08:54:57> [TSimMgr_Server.netRecv_Synch_Pos_VBS] Sender : 192.168.1.50Platform Name : Teluk Bintuni - 520 ; Platform ID = 29770 X = 117° 58' 00.6" E Y = 00° 34' 28.2" N Z = 0.000 Course = 0.000 Speed = 0.00 Altitude = 0.00
<30 Nov 2025 08:54:57> [TSimMgr_Server.netRecv_Synch_Pos_VBS] Sender : 192.168.1.50Platform Name : Teluk Wondama - 527 ; Platform ID = 29773 X = 117° 54' 00.2" E Y = 00° 37' 07.4" N Z = 0.000 Course = 0.000 Speed = 0.00 Altitude = 0.00
<30 Nov 2025 08:54:57> [TSimMgr_Server.netRecv_Synch_Pos_VBS] Sender : 192.168.1.50Platform Name : Usman-Harun - 359 ; Platform ID = 29800 X = 117° 48' 41.2" E Y = 00° 31' 15.2" N Z = 0.000 Course = 360.000 Speed = 0.00 Altitude = 0.00
<30 Nov 2025 08:54:57> [TSimMgr_Server.netRecv_Synch_Pos_VBS] Sender : 192.168.1.50Platform Name : Australia - Collins ; Platform ID = 29900 X = 117° 55' 39.7" E Y = 00° 39' 00.9" N Z = 0.000 Course = 360.000 Speed = 0.00 Altitude = 0.00
<30 Nov 2025 08:54:57> [TSimMgr_Server.netRecv_Synch_Pos_VBS] Sender : 192.168.1.50Platform Name : Ahmad Yani - 351 ; Platform ID = 29774 X = 117° 56' 47.4" E Y = 00° 38' 16.1" N Z = 0.000 Course = 0.000 Speed = 0.00 Altitude = 0.00
<30 Nov 2025 08:54:57> [TSimMgr_Server.netRecv_Synch_Pos_VBS] Sender : 192.168.1.50Platform Name : Bung Tomo - 357 ; Platform ID = 29799 X = 117° 51' 42.5" E Y = 00° 30' 57.0" N Z = 0.000 Course = 360.000 Speed = 0.00 Altitude = 0.00
<30 Nov 2025 08:54:57> [TSimMgr_Server.netRecv_Synch_Pos_VBS] Sender : 192.168.1.50Platform Name : Diponegoro - 365 ; Platform ID = 29801 X = 118° 00' 16.1" E Y = 00° 36' 17.3" N Z = 0.000 Course = 360.000 Speed = 0.00 Altitude = 0.00
<30 Nov 2025 08:54:57> [TSimMgr_Server.netRecv_Synch_Pos_VBS] Sender : 192.168.1.50Platform Name : Frans Kaisiepo - 368 ; Platform ID = 29776 X = 117° 47' 54.3" E Y = 00° 34' 29.1" N Z = 0.000 Course = 360.000 Speed = 0.00 Altitude = 0.00
<30 Nov 2025 08:54:57> [TSimMgr_Server.netRecv_Synch_Pos_VBS] Sender : 192.168.1.50Platform Name : I Gusti Ngurah Rai - 332 ; Platform ID = 29777 X = 118° 00' 29.8" E Y = 00° 39' 25.3" N Z = 0.000 Course = 360.000 Speed = 0.00 Altitude = 0.00
<30 Nov 2025 08:54:57> [TSimMgr_Server.netRecv_Synch_Pos_VBS] Sender : 192.168.1.50Platform Name : Karel Satsuitubun - 356 ; Platform ID = 29775 X = 117° 50' 30.4" E Y = 00° 35' 06.3" N Z = 0.000 Course = 0.000 Speed = 0.00 Altitude = 0.00
<30 Nov 2025 08:54:57> [TSimMgr_Server.netRecv_Synch_Pos_VBS] Sender : 192.168.1.50Platform Name : Makassar - 590 ; Platform ID = 29768 X = 117° 54' 48.9" E Y = 00° 33' 00.4" N Z = 0.000 Course = 360.000 Speed = 0.00 Altitude = 0.00
<30 Nov 2025 08:54:57> [TSimMgr_Server.netRecv_Synch_Pos_VBS] Sender : 192.168.1.50Platform Name : Surabaya - 591 ; Platform ID = 29769 X = 117° 51' 17.2" E Y = 00° 35' 08.2" N Z = 0.000 Course = 360.000 Speed = 0.00 Altitude = 0.00
<30 Nov 2025 08:54:57> [TSimMgr_Server.netRecv_Synch_Pos_VBS] Sender : 192.168.1.50Platform Name : Teluk Bintuni - 520 ; Platform ID = 29770 X = 117° 58' 00.6" E Y = 00° 34' 28.2" N Z = 0.000 Course = 0.000 Speed = 0.00 Altitude = 0.00
<30 Nov 2025 08:54:57> [TSimMgr_Server.netRecv_Synch_Pos_VBS] Sender : 192.168.1.50Platform Name : Teluk Wondama - 527 ; Platform ID = 29773 X = 117° 54' 00.2" E Y = 00° 37' 07.4" N Z = 0.000 Course = 0.000 Speed = 0.00 Altitude = 0.00
<30 Nov 2025 08:54:57> [TSimMgr_Server.netRecv_Synch_Pos_VBS] Sender : 192.168.1.50Platform Name : Usman-Harun - 359 ; Platform ID = 29800 X = 117° 48' 41.2" E Y = 00° 31' 15.2" N Z = 0.000 Course = 360.000 Speed = 0.00 Altitude = 0.00
<30 Nov 2025 08:54:57> [TSimMgr_Server.netRecv_Synch_Pos_VBS] Sender : 192.168.1.50Platform Name : Australia - Collins ; Platform ID = 29900 X = 117° 55' 39.7" E Y = 00° 39' 00.9" N Z = 0.000 Course = 359.998 Speed = 0.00 Altitude = 0.00
<30 Nov 2025 08:54:57> [TSimMgr_Server.netRecv_Synch_Pos_VBS] Sender : 192.168.1.50Platform Name : Ahmad Yani - 351 ; Platform ID = 29774 X = 117° 56' 47.4" E Y = 00° 38' 16.1" N Z = 0.000 Course = 0.000 Speed = 0.00 Altitude = 0.00
<30 Nov 2025 08:54:57> [TSimMgr_Server.netRecv_Synch_Pos_VBS] Sender : 192.168.1.50Platform Name : Bung Tomo - 357 ; Platform ID = 29799 X = 117° 51' 42.5" E Y = 00° 30' 57.0" N Z = 0.000 Course = 360.000 Speed = 0.00 Altitude = 0.00
<30 Nov 2025 08:54:57> [TSimMgr_Server.netRecv_Synch_Pos_VBS] Sender : 192.168.1.50Platform Name : Diponegoro - 365 ; Platform ID = 29801 X = 118° 00' 16.1" E Y = 00° 36' 17.3" N Z = 0.000 Course = 360.000 Speed = 0.00 Altitude = 0.00
<30 Nov 2025 08:54:57> [TSimMgr_Server.netRecv_Synch_Pos_VBS] Sender : 192.168.1.50Platform Name : Frans Kaisiepo - 368 ; Platform ID = 29776 X = 117° 47' 54.3" E Y = 00° 34' 29.1" N Z = 0.000 Course = 360.000 Speed = 0.00 Altitude = 0.00
<30 Nov 2025 08:54:57> [TSimMgr_Server.netRecv_Synch_Pos_VBS] Sender : 192.168.1.50Platform Name : I Gusti Ngurah Rai - 332 ; Platform ID = 29777 X = 118° 00' 29.8" E Y = 00° 39' 25.3" N Z = 0.000 Course = 360.000 Speed = 0.00 Altitude = 0.00
<30 Nov 2025 08:54:57> [TSimMgr_Server.netRecv_Synch_Pos_VBS] Sender : 192.168.1.50Platform Name : Karel Satsuitubun - 356 ; Platform ID = 29775 X = 117° 50' 30.4" E Y = 00° 35' 06.3" N Z = 0.000 Course = 0.000 Speed = 0.00 Altitude = 0.00
<30 Nov 2025 08:54:57> [TSimMgr_Server.netRecv_Synch_Pos_VBS] Sender : 192.168.1.50Platform Name : Makassar - 590 ; Platform ID = 29768 X = 117° 54' 48.9" E Y = 00° 33' 00.4" N Z = 0.000 Course = 360.000 Speed = 0.00 Altitude = 0.00
<30 Nov 2025 08:54:57> [TSimMgr_Server.netRecv_Synch_Pos_VBS] Sender : 192.168.1.50Platform Name : Surabaya - 591 ; Platform ID = 29769 X = 117° 51' 17.2" E Y = 00° 35' 08.2" N Z = 0.000 Course = 360.000 Speed = 0.00 Altitude = 0.00
<30 Nov 2025 08:54:57> [TSimMgr_Server.netRecv_Synch_Pos_VBS] Sender : 192.168.1.50Platform Name : Teluk Bintuni - 520 ; Platform ID = 29770 X = 117° 58' 00.6" E Y = 00° 34' 28.2" N Z = 0.000 Course = 0.000 Speed = 0.00 Altitude = 0.00
<30 Nov 2025 08:54:57> [TSimMgr_Server.netRecv_Synch_Pos_VBS] Sender : 192.168.1.50Platform Name : Teluk Wondama - 527 ; Platform ID = 29773 X = 117° 54' 00.2" E Y = 00° 37' 07.4" N Z = 0.000 Course = 0.000 Speed = 0.00 Altitude = 0.00
<30 Nov 2025 08:54:57> [TSimMgr_Server.netRecv_Synch_Pos_VBS] Sender : 192.168.1.50Platform Name : Usman-Harun - 359 ; Platform ID = 29800 X = 117° 48' 41.2" E Y = 00° 31' 15.2" N Z = 0.000 Course = 360.000 Speed = 0.00 Altitude = 0.00
<30 Nov 2025 08:54:57> [TSimMgr_Server.netRecv_Synch_Pos_VBS] Sender : 192.168.1.50Platform Name : Australia - Collins ; Platform ID = 29900 X = 117° 55' 39.7" E Y = 00° 39' 00.9" N Z = 0.000 Course = 0.002 Speed = 0.00 Altitude = 0.00
<30 Nov 2025 08:54:57> [TSimMgr_Client.LogEventRecv] <0031> CPID_UDP_PLATFORM_MOVE
<30 Nov 2025 08:54:57> [TSimMgr_Client.LogEventRecv] <0031> CPID_UDP_PLATFORM_MOVE
<30 Nov 2025 08:54:57> [TSimMgr_Client.LogEventRecv] <0031> CPID_UDP_PLATFORM_MOVE
<30 Nov 2025 08:54:57> [TSimMgr_Client.LogEventRecv] <0031> CPID_UDP_PLATFORM_MOVE
<30 Nov 2025 08:54:57> [TSimMgr_Client.LogEventRecv] <0031> CPID_UDP_PLATFORM_MOVE
<30 Nov 2025 08:54:57> [TSimMgr_Client.LogEventRecv] <0031> CPID_UDP_PLATFORM_MOVE
<30 Nov 2025 08:54:57> [TSimMgr_Client.LogEventRecv] <0031> CPID_UDP_PLATFORM_MOVE
<30 Nov 2025 08:54:57> [TSimMgr_Client.LogEventRecv] <0031> CPID_UDP_PLATFORM_MOVE
<30 Nov 2025 08:54:57> [TSimMgr_Client.LogEventRecv] <0031> CPID_UDP_PLATFORM_MOVE
<30 Nov 2025 08:54:57> [TSimMgr_Client.LogEventRecv] <0031> CPID_UDP_PLATFORM_MOVE
<30 Nov 2025 08:54:57> [TSimMgr_Client.LogEventRecv] <0031> CPID_UDP_PLATFORM_MOVE
<30 Nov 2025 08:54:57> [TSimMgr_Client.LogEventRecv] <0031> CPID_UDP_PLATFORM_MOVE
<30 Nov 2025 08:54:57> [TSimMgr_Client.LogEventRecv] <0031> CPID_UDP_PLATFORM_MOVE
<30 Nov 2025 08:54:57> [TSimMgr_Client.LogEventRecv] <0031> CPID_UDP_PLATFORM_MOVE
<30 Nov 2025 08:54:57> [TSimMgr_Client.LogEventRecv] <0031> CPID_UDP_PLATFORM_MOVE
<30 Nov 2025 08:54:57> [TSimMgr_Client.LogEventRecv] <0031> CPID_UDP_PLATFORM_MOVE
<30 Nov 2025 08:54:57> [TSimMgr_Client.LogEventRecv] <0031> CPID_UDP_PLATFORM_MOVE
<30 Nov 2025 08:54:57> [TSimMgr_Client.LogEventRecv] <0031> CPID_UDP_PLATFORM_MOVE
<30 Nov 2025 08:54:57> [TSimMgr_Client.LogEventRecv] <0031> CPID_UDP_PLATFORM_MOVE
<30 Nov 2025 08:54:57> [TSimMgr_Client.LogEventRecv] <0031> CPID_UDP_PLATFORM_MOVE
<30 Nov 2025 08:54:57> [TSimMgr_Client.LogEventRecv] <0031> CPID_UDP_PLATFORM_MOVE
<30 Nov 2025 08:54:57> [TSimMgr_Client.LogEventRecv] <0031> CPID_UDP_PLATFORM_MOVE
<30 Nov 2025 08:54:57> [TSimMgr_Client.LogEventRecv] <0031> CPID_UDP_PLATFORM_MOVE
<30 Nov 2025 08:54:57> [TSimMgr_Client.LogEventRecv] <0031> CPID_UDP_PLATFORM_MOVE
<30 Nov 2025 08:54:57> [TSimMgr_Client.LogEventRecv] <0031> CPID_UDP_PLATFORM_MOVE
<30 Nov 2025 08:54:57> [TSimMgr_Client.LogEventRecv] <0031> CPID_UDP_PLATFORM_MOVE
<30 Nov 2025 08:54:57> [TSimMgr_Server.netRecv_Synch_Pos_VBS] Sender : 192.168.1.50Platform Name : Ahmad Yani - 351 ; Platform ID = 29774 X = 117° 56' 47.4" E Y = 00° 38' 16.1" N Z = 0.000 Course = 0.000 Speed = 0.00 Altitude = 0.00
<30 Nov 2025 08:54:57> [TSimMgr_Server.netRecv_Synch_Pos_VBS] Sender : 192.168.1.50Platform Name : Bung Tomo - 357 ; Platform ID = 29799 X = 117° 51' 42.5" E Y = 00° 30' 57.0" N Z = 0.000 Course = 360.000 Speed = 0.00 Altitude = 0.00
<30 Nov 2025 08:54:57> [TSimMgr_Server.netRecv_Synch_Pos_VBS] Sender : 192.168.1.50Platform Name : Diponegoro - 365 ; Platform ID = 29801 X = 118° 00' 16.1" E Y = 00° 36' 17.3" N Z = 0.000 Course = 360.000 Speed = 0.00 Altitude = 0.00
<30 Nov 2025 08:54:57> [TSimMgr_Server.netRecv_Synch_Pos_VBS] Sender : 192.168.1.50Platform Name : Frans Kaisiepo - 368 ; Platform ID = 29776 X = 117° 47' 54.3" E Y = 00° 34' 29.1" N Z = 0.000 Course = 360.000 Speed = 0.00 Altitude = 0.00
<30 Nov 2025 08:54:57> [TSimMgr_Server.netRecv_Synch_Pos_VBS] Sender : 192.168.1.50Platform Name : I Gusti Ngurah Rai - 332 ; Platform ID = 29777 X = 118° 00' 29.8" E Y = 00° 39' 25.3" N Z = 0.000 Course = 360.000 Speed = 0.00 Altitude = 0.00
<30 Nov 2025 08:54:57> [TSimMgr_Server.netRecv_Synch_Pos_VBS] Sender : 192.168.1.50Platform Name : Karel Satsuitubun - 356 ; Platform ID = 29775 X = 117° 50' 30.4" E Y = 00° 35' 06.3" N Z = 0.000 Course = 0.000 Speed = 0.00 Altitude = 0.00
<30 Nov 2025 08:54:57> [TSimMgr_Server.netRecv_Synch_Pos_VBS] Sender : 192.168.1.50Platform Name : Makassar - 590 ; Platform ID = 29768 X = 117° 54' 48.9" E Y = 00° 33' 00.4" N Z = 0.000 Course = 360.000 Speed = 0.00 Altitude = 0.00
<30 Nov 2025 08:54:57> [TSimMgr_Server.netRecv_Synch_Pos_VBS] Sender : 192.168.1.50Platform Name : Surabaya - 591 ; Platform ID = 29769 X = 117° 51' 17.2" E Y = 00° 35' 08.2" N Z = 0.000 Course = 360.000 Speed = 0.00 Altitude = 0.00
<30 Nov 2025 08:54:57> [TSimMgr_Server.netRecv_Synch_Pos_VBS] Sender : 192.168.1.50Platform Name : Teluk Bintuni - 520 ; Platform ID = 29770 X = 117° 58' 00.6" E Y = 00° 34' 28.2" N Z = 0.000 Course = 0.000 Speed = 0.00 Altitude = 0.00
<30 Nov 2025 08:54:57> [TSimMgr_Server.netRecv_Synch_Pos_VBS] Sender : 192.168.1.50Platform Name : Teluk Wondama - 527 ; Platform ID = 29773 X = 117° 54' 00.2" E Y = 00° 37' 07.4" N Z = 0.000 Course = 0.000 Speed = 0.00 Altitude = 0.00
<30 Nov 2025 08:54:57> [TSimMgr_Server.netRecv_Synch_Pos_VBS] Sender : 192.168.1.50Platform Name : Usman-Harun - 359 ; Platform ID = 29800 X = 117° 48' 41.2" E Y = 00° 31' 15.2" N Z = 0.000 Course = 360.000 Speed = 0.00 Altitude = 0.00
<30 Nov 2025 08:54:57> [TSimMgr_Server.netRecv_Synch_Pos_VBS] Sender : 192.168.1.50Platform Name : Australia - Collins ; Platform ID = 29900 X = 117° 55' 39.7" E Y = 00° 39' 00.9" N Z = 0.000 Course = 359.999 Speed = 0.00 Altitude = 0.00
<30 Nov 2025 08:54:57> [TSimMgr_Server.netRecv_Synch_Pos_VBS] Sender : 192.168.1.50Platform Name : Ahmad Yani - 351 ; Platform ID = 29774 X = 117° 56' 47.4" E Y = 00° 38' 16.1" N Z = 0.000 Course = 0.000 Speed = 0.00 Altitude = 0.00
<30 Nov 2025 08:54:57> [TSimMgr_Server.netRecv_Synch_Pos_VBS] Sender : 192.168.1.50Platform Name : Bung Tomo - 357 ; Platform ID = 29799 X = 117° 51' 42.5" E Y = 00° 30' 57.0" N Z = 0.000 Course = 360.000 Speed = 0.00 Altitude = 0.00
<30 Nov 2025 08:54:57> [TSimMgr_Server.netRecv_Synch_Pos_VBS] Sender : 192.168.1.50Platform Name : Diponegoro - 365 ; Platform ID = 29801 X = 118° 00' 16.1" E Y = 00° 36' 17.3" N Z = 0.000 Course = 360.000 Speed = 0.00 Altitude = 0.00
<30 Nov 2025 08:54:57> [TSimMgr_Server.netRecv_Synch_Pos_VBS] Sender : 192.168.1.50Platform Name : Frans Kaisiepo - 368 ; Platform ID = 29776 X = 117° 47' 54.3" E Y = 00° 34' 29.1" N Z = 0.000 Course = 360.000 Speed = 0.00 Altitude = 0.00
<30 Nov 2025 08:54:57> [TSimMgr_Server.netRecv_Synch_Pos_VBS] Sender : 192.168.1.50Platform Name : I Gusti Ngurah Rai - 332 ; Platform ID = 29777 X = 118° 00' 29.8" E Y = 00° 39' 25.3" N Z = 0.000 Course = 360.000 Speed = 0.00 Altitude = 0.00
<30 Nov 2025 08:54:57> [TSimMgr_Server.netRecv_Synch_Pos_VBS] Sender : 192.168.1.50Platform Name : Karel Satsuitubun - 356 ; Platform ID = 29775 X = 117° 50' 30.4" E Y = 00° 35' 06.3" N Z = 0.000 Course = 0.000 Speed = 0.00 Altitude = 0.00
<30 Nov 2025 08:54:57> [TSimMgr_Server.netRecv_Synch_Pos_VBS] Sender : 192.168.1.50Platform Name : Makassar - 590 ; Platform ID = 29768 X = 117° 54' 48.9" E Y = 00° 33' 00.4" N Z = 0.000 Course = 360.000 Speed = 0.00 Altitude = 0.00
<30 Nov 2025 08:54:57> [TSimMgr_Server.netRecv_Synch_Pos_VBS] Sender : 192.168.1.50Platform Name : Surabaya - 591 ; Platform ID = 29769 X = 117° 51' 17.2" E Y = 00° 35' 08.2" N Z = 0.000 Course = 360.000 Speed = 0.00 Altitude = 0.00
<30 Nov 2025 08:54:57> [TSimMgr_Server.netRecv_Synch_Pos_VBS] Sender : 192.168.1.50Platform Name : Teluk Bintuni - 520 ; Platform ID = 29770 X = 117° 58' 00.6" E Y = 00° 34' 28.2" N Z = 0.000 Course = 0.000 Speed = 0.00 Altitude = 0.00
<30 Nov 2025 08:54:57> [TSimMgr_Server.netRecv_Synch_Pos_VBS] Sender : 192.168.1.50Platform Name : Teluk Wondama - 527 ; Platform ID = 29773 X = 117° 54' 00.2" E Y = 00° 37' 07.4" N Z = 0.000 Course = 0.000 Speed = 0.00 Altitude = 0.00
<30 Nov 2025 08:54:57> [TSimMgr_Server.netRecv_Synch_Pos_VBS] Sender : 192.168.1.50Platform Name : Usman-Harun - 359 ; Platform ID = 29800 X = 117° 48' 41.2" E Y = 00° 31' 15.2" N Z = 0.000 Course = 360.000 Speed = 0.00 Altitude = 0.00
<30 Nov 2025 08:54:57> [TSimMgr_Server.netRecv_Synch_Pos_VBS] Sender : 192.168.1.50Platform Name : Australia - Collins ; Platform ID = 29900 X = 117° 55' 39.7" E Y = 00° 39' 00.9" N Z = 0.000 Course = 0.001 Speed = 0.00 Altitude = 0.00
<30 Nov 2025 08:54:57> [TSimMgr_Server.netRecv_Synch_Pos_VBS] Sender : 192.168.1.50Platform Name : Ahmad Yani - 351 ; Platform ID = 29774 X = 117° 56' 47.4" E Y = 00° 38' 16.1" N Z = 0.000 Course = 0.000 Speed = 0.00 Altitude = 0.00
<30 Nov 2025 08:54:57> [TSimMgr_Server.netRecv_Synch_Pos_VBS] Sender : 192.168.1.50Platform Name : Bung Tomo - 357 ; Platform ID = 29799 X = 117° 51' 42.5" E Y = 00° 30' 57.0" N Z = 0.000 Course = 360.000 Speed = 0.00 Altitude = 0.00
<30 Nov 2025 08:54:57> [TSimMgr_Server.netRecv_Synch_Pos_VBS] Sender : 192.168.1.50Platform Name : Diponegoro - 365 ; Platform ID = 29801 X = 118° 00' 16.1" E Y = 00° 36' 17.3" N Z = 0.000 Course = 360.000 Speed = 0.00 Altitude = 0.00
<30 Nov 2025 08:54:57> [TSimMgr_Server.netRecv_Synch_Pos_VBS] Sender : 192.168.1.50Platform Name : Frans Kaisiepo - 368 ; Platform ID = 29776 X = 117° 47' 54.3" E Y = 00° 34' 29.1" N Z = 0.000 Course = 360.000 Speed = 0.00 Altitude = 0.00
<30 Nov 2025 08:54:57> [TSimMgr_Server.netRecv_Synch_Pos_VBS] Sender : 192.168.1.50Platform Name : I Gusti Ngurah Rai - 332 ; Platform ID = 29777 X = 118° 00' 29.8" E Y = 00° 39' 25.3" N Z = 0.000 Course = 360.000 Speed = 0.00 Altitude = 0.00
<30 Nov 2025 08:54:57> [TSimMgr_Server.netRecv_Synch_Pos_VBS] Sender : 192.168.1.50Platform Name : Karel Satsuitubun - 356 ; Platform ID = 29775 X = 117° 50' 30.4" E Y = 00° 35' 06.3" N Z = 0.000 Course = 0.000 Speed = 0.00 Altitude = 0.00
<30 Nov 2025 08:54:57> [TSimMgr_Server.netRecv_Synch_Pos_VBS] Sender : 192.168.1.50Platform Name : Makassar - 590 ; Platform ID = 29768 X = 117° 54' 48.9" E Y = 00° 33' 00.4" N Z = 0.000 Course = 360.000 Speed = 0.00 Altitude = 0.00
<30 Nov 2025 08:54:57> [TSimMgr_Server.netRecv_Synch_Pos_VBS] Sender : 192.168.1.50Platform Name : Surabaya - 591 ; Platform ID = 29769 X = 117° 51' 17.2" E Y = 00° 35' 08.2" N Z = 0.000 Course = 360.000 Speed = 0.00 Altitude = 0.00
<30 Nov 2025 08:54:57> [TSimMgr_Server.netRecv_Synch_Pos_VBS] Sender : 192.168.1.50Platform Name : Teluk Bintuni - 520 ; Platform ID = 29770 X = 117° 58' 00.6" E Y = 00° 34' 28.2" N Z = 0.000 Course = 0.000 Speed = 0.00 Altitude = 0.00
<30 Nov 2025 08:54:57> [TSimMgr_Server.netRecv_Synch_Pos_VBS] Sender : 192.168.1.50Platform Name : Teluk Wondama - 527 ; Platform ID = 29773 X = 117° 54' 00.2" E Y = 00° 37' 07.4" N Z = 0.000 Course = 0.000 Speed = 0.00 Altitude = 0.00
<30 Nov 2025 08:54:57> [TSimMgr_Server.netRecv_Synch_Pos_VBS] Sender : 192.168.1.50Platform Name : Usman-Harun - 359 ; Platform ID = 29800 X = 117° 48' 41.2" E Y = 00° 31' 15.2" N Z = 0.000 Course = 360.000 Speed = 0.00 Altitude = 0.00
<30 Nov 2025 08:54:57> [TSimMgr_Server.netRecv_Synch_Pos_VBS] Sender : 192.168.1.50Platform Name : Australia - Collins ; Platform ID = 29900 X = 117° 55' 39.7" E Y = 00° 39' 00.9" N Z = 0.000 Course = 0.000 Speed = 0.00 Altitude = 0.00
<30 Nov 2025 08:55:05> [TSimMgr_Server.netRecv_Synch_Pos_VBS] Sender : 192.168.1.50Platform Name : Ahmad Yani - 351 ; Platform ID = 29774 X = 117° 56' 47.4" E Y = 00° 38' 16.1" N Z = 0.000 Course = 0.000 Speed = 0.00 Altitude = 0.00
<30 Nov 2025 08:55:05> [TSimMgr_Server.netRecv_Synch_Pos_VBS] Sender : 192.168.1.50Platform Name : Bung Tomo - 357 ; Platform ID = 29799 X = 117° 51' 42.5" E Y = 00° 30' 57.0" N Z = 0.000 Course = 360.000 Speed = 0.00 Altitude = 0.00
<30 Nov 2025 08:55:05> [TSimMgr_Server.netRecv_Synch_Pos_VBS] Sender : 192.168.1.50Platform Name : Diponegoro - 365 ; Platform ID = 29801 X = 118° 00' 16.1" E Y = 00° 36' 17.3" N Z = 0.000 Course = 360.000 Speed = 0.00 Altitude = 0.00
<30 Nov 2025 08:55:05> [TSimMgr_Server.netRecv_Synch_Pos_VBS] Sender : 192.168.1.50Platform Name : Frans Kaisiepo - 368 ; Platform ID = 29776 X = 117° 47' 54.3" E Y = 00° 34' 29.1" N Z = 0.000 Course = 360.000 Speed = 0.00 Altitude = 0.00
<30 Nov 2025 08:55:05> [TSimMgr_Server.netRecv_Synch_Pos_VBS] Sender : 192.168.1.50Platform Name : I Gusti Ngurah Rai - 332 ; Platform ID = 29777 X = 118° 00' 29.8" E Y = 00° 39' 25.3" N Z = 0.000 Course = 360.000 Speed = 0.00 Altitude = 0.00
<30 Nov 2025 08:55:05> [TSimMgr_Server.netRecv_Synch_Pos_VBS] Sender : 192.168.1.50Platform Name : Karel Satsuitubun - 356 ; Platform ID = 29775 X = 117° 50' 30.4" E Y = 00° 35' 06.3" N Z = 0.000 Course = 0.000 Speed = 0.00 Altitude = 0.00
<30 Nov 2025 08:55:05> [TSimMgr_Server.netRecv_Synch_Pos_VBS] Sender : 192.168.1.50Platform Name : Makassar - 590 ; Platform ID = 29768 X = 117° 54' 48.9" E Y = 00° 33' 00.4" N Z = 0.000 Course = 360.000 Speed = 0.00 Altitude = 0.00
<30 Nov 2025 08:55:05> [TSimMgr_Server.netRecv_Synch_Pos_VBS] Sender : 192.168.1.50Platform Name : Surabaya - 591 ; Platform ID = 29769 X = 117° 51' 17.2" E Y = 00° 35' 08.2" N Z = 0.000 Course = 360.000 Speed = 0.00 Altitude = 0.00
<30 Nov 2025 08:55:05> [TSimMgr_Server.netRecv_Synch_Pos_VBS] Sender : 192.168.1.50Platform Name : Teluk Bintuni - 520 ; Platform ID = 29770 X = 117° 58' 00.6" E Y = 00° 34' 28.2" N Z = 0.000 Course = 0.000 Speed = 0.00 Altitude = 0.00
<30 Nov 2025 08:55:05> [TSimMgr_Server.netRecv_Synch_Pos_VBS] Sender : 192.168.1.50Platform Name : Teluk Wondama - 527 ; Platform ID = 29773 X = 117° 54' 00.2" E Y = 00° 37' 07.4" N Z = 0.000 Course = 0.000 Speed = 0.00 Altitude = 0.00
<30 Nov 2025 08:55:05> [TSimMgr_Server.netRecv_Synch_Pos_VBS] Sender : 192.168.1.50Platform Name : Usman-Harun - 359 ; Platform ID = 29800 X = 117° 48' 41.2" E Y = 00° 31' 15.2" N Z = 0.000 Course = 360.000 Speed = 0.00 Altitude = 0.00
<30 Nov 2025 08:55:05> [TSimMgr_Server.netRecv_Synch_Pos_VBS] Sender : 192.168.1.50Platform Name : Australia - Collins ; Platform ID = 29900 X = 117° 55' 39.7" E Y = 00° 39' 00.9" N Z = 0.000 Course = 359.999 Speed = 0.00 Altitude = 0.00
<30 Nov 2025 08:55:05> [TSimMgr_Server.netRecv_Synch_Pos_VBS] Sender : 192.168.1.50Platform Name : Ahmad Yani - 351 ; Platform ID = 29774 X = 117° 56' 47.4" E Y = 00° 38' 16.1" N Z = 0.000 Course = 0.000 Speed = 0.00 Altitude = 0.00
<30 Nov 2025 08:55:05> [TSimMgr_Server.netRecv_Synch_Pos_VBS] Sender : 192.168.1.50Platform Name : Bung Tomo - 357 ; Platform ID = 29799 X = 117° 51' 42.5" E Y = 00° 30' 57.0" N Z = 0.000 Course = 360.000 Speed = 0.00 Altitude = 0.00
<30 Nov 2025 08:55:05> [TSimMgr_Server.netRecv_Synch_Pos_VBS] Sender : 192.168.1.50Platform Name : Diponegoro - 365 ; Platform ID = 29801 X = 118° 00' 16.1" E Y = 00° 36' 17.3" N Z = 0.000 Course = 360.000 Speed = 0.00 Altitude = 0.00
<30 Nov 2025 08:55:05> [TSimMgr_Server.netRecv_Synch_Pos_VBS] Sender : 192.168.1.50Platform Name : Frans Kaisiepo - 368 ; Platform ID = 29776 X = 117° 47' 54.3" E Y = 00° 34' 29.1" N Z = 0.000 Course = 360.000 Speed = 0.00 Altitude = 0.00
<30 Nov 2025 08:55:05> [TSimMgr_Server.netRecv_Synch_Pos_VBS] Sender : 192.168.1.50Platform Name : I Gusti Ngurah Rai - 332 ; Platform ID = 29777 X = 118° 00' 29.8" E Y = 00° 39' 25.3" N Z = 0.000 Course = 360.000 Speed = 0.00 Altitude = 0.00
<30 Nov 2025 08:55:05> [TSimMgr_Server.netRecv_Synch_Pos_VBS] Sender : 192.168.1.50Platform Name : Karel Satsuitubun - 356 ; Platform ID = 29775 X = 117° 50' 30.4" E Y = 00° 35' 06.3" N Z = 0.000 Course = 0.000 Speed = 0.00 Altitude = 0.00
<30 Nov 2025 08:55:05> [TSimMgr_Server.netRecv_Synch_Pos_VBS] Sender : 192.168.1.50Platform Name : Makassar - 590 ; Platform ID = 29768 X = 117° 54' 48.9" E Y = 00° 33' 00.4" N Z = 0.000 Course = 360.000 Speed = 0.00 Altitude = 0.00
<30 Nov 2025 08:55:05> [TSimMgr_Server.netRecv_Synch_Pos_VBS] Sender : 192.168.1.50Platform Name : Surabaya - 591 ; Platform ID = 29769 X = 117° 51' 17.2" E Y = 00° 35' 08.2" N Z = 0.000 Course = 360.000 Speed = 0.00 Altitude = 0.00
<30 Nov 2025 08:55:05> [TSimMgr_Server.netRecv_Synch_Pos_VBS] Sender : 192.168.1.50Platform Name : Teluk Bintuni - 520 ; Platform ID = 29770 X = 117° 58' 00.6" E Y = 00° 34' 28.2" N Z = 0.000 Course = 0.000 Speed = 0.00 Altitude = 0.00
<30 Nov 2025 08:55:05> [TSimMgr_Server.netRecv_Synch_Pos_VBS] Sender : 192.168.1.50Platform Name : Teluk Wondama - 527 ; Platform ID = 29773 X = 117° 54' 00.2" E Y = 00° 37' 07.4" N Z = 0.000 Course = 0.000 Speed = 0.00 Altitude = 0.00
<30 Nov 2025 08:55:05> [TSimMgr_Server.netRecv_Synch_Pos_VBS] Sender : 192.168.1.50Platform Name : Usman-Harun - 359 ; Platform ID = 29800 X = 117° 48' 41.2" E Y = 00° 31' 15.2" N Z = 0.000 Course = 360.000 Speed = 0.00 Altitude = 0.00
<30 Nov 2025 08:55:05> [TSimMgr_Server.netRecv_Synch_Pos_VBS] Sender : 192.168.1.50Platform Name : Australia - Collins ; Platform ID = 29900 X = 117° 55' 39.7" E Y = 00° 39' 00.9" N Z = 0.000 Course = 0.001 Speed = 0.00 Altitude = 0.00
<30 Nov 2025 08:55:05> [TSimMgr_Server.netRecv_Synch_Pos_VBS] Sender : 192.168.1.50Platform Name : Ahmad Yani - 351 ; Platform ID = 29774 X = 117° 56' 47.4" E Y = 00° 38' 16.1" N Z = 0.000 Course = 0.000 Speed = 0.00 Altitude = 0.00
<30 Nov 2025 08:55:05> [TSimMgr_Server.netRecv_Synch_Pos_VBS] Sender : 192.168.1.50Platform Name : Bung Tomo - 357 ; Platform ID = 29799 X = 117° 51' 42.5" E Y = 00° 30' 57.0" N Z = 0.000 Course = 360.000 Speed = 0.00 Altitude = 0.00
<30 Nov 2025 08:55:05> [TSimMgr_Server.netRecv_Synch_Pos_VBS] Sender : 192.168.1.50Platform Name : Diponegoro - 365 ; Platform ID = 29801 X = 118° 00' 16.1" E Y = 00° 36' 17.3" N Z = 0.000 Course = 360.000 Speed = 0.00 Altitude = 0.00
<30 Nov 2025 08:55:05> [TSimMgr_Server.netRecv_Synch_Pos_VBS] Sender : 192.168.1.50Platform Name : Frans Kaisiepo - 368 ; Platform ID = 29776 X = 117° 47' 54.3" E Y = 00° 34' 29.1" N Z = 0.000 Course = 360.000 Speed = 0.00 Altitude = 0.00
<30 Nov 2025 08:55:05> [TSimMgr_Server.netRecv_Synch_Pos_VBS] Sender : 192.168.1.50Platform Name : I Gusti Ngurah Rai - 332 ; Platform ID = 29777 X = 118° 00' 29.8" E Y = 00° 39' 25.3" N Z = 0.000 Course = 360.000 Speed = 0.00 Altitude = 0.00
<30 Nov 2025 08:55:05> [TSimMgr_Server.netRecv_Synch_Pos_VBS] Sender : 192.168.1.50Platform Name : Karel Satsuitubun - 356 ; Platform ID = 29775 X = 117° 50' 30.4" E Y = 00° 35' 06.3" N Z = 0.000 Course = 0.000 Speed = 0.00 Altitude = 0.00
<30 Nov 2025 08:55:05> [TSimMgr_Server.netRecv_Synch_Pos_VBS] Sender : 192.168.1.50Platform Name : Makassar - 590 ; Platform ID = 29768 X = 117° 54' 48.9" E Y = 00° 33' 00.4" N Z = 0.000 Course = 360.000 Speed = 0.00 Altitude = 0.00
<30 Nov 2025 08:55:05> [TSimMgr_Server.netRecv_Synch_Pos_VBS] Sender : 192.168.1.50Platform Name : Surabaya - 591 ; Platform ID = 29769 X = 117° 51' 17.2" E Y = 00° 35' 08.2" N Z = 0.000 Course = 360.000 Speed = 0.00 Altitude = 0.00
<30 Nov 2025 08:55:05> [TSimMgr_Server.netRecv_Synch_Pos_VBS] Sender : 192.168.1.50Platform Name : Teluk Bintuni - 520 ; Platform ID = 29770 X = 117° 58' 00.6" E Y = 00° 34' 28.2" N Z = 0.000 Course = 0.000 Speed = 0.00 Altitude = 0.00
<30 Nov 2025 08:55:05> [TSimMgr_Server.netRecv_Synch_Pos_VBS] Sender : 192.168.1.50Platform Name : Teluk Wondama - 527 ; Platform ID = 29773 X = 117° 54' 00.2" E Y = 00° 37' 07.4" N Z = 0.000 Course = 0.000 Speed = 0.00 Altitude = 0.00
<30 Nov 2025 08:55:05> [TSimMgr_Server.netRecv_Synch_Pos_VBS] Sender : 192.168.1.50Platform Name : Usman-Harun - 359 ; Platform ID = 29800 X = 117° 48' 41.2" E Y = 00° 31' 15.2" N Z = 0.000 Course = 360.000 Speed = 0.00 Altitude = 0.00
<30 Nov 2025 08:55:05> [TSimMgr_Server.netRecv_Synch_Pos_VBS] Sender : 192.168.1.50Platform Name : Australia - Collins ; Platform ID = 29900 X = 117° 55' 39.7" E Y = 00° 39' 00.9" N Z = 0.000 Course = 0.000 Speed = 0.00 Altitude = 0.00
<30 Nov 2025 08:55:05> [TSimMgr_Client.LogEventRecv] <0031> CPID_UDP_PLATFORM_MOVE
<30 Nov 2025 08:55:05> [TSimMgr_Client.LogEventRecv] <0031> CPID_UDP_PLATFORM_MOVE
<30 Nov 2025 08:55:05> [TSimMgr_Client.LogEventRecv] <0031> CPID_UDP_PLATFORM_MOVE
<30 Nov 2025 08:55:05> [TSimMgr_Client.LogEventRecv] <0031> CPID_UDP_PLATFORM_MOVE
<30 Nov 2025 08:55:05> [TSimMgr_Client.LogEventRecv] <0031> CPID_UDP_PLATFORM_MOVE
<30 Nov 2025 08:55:05> [TSimMgr_Client.LogEventRecv] <0031> CPID_UDP_PLATFORM_MOVE
<30 Nov 2025 08:55:05> [TSimMgr_Client.LogEventRecv] <0031> CPID_UDP_PLATFORM_MOVE
<30 Nov 2025 08:55:05> [TSimMgr_Client.LogEventRecv] <0031> CPID_UDP_PLATFORM_MOVE
<30 Nov 2025 08:55:05> [TSimMgr_Client.LogEventRecv] <0031> CPID_UDP_PLATFORM_MOVE
<30 Nov 2025 08:55:05> [TSimMgr_Client.LogEventRecv] <0031> CPID_UDP_PLATFORM_MOVE
<30 Nov 2025 08:55:05> [TSimMgr_Client.LogEventRecv] <0031> CPID_UDP_PLATFORM_MOVE
<30 Nov 2025 08:55:05> [TSimMgr_Client.LogEventRecv] <0031> CPID_UDP_PLATFORM_MOVE
<30 Nov 2025 08:55:05> [TSimMgr_Client.LogEventRecv] <0031> CPID_UDP_PLATFORM_MOVE
<30 Nov 2025 08:55:05> [TSimMgr_Client.LogEventRecv] <0031> CPID_UDP_PLATFORM_MOVE
<30 Nov 2025 08:55:05> [TSimMgr_Client.LogEventRecv] <0031> CPID_UDP_PLATFORM_MOVE
<30 Nov 2025 08:55:05> [TSimMgr_Client.LogEventRecv] <0031> CPID_UDP_PLATFORM_MOVE
<30 Nov 2025 08:55:05> [TSimMgr_Client.LogEventRecv] <0031> CPID_UDP_PLATFORM_MOVE
<30 Nov 2025 08:55:05> [TSimMgr_Client.LogEventRecv] <0031> CPID_UDP_PLATFORM_MOVE
<30 Nov 2025 08:55:05> [TSimMgr_Client.LogEventRecv] <0031> CPID_UDP_PLATFORM_MOVE
<30 Nov 2025 08:55:05> [TSimMgr_Client.LogEventRecv] <0031> CPID_UDP_PLATFORM_MOVE
<30 Nov 2025 08:55:05> [TSimMgr_Client.LogEventRecv] <0031> CPID_UDP_PLATFORM_MOVE
<30 Nov 2025 08:55:05> [TSimMgr_Client.LogEventRecv] <0031> CPID_UDP_PLATFORM_MOVE
<30 Nov 2025 08:55:05> [TSimMgr_Client.LogEventRecv] <0031> CPID_UDP_PLATFORM_MOVE
<30 Nov 2025 08:55:05> [TSimMgr_Client.LogEventRecv] <0031> CPID_UDP_PLATFORM_MOVE
<30 Nov 2025 08:55:05> [TSimMgr_Client.LogEventRecv] <0031> CPID_UDP_PLATFORM_MOVE
<30 Nov 2025 08:55:05> [TSimMgr_Client.LogEventRecv] <0031> CPID_UDP_PLATFORM_MOVE
<30 Nov 2025 08:55:05> [TSimMgr_Server.netRecv_Synch_Pos_VBS] Sender : 192.168.1.50Platform Name : Ahmad Yani - 351 ; Platform ID = 29774 X = 117° 56' 47.4" E Y = 00° 38' 16.1" N Z = 0.000 Course = 0.000 Speed = 0.00 Altitude = 0.00
<30 Nov 2025 08:55:05> [TSimMgr_Server.netRecv_Synch_Pos_VBS] Sender : 192.168.1.50Platform Name : Bung Tomo - 357 ; Platform ID = 29799 X = 117° 51' 42.5" E Y = 00° 30' 57.0" N Z = 0.000 Course = 360.000 Speed = 0.00 Altitude = 0.00
<30 Nov 2025 08:55:05> [TSimMgr_Server.netRecv_Synch_Pos_VBS] Sender : 192.168.1.50Platform Name : Diponegoro - 365 ; Platform ID = 29801 X = 118° 00' 16.1" E Y = 00° 36' 17.3" N Z = 0.000 Course = 360.000 Speed = 0.00 Altitude = 0.00
<30 Nov 2025 08:55:05> [TSimMgr_Server.netRecv_Synch_Pos_VBS] Sender : 192.168.1.50Platform Name : Frans Kaisiepo - 368 ; Platform ID = 29776 X = 117° 47' 54.3" E Y = 00° 34' 29.1" N Z = 0.000 Course = 360.000 Speed = 0.00 Altitude = 0.00
<30 Nov 2025 08:55:05> [TSimMgr_Server.netRecv_Synch_Pos_VBS] Sender : 192.168.1.50Platform Name : I Gusti Ngurah Rai - 332 ; Platform ID = 29777 X = 118° 00' 29.8" E Y = 00° 39' 25.3" N Z = 0.000 Course = 360.000 Speed = 0.00 Altitude = 0.00
<30 Nov 2025 08:55:05> [TSimMgr_Server.netRecv_Synch_Pos_VBS] Sender : 192.168.1.50Platform Name : Karel Satsuitubun - 356 ; Platform ID = 29775 X = 117° 50' 30.4" E Y = 00° 35' 06.3" N Z = 0.000 Course = 0.000 Speed = 0.00 Altitude = 0.00
<30 Nov 2025 08:55:05> [TSimMgr_Server.netRecv_Synch_Pos_VBS] Sender : 192.168.1.50Platform Name : Makassar - 590 ; Platform ID = 29768 X = 117° 54' 48.9" E Y = 00° 33' 00.4" N Z = 0.000 Course = 360.000 Speed = 0.00 Altitude = 0.00
<30 Nov 2025 08:55:05> [TSimMgr_Server.netRecv_Synch_Pos_VBS] Sender : 192.168.1.50Platform Name : Surabaya - 591 ; Platform ID = 29769 X = 117° 51' 17.2" E Y = 00° 35' 08.2" N Z = 0.000 Course = 360.000 Speed = 0.00 Altitude = 0.00
<30 Nov 2025 08:55:05> [TSimMgr_Server.netRecv_Synch_Pos_VBS] Sender : 192.168.1.50Platform Name : Teluk Bintuni - 520 ; Platform ID = 29770 X = 117° 58' 00.6" E Y = 00° 34' 28.2" N Z = 0.000 Course = 0.000 Speed = 0.00 Altitude = 0.00
<30 Nov 2025 08:55:05> [TSimMgr_Server.netRecv_Synch_Pos_VBS] Sender : 192.168.1.50Platform Name : Teluk Wondama - 527 ; Platform ID = 29773 X = 117° 54' 00.2" E Y = 00° 37' 07.4" N Z = 0.000 Course = 0.000 Speed = 0.00 Altitude = 0.00
<30 Nov 2025 08:55:05> [TSimMgr_Server.netRecv_Synch_Pos_VBS] Sender : 192.168.1.50Platform Name : Usman-Harun - 359 ; Platform ID = 29800 X = 117° 48' 41.2" E Y = 00° 31' 15.2" N Z = 0.000 Course = 360.000 Speed = 0.00 Altitude = 0.00
<30 Nov 2025 08:55:05> [TSimMgr_Server.netRecv_Synch_Pos_VBS] Sender : 192.168.1.50Platform Name : Australia - Collins ; Platform ID = 29900 X = 117° 55' 39.7" E Y = 00° 39' 00.9" N Z = 0.000 Course = 359.999 Speed = 0.00 Altitude = 0.00
<30 Nov 2025 08:55:05> [TSimMgr_Server.netRecv_Synch_Pos_VBS] Sender : 192.168.1.50Platform Name : Ahmad Yani - 351 ; Platform ID = 29774 X = 117° 56' 47.4" E Y = 00° 38' 16.1" N Z = 0.000 Course = 0.000 Speed = 0.00 Altitude = 0.00
<30 Nov 2025 08:55:05> [TSimMgr_Server.netRecv_Synch_Pos_VBS] Sender : 192.168.1.50Platform Name : Bung Tomo - 357 ; Platform ID = 29799 X = 117° 51' 42.5" E Y = 00° 30' 57.0" N Z = 0.000 Course = 360.000 Speed = 0.00 Altitude = 0.00
<30 Nov 2025 08:55:05> [TSimMgr_Server.netRecv_Synch_Pos_VBS] Sender : 192.168.1.50Platform Name : Diponegoro - 365 ; Platform ID = 29801 X = 118° 00' 16.1" E Y = 00° 36' 17.3" N Z = 0.000 Course = 360.000 Speed = 0.00 Altitude = 0.00
<30 Nov 2025 08:55:05> [TSimMgr_Server.netRecv_Synch_Pos_VBS] Sender : 192.168.1.50Platform Name : Frans Kaisiepo - 368 ; Platform ID = 29776 X = 117° 47' 54.3" E Y = 00° 34' 29.1" N Z = 0.000 Course = 360.000 Speed = 0.00 Altitude = 0.00
<30 Nov 2025 08:55:05> [TSimMgr_Server.netRecv_Synch_Pos_VBS] Sender : 192.168.1.50Platform Name : I Gusti Ngurah Rai - 332 ; Platform ID = 29777 X = 118° 00' 29.8" E Y = 00° 39' 25.3" N Z = 0.000 Course = 360.000 Speed = 0.00 Altitude = 0.00
<30 Nov 2025 08:55:05> [TSimMgr_Server.netRecv_Synch_Pos_VBS] Sender : 192.168.1.50Platform Name : Karel Satsuitubun - 356 ; Platform ID = 29775 X = 117° 50' 30.4" E Y = 00° 35' 06.3" N Z = 0.000 Course = 0.000 Speed = 0.00 Altitude = 0.00
<30 Nov 2025 08:55:05> [TSimMgr_Server.netRecv_Synch_Pos_VBS] Sender : 192.168.1.50Platform Name : Makassar - 590 ; Platform ID = 29768 X = 117° 54' 48.9" E Y = 00° 33' 00.4" N Z = 0.000 Course = 360.000 Speed = 0.00 Altitude = 0.00
<30 Nov 2025 08:55:05> [TSimMgr_Server.netRecv_Synch_Pos_VBS] Sender : 192.168.1.50Platform Name : Surabaya - 591 ; Platform ID = 29769 X = 117° 51' 17.2" E Y = 00° 35' 08.2" N Z = 0.000 Course = 360.000 Speed = 0.00 Altitude = 0.00
<30 Nov 2025 08:55:05> [TSimMgr_Server.netRecv_Synch_Pos_VBS] Sender : 192.168.1.50Platform Name : Teluk Bintuni - 520 ; Platform ID = 29770 X = 117° 58' 00.6" E Y = 00° 34' 28.2" N Z = 0.000 Course = 0.000 Speed = 0.00 Altitude = 0.00
<30 Nov 2025 08:55:05> [TSimMgr_Server.netRecv_Synch_Pos_VBS] Sender : 192.168.1.50Platform Name : Teluk Wondama - 527 ; Platform ID = 29773 X = 117° 54' 00.2" E Y = 00° 37' 07.4" N Z = 0.000 Course = 0.000 Speed = 0.00 Altitude = 0.00
<30 Nov 2025 08:55:05> [TSimMgr_Server.netRecv_Synch_Pos_VBS] Sender : 192.168.1.50Platform Name : Usman-Harun - 359 ; Platform ID = 29800 X = 117° 48' 41.2" E Y = 00° 31' 15.2" N Z = 0.000 Course = 360.000 Speed = 0.00 Altitude = 0.00
<30 Nov 2025 08:55:05> [TSimMgr_Server.netRecv_Synch_Pos_VBS] Sender : 192.168.1.50Platform Name : Australia - Collins ; Platform ID = 29900 X = 117° 55' 39.7" E Y = 00° 39' 00.9" N Z = 0.000 Course = 0.001 Speed = 0.00 Altitude = 0.00
<30 Nov 2025 08:55:05> [TSimMgr_Server.netRecv_Synch_Pos_VBS] Sender : 192.168.1.50Platform Name : Ahmad Yani - 351 ; Platform ID = 29774 X = 117° 56' 47.4" E Y = 00° 38' 16.1" N Z = 0.000 Course = 0.000 Speed = 0.00 Altitude = 0.00
<30 Nov 2025 08:55:05> [TSimMgr_Server.netRecv_Synch_Pos_VBS] Sender : 192.168.1.50Platform Name : Bung Tomo - 357 ; Platform ID = 29799 X = 117° 51' 42.5" E Y = 00° 30' 57.0" N Z = 0.000 Course = 360.000 Speed = 0.00 Altitude = 0.00
<30 Nov 2025 08:55:05> [TSimMgr_Server.netRecv_Synch_Pos_VBS] Sender : 192.168.1.50Platform Name : Diponegoro - 365 ; Platform ID = 29801 X = 118° 00' 16.1" E Y = 00° 36' 17.3" N Z = 0.000 Course = 360.000 Speed = 0.00 Altitude = 0.00
<30 Nov 2025 08:55:05> [TSimMgr_Server.netRecv_Synch_Pos_VBS] Sender : 192.168.1.50Platform Name : Frans Kaisiepo - 368 ; Platform ID = 29776 X = 117° 47' 54.3" E Y = 00° 34' 29.1" N Z = 0.000 Course = 360.000 Speed = 0.00 Altitude = 0.00
<30 Nov 2025 08:55:05> [TSimMgr_Server.netRecv_Synch_Pos_VBS] Sender : 192.168.1.50Platform Name : I Gusti Ngurah Rai - 332 ; Platform ID = 29777 X = 118° 00' 29.8" E Y = 00° 39' 25.3" N Z = 0.000 Course = 360.000 Speed = 0.00 Altitude = 0.00
<30 Nov 2025 08:55:05> [TSimMgr_Server.netRecv_Synch_Pos_VBS] Sender : 192.168.1.50Platform Name : Karel Satsuitubun - 356 ; Platform ID = 29775 X = 117° 50' 30.4" E Y = 00° 35' 06.3" N Z = 0.000 Course = 0.000 Speed = 0.00 Altitude = 0.00
<30 Nov 2025 08:55:05> [TSimMgr_Server.netRecv_Synch_Pos_VBS] Sender : 192.168.1.50Platform Name : Makassar - 590 ; Platform ID = 29768 X = 117° 54' 48.9" E Y = 00° 33' 00.4" N Z = 0.000 Course = 360.000 Speed = 0.00 Altitude = 0.00
<30 Nov 2025 08:55:05> [TSimMgr_Server.netRecv_Synch_Pos_VBS] Sender : 192.168.1.50Platform Name : Surabaya - 591 ; Platform ID = 29769 X = 117° 51' 17.2" E Y = 00° 35' 08.2" N Z = 0.000 Course = 360.000 Speed = 0.00 Altitude = 0.00
<30 Nov 2025 08:55:05> [TSimMgr_Server.netRecv_Synch_Pos_VBS] Sender : 192.168.1.50Platform Name : Teluk Bintuni - 520 ; Platform ID = 29770 X = 117° 58' 00.6" E Y = 00° 34' 28.2" N Z = 0.000 Course = 0.000 Speed = 0.00 Altitude = 0.00
<30 Nov 2025 08:55:05> [TSimMgr_Server.netRecv_Synch_Pos_VBS] Sender : 192.168.1.50Platform Name : Teluk Wondama - 527 ; Platform ID = 29773 X = 117° 54' 00.2" E Y = 00° 37' 07.4" N Z = 0.000 Course = 0.000 Speed = 0.00 Altitude = 0.00
<30 Nov 2025 08:55:05> [TSimMgr_Server.netRecv_Synch_Pos_VBS] Sender : 192.168.1.50Platform Name : Usman-Harun - 359 ; Platform ID = 29800 X = 117° 48' 41.2" E Y = 00° 31' 15.2" N Z = 0.000 Course = 360.000 Speed = 0.00 Altitude = 0.00
<30 Nov 2025 08:55:05> [TSimMgr_Server.netRecv_Synch_Pos_VBS] Sender : 192.168.1.50Platform Name : Australia - Collins ; Platform ID = 29900 X = 117° 55' 39.7" E Y = 00° 39' 00.9" N Z = 0.000 Course = 0.000 Speed = 0.00 Altitude = 0.00
<30 Nov 2025 08:55:34> [TSimMgr_Server.netRecv_Synch_Pos_VBS] Sender : 192.168.1.50Platform Name : Australia - Collins ; Platform ID = 29900 X = 117° 55' 39.7" E Y = 00° 39' 00.9" N Z = 0.000 Course = 0.000 Speed = 0.00 Altitude = 0.00
<30 Nov 2025 08:55:34> [TSimMgr_Server.netRecv_Synch_Pos_VBS] Sender : 192.168.1.50Platform Name : Australia - Collins ; Platform ID = 29900 X = 117° 55' 39.7" E Y = 00° 39' 00.9" N Z = 0.000 Course = 0.000 Speed = 0.00 Altitude = 0.00
<30 Nov 2025 08:55:34> [TSimMgr_Server.netRecv_Synch_Pos_VBS] Sender : 192.168.1.50Platform Name : Australia - Collins ; Platform ID = 29900 X = 117° 55' 39.7" E Y = 00° 39' 00.9" N Z = 0.000 Course = 0.000 Speed = 0.00 Altitude = 0.00
<30 Nov 2025 08:55:34> [TSimMgr_Server.netRecv_Synch_Pos_VBS] Sender : 192.168.1.50Platform Name : Australia - Collins ; Platform ID = 29900 X = 117° 55' 39.7" E Y = 00° 39' 00.9" N Z = 0.000 Course = 0.000 Speed = 0.00 Altitude = 0.00
<30 Nov 2025 08:55:34> [TSimMgr_Server.netRecv_Synch_Pos_VBS] Sender : 192.168.1.50Platform Name : Australia - Collins ; Platform ID = 29900 X = 117° 55' 39.7" E Y = 00° 39' 00.9" N Z = 0.000 Course = 0.000 Speed = 0.00 Altitude = 0.00
<30 Nov 2025 08:55:34> [TSimMgr_Server.netRecv_Synch_Pos_VBS] Sender : 192.168.1.50Platform Name : Australia - Collins ; Platform ID = 29900 X = 117° 55' 39.7" E Y = 00° 39' 00.9" N Z = 0.000 Course = 0.000 Speed = 0.00 Altitude = 0.00
<30 Nov 2025 08:55:34> [TSimMgr_Server.netRecv_Synch_Pos_VBS] Sender : 192.168.1.50Platform Name : Australia - Collins ; Platform ID = 29900 X = 117° 55' 39.7" E Y = 00° 39' 00.9" N Z = 0.000 Course = 0.000 Speed = 0.00 Altitude = 0.00
<30 Nov 2025 08:55:34> [TSimMgr_Server.netRecv_Synch_Pos_VBS] Sender : 192.168.1.50Platform Name : Australia - Collins ; Platform ID = 29900 X = 117° 55' 39.7" E Y = 00° 39' 00.9" N Z = 0.000 Course = 0.000 Speed = 0.00 Altitude = 0.00
<30 Nov 2025 08:55:34> [TSimMgr_Server.netRecv_Synch_Pos_VBS] Sender : 192.168.1.50Platform Name : Australia - Collins ; Platform ID = 29900 X = 117° 55' 39.7" E Y = 00° 39' 00.9" N Z = 0.000 Course = 0.000 Speed = 0.00 Altitude = 0.00
<30 Nov 2025 08:55:34> [TSimMgr_Server.netRecv_Synch_Pos_VBS] Sender : 192.168.1.50Platform Name : Australia - Collins ; Platform ID = 29900 X = 117° 55' 39.7" E Y = 00° 39' 00.9" N Z = 0.000 Course = 0.000 Speed = 0.00 Altitude = 0.00
<30 Nov 2025 08:55:34> [TSimMgr_Server.netRecv_Synch_Pos_VBS] Sender : 192.168.1.50Platform Name : Australia - Collins ; Platform ID = 29900 X = 117° 55' 39.7" E Y = 00° 39' 00.9" N Z = 0.000 Course = 0.000 Speed = 0.00 Altitude = 0.00
<30 Nov 2025 08:55:34> [TSimMgr_Server.netRecv_Synch_Pos_VBS] Sender : 192.168.1.50Platform Name : Australia - Collins ; Platform ID = 29900 X = 117° 55' 39.7" E Y = 00° 39' 00.9" N Z = 0.000 Course = 0.000 Speed = 0.00 Altitude = 0.00
<30 Nov 2025 08:55:34> [TSimMgr_Server.netRecv_Synch_Pos_VBS] Sender : 192.168.1.50Platform Name : Australia - Collins ; Platform ID = 29900 X = 117° 55' 39.7" E Y = 00° 39' 00.9" N Z = 0.000 Course = 0.000 Speed = 0.00 Altitude = 0.00
<30 Nov 2025 08:55:34> [TSimMgr_Server.netRecv_Synch_Pos_VBS] Sender : 192.168.1.50Platform Name : Australia - Collins ; Platform ID = 29900 X = 117° 55' 39.7" E Y = 00° 39' 00.9" N Z = 0.000 Course = 0.000 Speed = 0.00 Altitude = 0.00
<30 Nov 2025 08:55:34> [TSimMgr_Server.netRecv_Synch_Pos_VBS] Sender : 192.168.1.50Platform Name : Australia - Collins ; Platform ID = 29900 X = 117° 55' 39.7" E Y = 00° 39' 00.9" N Z = 0.000 Course = 0.000 Speed = 0.00 Altitude = 0.00
<30 Nov 2025 08:55:34> [TSimMgr_Server.netRecv_Synch_Pos_VBS] Sender : 192.168.1.50Platform Name : Australia - Collins ; Platform ID = 29900 X = 117° 55' 39.7" E Y = 00° 39' 00.9" N Z = 0.000 Course = 0.000 Speed = 0.00 Altitude = 0.00
<30 Nov 2025 08:55:34> [TSimMgr_Server.netRecv_Synch_Pos_VBS] Sender : 192.168.1.50Platform Name : Australia - Collins ; Platform ID = 29900 X = 117° 55' 39.7" E Y = 00° 39' 00.9" N Z = 0.000 Course = 0.000 Speed = 0.00 Altitude = 0.00
<30 Nov 2025 08:55:34> [TSimMgr_Server.netRecv_Synch_Pos_VBS] Sender : 192.168.1.50Platform Name : Australia - Collins ; Platform ID = 29900 X = 117° 55' 39.7" E Y = 00° 39' 00.9" N Z = 0.000 Course = 0.000 Speed = 0.00 Altitude = 0.00
<30 Nov 2025 08:55:34> [TSimMgr_Server.netRecv_Synch_Pos_VBS] Sender : 192.168.1.50Platform Name : Australia - Collins ; Platform ID = 29900 X = 117° 55' 39.7" E Y = 00° 39' 00.9" N Z = 0.000 Course = 0.000 Speed = 0.00 Altitude = 0.00
<30 Nov 2025 08:55:34> [TSimMgr_Server.netRecv_Synch_Pos_VBS] Sender : 192.168.1.50Platform Name : Australia - Collins ; Platform ID = 29900 X = 117° 55' 39.7" E Y = 00° 39' 00.9" N Z = 0.000 Course = 0.000 Speed = 0.00 Altitude = 0.00
<30 Nov 2025 08:55:34> [TSimMgr_Server.netRecv_Synch_Pos_VBS] Sender : 192.168.1.50Platform Name : Australia - Collins ; Platform ID = 29900 X = 117° 55' 39.7" E Y = 00° 39' 00.9" N Z = 0.000 Course = 0.000 Speed = 0.00 Altitude = 0.00
<30 Nov 2025 08:55:34> [TSimMgr_Server.netRecv_Synch_Pos_VBS] Sender : 192.168.1.50Platform Name : Australia - Collins ; Platform ID = 29900 X = 117° 55' 39.7" E Y = 00° 39' 00.9" N Z = 0.000 Course = 0.000 Speed = 0.00 Altitude = 0.00
<30 Nov 2025 08:55:34> [TSimMgr_Server.netRecv_Synch_Pos_VBS] Sender : 192.168.1.50Platform Name : Australia - Collins ; Platform ID = 29900 X = 117° 55' 39.7" E Y = 00° 39' 00.9" N Z = 0.000 Course = 0.000 Speed = 0.00 Altitude = 0.00
<30 Nov 2025 08:55:34> [TSimMgr_Server.netRecv_Synch_Pos_VBS] Sender : 192.168.1.50Platform Name : Australia - Collins ; Platform ID = 29900 X = 117° 55' 39.7" E Y = 00° 39' 00.9" N Z = 0.000 Course = 0.000 Speed = 0.00 Altitude = 0.00
<30 Nov 2025 08:55:13> [TSimMgr_Server.netRecv_Synch_Pos_VBS] Sender : 192.168.1.50Platform Name : Ahmad Yani - 351 ; Platform ID = 29774 X = 117° 56' 47.4" E Y = 00° 38' 16.1" N Z = 0.000 Course = 0.000 Speed = 0.00 Altitude = 0.00
<30 Nov 2025 08:55:13> [TSimMgr_Server.netRecv_Synch_Pos_VBS] Sender : 192.168.1.50Platform Name : Bung Tomo - 357 ; Platform ID = 29799 X = 117° 51' 42.5" E Y = 00° 30' 57.0" N Z = 0.000 Course = 360.000 Speed = 0.00 Altitude = 0.00
<30 Nov 2025 08:55:13> [TSimMgr_Server.netRecv_Synch_Pos_VBS] Sender : 192.168.1.50Platform Name : Diponegoro - 365 ; Platform ID = 29801 X = 118° 00' 16.1" E Y = 00° 36' 17.3" N Z = 0.000 Course = 360.000 Speed = 0.00 Altitude = 0.00
<30 Nov 2025 08:55:13> [TSimMgr_Server.netRecv_Synch_Pos_VBS] Sender : 192.168.1.50Platform Name : Frans Kaisiepo - 368 ; Platform ID = 29776 X = 117° 47' 54.3" E Y = 00° 34' 29.1" N Z = 0.000 Course = 360.000 Speed = 0.00 Altitude = 0.00
<30 Nov 2025 08:55:13> [TSimMgr_Server.netRecv_Synch_Pos_VBS] Sender : 192.168.1.50Platform Name : Frans Kaisiepo - 368 ; Platform ID = 29776 X = 117° 47' 54.3" E Y = 00° 34' 29.1" N Z = 0.000 Course = 360.000 Speed = 0.00 Altitude = 0.00
<30 Nov 2025 08:55:13> [TSimMgr_Server.netRecv_Synch_Pos_VBS] Sender : 192.168.1.50Platform Name : Frans Kaisiepo - 368 ; Platform ID = 29776 X = 117° 47' 54.3" E Y = 00° 34' 29.1" N Z = 0.000 Course = 360.000 Speed = 0.00 Altitude = 0.00
<30 Nov 2025 08:55:13> [TSimMgr_Server.netRecv_Synch_Pos_VBS] Sender : 192.168.1.50Platform Name : I Gusti Ngurah Rai - 332 ; Platform ID = 29777 X = 118° 00' 29.8" E Y = 00° 39' 25.3" N Z = 0.000 Course = 360.000 Speed = 0.00 Altitude = 0.00
<30 Nov 2025 08:55:13> [TSimMgr_Server.netRecv_Synch_Pos_VBS] Sender : 192.168.1.50Platform Name : Karel Satsuitubun - 356 ; Platform ID = 29775 X = 117° 50' 30.4" E Y = 00° 35' 06.3" N Z = 0.000 Course = 0.000 Speed = 0.00 Altitude = 0.00
<30 Nov 2025 08:55:13> [TSimMgr_Server.netRecv_Synch_Pos_VBS] Sender : 192.168.1.50Platform Name : Makassar - 590 ; Platform ID = 29768 X = 117° 54' 48.9" E Y = 00° 33' 00.4" N Z = 0.000 Course = 360.000 Speed = 0.00 Altitude = 0.00
<30 Nov 2025 08:55:13> [TSimMgr_Server.netRecv_Synch_Pos_VBS] Sender : 192.168.1.50Platform Name : Surabaya - 591 ; Platform ID = 29769 X = 117° 51' 17.2" E Y = 00° 35' 08.2" N Z = 0.000 Course = 360.000 Speed = 0.00 Altitude = 0.00
<30 Nov 2025 08:55:13> [TSimMgr_Server.netRecv_Synch_Pos_VBS] Sender : 192.168.1.50Platform Name : Teluk Bintuni - 520 ; Platform ID = 29770 X = 117° 58' 00.6" E Y = 00° 34' 28.2" N Z = 0.000 Course = 0.000 Speed = 0.00 Altitude = 0.00
<30 Nov 2025 08:55:13> [TSimMgr_Server.netRecv_Synch_Pos_VBS] Sender : 192.168.1.50Platform Name : Teluk Wondama - 527 ; Platform ID = 29773 X = 117° 54' 00.2" E Y = 00° 37' 07.4" N Z = 0.000 Course = 0.000 Speed = 0.00 Altitude = 0.00
<30 Nov 2025 08:55:13> [TSimMgr_Server.netRecv_Synch_Pos_VBS] Sender : 192.168.1.50Platform Name : Teluk Wondama - 527 ; Platform ID = 29773 X = 117° 54' 00.2" E Y = 00° 37' 07.4" N Z = 0.000 Course = 0.000 Speed = 0.00 Altitude = 0.00
<30 Nov 2025 08:55:13> [TSimMgr_Server.netRecv_Synch_Pos_VBS] Sender : 192.168.1.50Platform Name : Teluk Wondama - 527 ; Platform ID = 29773 X = 117° 54' 00.2" E Y = 00° 37' 07.4" N Z = 0.000 Course = 0.000 Speed = 0.00 Altitude = 0.00
<30 Nov 2025 08:55:13> [TSimMgr_Server.netRecv_Synch_Pos_VBS] Sender : 192.168.1.50Platform Name : Usman-Harun - 359 ; Platform ID = 29800 X = 117° 48' 41.2" E Y = 00° 31' 15.2" N Z = 0.000 Course = 360.000 Speed = 0.00 Altitude = 0.00
<30 Nov 2025 08:55:13> [TSimMgr_Server.netRecv_Synch_Pos_VBS] Sender : 192.168.1.50Platform Name : Australia - Collins ; Platform ID = 29900 X = 117° 55' 39.7" E Y = 00° 39' 00.9" N Z = 0.000 Course = 359.999 Speed = 0.00 Altitude = 0.00
<30 Nov 2025 08:55:15> [TSimMgr_Server.netRecv_Synch_Pos_VBS] Sender : 192.168.1.50Platform Name : Ahmad Yani - 351 ; Platform ID = 29774 X = 117° 56' 47.4" E Y = 00° 38' 16.1" N Z = 0.000 Course = 0.000 Speed = 0.00 Altitude = 0.00
<30 Nov 2025 08:55:15> [TSimMgr_Server.netRecv_Synch_Pos_VBS] Sender : 192.168.1.50Platform Name : Bung Tomo - 357 ; Platform ID = 29799 X = 117° 51' 42.5" E Y = 00° 30' 57.0" N Z = 0.000 Course = 360.000 Speed = 0.00 Altitude = 0.00
<30 Nov 2025 08:55:15> [TSimMgr_Server.netRecv_Synch_Pos_VBS] Sender : 192.168.1.50Platform Name : Diponegoro - 365 ; Platform ID = 29801 X = 118° 00' 16.1" E Y = 00° 36' 17.3" N Z = 0.000 Course = 360.000 Speed = 0.00 Altitude = 0.00
<30 Nov 2025 08:55:15> [TSimMgr_Server.netRecv_Synch_Pos_VBS] Sender : 192.168.1.50Platform Name : Frans Kaisiepo - 368 ; Platform ID = 29776 X = 117° 47' 54.3" E Y = 00° 34' 29.1" N Z = 0.000 Course = 360.000 Speed = 0.00 Altitude = 0.00
<30 Nov 2025 08:55:15> [TSimMgr_Server.netRecv_Synch_Pos_VBS] Sender : 192.168.1.50Platform Name : I Gusti Ngurah Rai - 332 ; Platform ID = 29777 X = 118° 00' 29.8" E Y = 00° 39' 25.3" N Z = 0.000 Course = 360.000 Speed = 0.00 Altitude = 0.00
<30 Nov 2025 08:55:15> [TSimMgr_Server.netRecv_Synch_Pos_VBS] Sender : 192.168.1.50Platform Name : I Gusti Ngurah Rai - 332 ; Platform ID = 29777 X = 118° 00' 29.8" E Y = 00° 39' 25.3" N Z = 0.000 Course = 360.000 Speed = 0.00 Altitude = 0.00
<30 Nov 2025 08:55:15> [TSimMgr_Server.netRecv_Synch_Pos_VBS] Sender : 192.168.1.50Platform Name : I Gusti Ngurah Rai - 332 ; Platform ID = 29777 X = 118° 00' 29.8" E Y = 00° 39' 25.3" N Z = 0.000 Course = 360.000 Speed = 0.00 Altitude = 0.00
<30 Nov 2025 08:55:15> [TSimMgr_Server.netRecv_Synch_Pos_VBS] Sender : 192.168.1.50Platform Name : I Gusti Ngurah Rai - 332 ; Platform ID = 29777 X = 118° 00' 29.8" E Y = 00° 39' 25.3" N Z = 0.000 Course = 360.000 Speed = 0.00 Altitude = 0.00
<30 Nov 2025 08:55:15> [TSimMgr_Server.netRecv_Synch_Pos_VBS] Sender : 192.168.1.50Platform Name : Karel Satsuitubun - 356 ; Platform ID = 29775 X = 117° 50' 30.4" E Y = 00° 35' 06.3" N Z = 0.000 Course = 0.000 Speed = 0.00 Altitude = 0.00
<30 Nov 2025 08:55:15> [TSimMgr_Server.netRecv_Synch_Pos_VBS] Sender : 192.168.1.50Platform Name : Makassar - 590 ; Platform ID = 29768 X = 117° 54' 48.9" E Y = 00° 33' 00.4" N Z = 0.000 Course = 360.000 Speed = 0.00 Altitude = 0.00
<30 Nov 2025 08:55:15> [TSimMgr_Server.netRecv_Synch_Pos_VBS] Sender : 192.168.1.50Platform Name : Surabaya - 591 ; Platform ID = 29769 X = 117° 51' 17.2" E Y = 00° 35' 08.2" N Z = 0.000 Course = 360.000 Speed = 0.00 Altitude = 0.00
<30 Nov 2025 08:55:15> [TSimMgr_Server.netRecv_Synch_Pos_VBS] Sender : 192.168.1.50Platform Name : Teluk Bintuni - 520 ; Platform ID = 29770 X = 117° 58' 00.6" E Y = 00° 34' 28.2" N Z = 0.000 Course = 0.000 Speed = 0.00 Altitude = 0.00
<30 Nov 2025 08:55:15> [TSimMgr_Server.netRecv_Synch_Pos_VBS] Sender : 192.168.1.50Platform Name : Teluk Wondama - 527 ; Platform ID = 29773 X = 117° 54' 00.2" E Y = 00° 37' 07.4" N Z = 0.000 Course = 0.000 Speed = 0.00 Altitude = 0.00
<30 Nov 2025 08:55:15> [TSimMgr_Server.netRecv_Synch_Pos_VBS] Sender : 192.168.1.50Platform Name : Usman-Harun - 359 ; Platform ID = 29800 X = 117° 48' 41.2" E Y = 00° 31' 15.2" N Z = 0.000 Course = 360.000 Speed = 0.00 Altitude = 0.00
<30 Nov 2025 08:55:15> [TSimMgr_Server.netRecv_Synch_Pos_VBS] Sender : 192.168.1.50Platform Name : Australia - Collins ; Platform ID = 29900 X = 117° 55' 39.7" E Y = 00° 39' 00.9" N Z = 0.000 Course = 0.001 Speed = 0.00 Altitude = 0.00
<30 Nov 2025 08:55:15> [TSimMgr_Server.netRecv_Synch_Pos_VBS] Sender : 192.168.1.50Platform Name : Australia - Collins ; Platform ID = 29900 X = 117° 55' 39.7" E Y = 00° 39' 00.9" N Z = 0.000 Course = 0.001 Speed = 0.00 Altitude = 0.00
<30 Nov 2025 08:55:15> [TSimMgr_Server.netRecv_Synch_Pos_VBS] Sender : 192.168.1.50Platform Name : Australia - Collins ; Platform ID = 29900 X = 117° 55' 39.7" E Y = 00° 39' 00.9" N Z = 0.000 Course = 0.001 Speed = 0.00 Altitude = 0.00
<30 Nov 2025 08:55:15> [TSimMgr_Server.netRecv_Synch_Pos_VBS] Sender : 192.168.1.50Platform Name : Australia - Collins ; Platform ID = 29900 X = 117° 55' 39.7" E Y = 00° 39' 00.9" N Z = 0.000 Course = 0.001 Speed = 0.00 Altitude = 0.00
<30 Nov 2025 08:55:15> [TSimMgr_Server.netRecv_Synch_Pos_VBS] Sender : 192.168.1.50Platform Name : Australia - Collins ; Platform ID = 29900 X = 117° 55' 39.7" E Y = 00° 39' 00.9" N Z = 0.000 Course = 0.001 Speed = 0.00 Altitude = 0.00
<30 Nov 2025 08:55:16> [TSimMgr_Server.netRecv_Synch_Pos_VBS] Sender : 192.168.1.50Platform Name : Ahmad Yani - 351 ; Platform ID = 29774 X = 117° 56' 47.4" E Y = 00° 38' 16.1" N Z = 0.000 Course = 0.000 Speed = 0.00 Altitude = 0.00
<30 Nov 2025 08:55:16> [TSimMgr_Server.netRecv_Synch_Pos_VBS] Sender : 192.168.1.50Platform Name : Bung Tomo - 357 ; Platform ID = 29799 X = 117° 51' 42.5" E Y = 00° 30' 57.0" N Z = 0.000 Course = 360.000 Speed = 0.00 Altitude = 0.00
<30 Nov 2025 08:55:16> [TSimMgr_Server.netRecv_Synch_Pos_VBS] Sender : 192.168.1.50Platform Name : Diponegoro - 365 ; Platform ID = 29801 X = 118° 00' 16.1" E Y = 00° 36' 17.3" N Z = 0.000 Course = 360.000 Speed = 0.00 Altitude = 0.00
<30 Nov 2025 08:55:16> [TSimMgr_Server.netRecv_Synch_Pos_VBS] Sender : 192.168.1.50Platform Name : Frans Kaisiepo - 368 ; Platform ID = 29776 X = 117° 47' 54.3" E Y = 00° 34' 29.1" N Z = 0.000 Course = 360.000 Speed = 0.00 Altitude = 0.00
<30 Nov 2025 08:55:16> [TSimMgr_Server.netRecv_Synch_Pos_VBS] Sender : 192.168.1.50Platform Name : I Gusti Ngurah Rai - 332 ; Platform ID = 29777 X = 118° 00' 29.8" E Y = 00° 39' 25.3" N Z = 0.000 Course = 360.000 Speed = 0.00 Altitude = 0.00
<30 Nov 2025 08:55:16> [TSimMgr_Server.netRecv_Synch_Pos_VBS] Sender : 192.168.1.50Platform Name : Karel Satsuitubun - 356 ; Platform ID = 29775 X = 117° 50' 30.4" E Y = 00° 35' 06.3" N Z = 0.000 Course = 0.000 Speed = 0.00 Altitude = 0.00
<30 Nov 2025 08:55:16> [TSimMgr_Server.netRecv_Synch_Pos_VBS] Sender : 192.168.1.50Platform Name : Makassar - 590 ; Platform ID = 29768 X = 117° 54' 48.9" E Y = 00° 33' 00.4" N Z = 0.000 Course = 360.000 Speed = 0.00 Altitude = 0.00
<30 Nov 2025 08:55:16> [TSimMgr_Server.netRecv_Synch_Pos_VBS] Sender : 192.168.1.50Platform Name : Surabaya - 591 ; Platform ID = 29769 X = 117° 51' 17.2" E Y = 00° 35' 08.2" N Z = 0.000 Course = 360.000 Speed = 0.00 Altitude = 0.00
<30 Nov 2025 08:55:16> [TSimMgr_Server.netRecv_Synch_Pos_VBS] Sender : 192.168.1.50Platform Name : Surabaya - 591 ; Platform ID = 29769 X = 117° 51' 17.2" E Y = 00° 35' 08.2" N Z = 0.000 Course = 360.000 Speed = 0.00 Altitude = 0.00
<30 Nov 2025 08:55:16> [TSimMgr_Server.netRecv_Synch_Pos_VBS] Sender : 192.168.1.50Platform Name : Surabaya - 591 ; Platform ID = 29769 X = 117° 51' 17.2" E Y = 00° 35' 08.2" N Z = 0.000 Course = 360.000 Speed = 0.00 Altitude = 0.00
<30 Nov 2025 08:55:16> [TSimMgr_Server.netRecv_Synch_Pos_VBS] Sender : 192.168.1.50Platform Name : Teluk Bintuni - 520 ; Platform ID = 29770 X = 117° 58' 00.6" E Y = 00° 34' 28.2" N Z = 0.000 Course = 0.000 Speed = 0.00 Altitude = 0.00
<30 Nov 2025 08:55:16> [TSimMgr_Server.netRecv_Synch_Pos_VBS] Sender : 192.168.1.50Platform Name : Teluk Bintuni - 520 ; Platform ID = 29770 X = 117° 58' 00.6" E Y = 00° 34' 28.2" N Z = 0.000 Course = 0.000 Speed = 0.00 Altitude = 0.00
<30 Nov 2025 08:55:16> [TSimMgr_Server.netRecv_Synch_Pos_VBS] Sender : 192.168.1.50Platform Name : Teluk Bintuni - 520 ; Platform ID = 29770 X = 117° 58' 00.6" E Y = 00° 34' 28.2" N Z = 0.000 Course = 0.000 Speed = 0.00 Altitude = 0.00
<30 Nov 2025 08:55:16> [TSimMgr_Server.netRecv_Synch_Pos_VBS] Sender : 192.168.1.50Platform Name : Teluk Wondama - 527 ; Platform ID = 29773 X = 117° 54' 00.2" E Y = 00° 37' 07.4" N Z = 0.000 Course = 0.000 Speed = 0.00 Altitude = 0.00
<30 Nov 2025 08:55:16> [TSimMgr_Server.netRecv_Synch_Pos_VBS] Sender : 192.168.1.50Platform Name : Usman-Harun - 359 ; Platform ID = 29800 X = 117° 48' 41.2" E Y = 00° 31' 15.2" N Z = 0.000 Course = 360.000 Speed = 0.00 Altitude = 0.00
<30 Nov 2025 08:55:16> [TSimMgr_Server.netRecv_Synch_Pos_VBS] Sender : 192.168.1.50Platform Name : Australia - Collins ; Platform ID = 29900 X = 117° 55' 39.7" E Y = 00° 39' 00.9" N Z = 0.000 Course = 0.000 Speed = 0.00 Altitude = 0.00
<30 Nov 2025 08:55:16> [TSimMgr_Server.netRecv_Synch_Pos_VBS] Sender : 192.168.1.50Platform Name : Australia - Collins ; Platform ID = 29900 X = 117° 55' 39.7" E Y = 00° 39' 00.9" N Z = 0.000 Course = 0.000 Speed = 0.00 Altitude = 0.00
<30 Nov 2025 08:55:17> [TSimMgr_Client.LogEventRecv] <0031> CPID_UDP_PLATFORM_MOVE
<30 Nov 2025 08:55:17> [TSimMgr_Client.LogEventRecv] <0031> CPID_UDP_PLATFORM_MOVE
<30 Nov 2025 08:55:17> [TSimMgr_Client.LogEventRecv] <0031> CPID_UDP_PLATFORM_MOVE
<30 Nov 2025 08:55:17> [TSimMgr_Client.LogEventRecv] <0031> CPID_UDP_PLATFORM_MOVE
<30 Nov 2025 08:55:17> [TSimMgr_Client.LogEventRecv] <0031> CPID_UDP_PLATFORM_MOVE
<30 Nov 2025 08:55:17> [TSimMgr_Client.LogEventRecv] <0031> CPID_UDP_PLATFORM_MOVE
<30 Nov 2025 08:55:17> [TSimMgr_Client.LogEventRecv] <0031> CPID_UDP_PLATFORM_MOVE
<30 Nov 2025 08:55:17> [TSimMgr_Client.LogEventRecv] <0031> CPID_UDP_PLATFORM_MOVE
<30 Nov 2025 08:55:17> [TSimMgr_Client.LogEventRecv] <0031> CPID_UDP_PLATFORM_MOVE
<30 Nov 2025 08:55:17> [TSimMgr_Client.LogEventRecv] <0031> CPID_UDP_PLATFORM_MOVE
<30 Nov 2025 08:55:17> [TSimMgr_Client.LogEventRecv] <0031> CPID_UDP_PLATFORM_MOVE
<30 Nov 2025 08:55:17> [TSimMgr_Client.LogEventRecv] <0031> CPID_UDP_PLATFORM_MOVE
<30 Nov 2025 08:55:17> [TSimMgr_Client.LogEventRecv] <0031> CPID_UDP_PLATFORM_MOVE
<30 Nov 2025 08:55:17> [TSimMgr_Client.LogEventRecv] <0031> CPID_UDP_PLATFORM_MOVE
<30 Nov 2025 08:55:17> [TSimMgr_Client.LogEventRecv] <0031> CPID_UDP_PLATFORM_MOVE
<30 Nov 2025 08:55:17> [TSimMgr_Client.LogEventRecv] <0031> CPID_UDP_PLATFORM_MOVE
<30 Nov 2025 08:55:17> [TSimMgr_Client.LogEventRecv] <0031> CPID_UDP_PLATFORM_MOVE
<30 Nov 2025 08:55:17> [TSimMgr_Client.LogEventRecv] <0031> CPID_UDP_PLATFORM_MOVE
<30 Nov 2025 08:55:17> [TSimMgr_Client.LogEventRecv] <0031> CPID_UDP_PLATFORM_MOVE
<30 Nov 2025 08:55:17> [TSimMgr_Client.LogEventRecv] <0031> CPID_UDP_PLATFORM_MOVE
<30 Nov 2025 08:55:17> [TSimMgr_Client.LogEventRecv] <0031> CPID_UDP_PLATFORM_MOVE
<30 Nov 2025 08:55:17> [TSimMgr_Client.LogEventRecv] <0031> CPID_UDP_PLATFORM_MOVE
<30 Nov 2025 08:55:17> [TSimMgr_Client.LogEventRecv] <0031> CPID_UDP_PLATFORM_MOVE
<30 Nov 2025 08:55:17> [TSimMgr_Client.LogEventRecv] <0031> CPID_UDP_PLATFORM_MOVE
<30 Nov 2025 08:55:17> [TSimMgr_Client.LogEventRecv] <0031> CPID_UDP_PLATFORM_MOVE
<30 Nov 2025 08:55:17> [TSimMgr_Client.LogEventRecv] <0031> CPID_UDP_PLATFORM_MOVE
<30 Nov 2025 08:55:17> [TSimMgr_Client.LogEventRecv] <0031> CPID_UDP_PLATFORM_MOVE
<30 Nov 2025 08:55:17> [TSimMgr_Client.LogEventRecv] <0031> CPID_UDP_PLATFORM_MOVE
<30 Nov 2025 08:55:17> [TSimMgr_Client.LogEventRecv] <0031> CPID_UDP_PLATFORM_MOVE
<30 Nov 2025 08:55:17> [TSimMgr_Client.LogEventRecv] <0031> CPID_UDP_PLATFORM_MOVE
<30 Nov 2025 08:55:17> [TSimMgr_Client.LogEventRecv] <0031> CPID_UDP_PLATFORM_MOVE
<30 Nov 2025 08:55:17> [TSimMgr_Client.LogEventRecv] <0031> CPID_UDP_PLATFORM_MOVE
<30 Nov 2025 08:55:17> [TSimMgr_Client.LogEventRecv] <0031> CPID_UDP_PLATFORM_MOVE
<30 Nov 2025 08:55:17> [TSimMgr_Client.LogEventRecv] <0031> CPID_UDP_PLATFORM_MOVE
<30 Nov 2025 08:55:17> [TSimMgr_Client.LogEventRecv] <0031> CPID_UDP_PLATFORM_MOVE
<30 Nov 2025 08:55:17> [TSimMgr_Client.LogEventRecv] <0031> CPID_UDP_PLATFORM_MOVE
<30 Nov 2025 08:55:17> [TSimMgr_Client.LogEventRecv] <0031> CPID_UDP_PLATFORM_MOVE
<30 Nov 2025 08:55:17> [TSimMgr_Client.LogEventRecv] <0031> CPID_UDP_PLATFORM_MOVE
<30 Nov 2025 08:55:17> [TSimMgr_Client.LogEventRecv] <0031> CPID_UDP_PLATFORM_MOVE
<30 Nov 2025 08:55:17> [TSimMgr_Client.LogEventRecv] <0031> CPID_UDP_PLATFORM_MOVE
<30 Nov 2025 08:55:17> [TSimMgr_Client.LogEventRecv] <0031> CPID_UDP_PLATFORM_MOVE
<30 Nov 2025 08:55:17> [TSimMgr_Client.LogEventRecv] <0031> CPID_UDP_PLATFORM_MOVE
<30 Nov 2025 08:55:17> [TSimMgr_Client.LogEventRecv] <0031> CPID_UDP_PLATFORM_MOVE
<30 Nov 2025 08:55:17> [TSimMgr_Client.LogEventRecv] <0031> CPID_UDP_PLATFORM_MOVE
<30 Nov 2025 08:55:17> [TSimMgr_Client.LogEventRecv] <0031> CPID_UDP_PLATFORM_MOVE
<30 Nov 2025 08:55:17> [TSimMgr_Client.LogEventRecv] <0031> CPID_UDP_PLATFORM_MOVE
<30 Nov 2025 08:55:17> [TSimMgr_Client.LogEventRecv] <0031> CPID_UDP_PLATFORM_MOVE
<30 Nov 2025 08:55:17> [TSimMgr_Client.LogEventRecv] <0031> CPID_UDP_PLATFORM_MOVE
<30 Nov 2025 08:55:17> [TSimMgr_Client.LogEventRecv] <0031> CPID_UDP_PLATFORM_MOVE
<30 Nov 2025 08:55:17> [TSimMgr_Client.LogEventRecv] <0031> CPID_UDP_PLATFORM_MOVE
<30 Nov 2025 08:55:17> [TSimMgr_Client.LogEventRecv] <0031> CPID_UDP_PLATFORM_MOVE
<30 Nov 2025 08:55:17> [TSimMgr_Server.netRecv_Synch_Pos_VBS] Sender : 192.168.1.50Platform Name : Ahmad Yani - 351 ; Platform ID = 29774 X = 117° 56' 47.4" E Y = 00° 38' 16.1" N Z = 0.000 Course = 0.000 Speed = 0.00 Altitude = 0.00
<30 Nov 2025 08:55:17> [TSimMgr_Server.netRecv_Synch_Pos_VBS] Sender : 192.168.1.50Platform Name : Bung Tomo - 357 ; Platform ID = 29799 X = 117° 51' 42.5" E Y = 00° 30' 57.0" N Z = 0.000 Course = 360.000 Speed = 0.00 Altitude = 0.00
<30 Nov 2025 08:55:17> [TSimMgr_Server.netRecv_Synch_Pos_VBS] Sender : 192.168.1.50Platform Name : Diponegoro - 365 ; Platform ID = 29801 X = 118° 00' 16.1" E Y = 00° 36' 17.3" N Z = 0.000 Course = 360.000 Speed = 0.00 Altitude = 0.00
<30 Nov 2025 08:55:17> [TSimMgr_Server.netRecv_Synch_Pos_VBS] Sender : 192.168.1.50Platform Name : Frans Kaisiepo - 368 ; Platform ID = 29776 X = 117° 47' 54.3" E Y = 00° 34' 29.1" N Z = 0.000 Course = 360.000 Speed = 0.00 Altitude = 0.00
<30 Nov 2025 08:55:17> [TSimMgr_Server.netRecv_Synch_Pos_VBS] Sender : 192.168.1.50Platform Name : I Gusti Ngurah Rai - 332 ; Platform ID = 29777 X = 118° 00' 29.8" E Y = 00° 39' 25.3" N Z = 0.000 Course = 360.000 Speed = 0.00 Altitude = 0.00
<30 Nov 2025 08:55:17> [TSimMgr_Server.netRecv_Synch_Pos_VBS] Sender : 192.168.1.50Platform Name : Karel Satsuitubun - 356 ; Platform ID = 29775 X = 117° 50' 30.4" E Y = 00° 35' 06.3" N Z = 0.000 Course = 0.000 Speed = 0.00 Altitude = 0.00
<30 Nov 2025 08:55:17> [TSimMgr_Server.netRecv_Synch_Pos_VBS] Sender : 192.168.1.50Platform Name : Karel Satsuitubun - 356 ; Platform ID = 29775 X = 117° 50' 30.4" E Y = 00° 35' 06.3" N Z = 0.000 Course = 0.000 Speed = 0.00 Altitude = 0.00
<30 Nov 2025 08:55:17> [TSimMgr_Server.netRecv_Synch_Pos_VBS] Sender : 192.168.1.50Platform Name : Makassar - 590 ; Platform ID = 29768 X = 117° 54' 48.9" E Y = 00° 33' 00.4" N Z = 0.000 Course = 360.000 Speed = 0.00 Altitude = 0.00
<30 Nov 2025 08:55:17> [TSimMgr_Server.netRecv_Synch_Pos_VBS] Sender : 192.168.1.50Platform Name : Makassar - 590 ; Platform ID = 29768 X = 117° 54' 48.9" E Y = 00° 33' 00.4" N Z = 0.000 Course = 360.000 Speed = 0.00 Altitude = 0.00
<30 Nov 2025 08:55:17> [TSimMgr_Server.netRecv_Synch_Pos_VBS] Sender : 192.168.1.50Platform Name : Makassar - 590 ; Platform ID = 29768 X = 117° 54' 48.9" E Y = 00° 33' 00.4" N Z = 0.000 Course = 360.000 Speed = 0.00 Altitude = 0.00
<30 Nov 2025 08:55:17> [TSimMgr_Server.netRecv_Synch_Pos_VBS] Sender : 192.168.1.50Platform Name : Makassar - 590 ; Platform ID = 29768 X = 117° 54' 48.9" E Y = 00° 33' 00.4" N Z = 0.000 Course = 360.000 Speed = 0.00 Altitude = 0.00
<30 Nov 2025 08:55:17> [TSimMgr_Server.netRecv_Synch_Pos_VBS] Sender : 192.168.1.50Platform Name : Makassar - 590 ; Platform ID = 29768 X = 117° 54' 48.9" E Y = 00° 33' 00.4" N Z = 0.000 Course = 360.000 Speed = 0.00 Altitude = 0.00
<30 Nov 2025 08:55:17> [TSimMgr_Server.netRecv_Synch_Pos_VBS] Sender : 192.168.1.50Platform Name : Surabaya - 591 ; Platform ID = 29769 X = 117° 51' 17.2" E Y = 00° 35' 08.2" N Z = 0.000 Course = 360.000 Speed = 0.00 Altitude = 0.00
<30 Nov 2025 08:55:17> [TSimMgr_Server.netRecv_Synch_Pos_VBS] Sender : 192.168.1.50Platform Name : Teluk Bintuni - 520 ; Platform ID = 29770 X = 117° 58' 00.6" E Y = 00° 34' 28.2" N Z = 0.000 Course = 0.000 Speed = 0.00 Altitude = 0.00
<30 Nov 2025 08:55:17> [TSimMgr_Server.netRecv_Synch_Pos_VBS] Sender : 192.168.1.50Platform Name : Teluk Wondama - 527 ; Platform ID = 29773 X = 117° 54' 00.2" E Y = 00° 37' 07.4" N Z = 0.000 Course = 0.000 Speed = 0.00 Altitude = 0.00
<30 Nov 2025 08:55:17> [TSimMgr_Server.netRecv_Synch_Pos_VBS] Sender : 192.168.1.50Platform Name : Usman-Harun - 359 ; Platform ID = 29800 X = 117° 48' 41.2" E Y = 00° 31' 15.2" N Z = 0.000 Course = 360.000 Speed = 0.00 Altitude = 0.00
<30 Nov 2025 08:55:17> [TSimMgr_Server.netRecv_Synch_Pos_VBS] Sender : 192.168.1.50Platform Name : Australia - Collins ; Platform ID = 29900 X = 117° 55' 39.7" E Y = 00° 39' 00.9" N Z = 0.000 Course = 359.999 Speed = 0.00 Altitude = 0.00
<30 Nov 2025 08:55:17> [TSimMgr_Server.netRecv_Synch_Pos_VBS] Sender : 192.168.1.50Platform Name : Australia - Collins ; Platform ID = 29900 X = 117° 55' 39.7" E Y = 00° 39' 00.9" N Z = 0.000 Course = 359.999 Speed = 0.00 Altitude = 0.00
<30 Nov 2025 08:55:17> [TSimMgr_Server.netRecv_Synch_Pos_VBS] Sender : 192.168.1.50Platform Name : Australia - Collins ; Platform ID = 29900 X = 117° 55' 39.7" E Y = 00° 39' 00.9" N Z = 0.000 Course = 359.999 Speed = 0.00 Altitude = 0.00
<30 Nov 2025 08:55:19> [TSimMgr_Server.netRecv_Synch_Pos_VBS] Sender : 192.168.1.50Platform Name : Ahmad Yani - 351 ; Platform ID = 29774 X = 117° 56' 47.4" E Y = 00° 38' 16.1" N Z = 0.000 Course = 0.000 Speed = 0.00 Altitude = 0.00
<30 Nov 2025 08:55:19> [TSimMgr_Server.netRecv_Synch_Pos_VBS] Sender : 192.168.1.50Platform Name : Bung Tomo - 357 ; Platform ID = 29799 X = 117° 51' 42.5" E Y = 00° 30' 57.0" N Z = 0.000 Course = 360.000 Speed = 0.00 Altitude = 0.00
<30 Nov 2025 08:55:19> [TSimMgr_Server.netRecv_Synch_Pos_VBS] Sender : 192.168.1.50Platform Name : Diponegoro - 365 ; Platform ID = 29801 X = 118° 00' 16.1" E Y = 00° 36' 17.3" N Z = 0.000 Course = 360.000 Speed = 0.00 Altitude = 0.00
<30 Nov 2025 08:55:19> [TSimMgr_Server.netRecv_Synch_Pos_VBS] Sender : 192.168.1.50Platform Name : Frans Kaisiepo - 368 ; Platform ID = 29776 X = 117° 47' 54.3" E Y = 00° 34' 29.1" N Z = 0.000 Course = 360.000 Speed = 0.00 Altitude = 0.00
<30 Nov 2025 08:55:19> [TSimMgr_Server.netRecv_Synch_Pos_VBS] Sender : 192.168.1.50Platform Name : I Gusti Ngurah Rai - 332 ; Platform ID = 29777 X = 118° 00' 29.8" E Y = 00° 39' 25.3" N Z = 0.000 Course = 360.000 Speed = 0.00 Altitude = 0.00
<30 Nov 2025 08:55:19> [TSimMgr_Server.netRecv_Synch_Pos_VBS] Sender : 192.168.1.50Platform Name : Karel Satsuitubun - 356 ; Platform ID = 29775 X = 117° 50' 30.4" E Y = 00° 35' 06.3" N Z = 0.000 Course = 0.000 Speed = 0.00 Altitude = 0.00
<30 Nov 2025 08:55:19> [TSimMgr_Server.netRecv_Synch_Pos_VBS] Sender : 192.168.1.50Platform Name : Makassar - 590 ; Platform ID = 29768 X = 117° 54' 48.9" E Y = 00° 33' 00.4" N Z = 0.000 Course = 360.000 Speed = 0.00 Altitude = 0.00
<30 Nov 2025 08:55:19> [TSimMgr_Server.netRecv_Synch_Pos_VBS] Sender : 192.168.1.50Platform Name : Surabaya - 591 ; Platform ID = 29769 X = 117° 51' 17.2" E Y = 00° 35' 08.2" N Z = 0.000 Course = 360.000 Speed = 0.00 Altitude = 0.00
<30 Nov 2025 08:55:19> [TSimMgr_Server.netRecv_Synch_Pos_VBS] Sender : 192.168.1.50Platform Name : Teluk Bintuni - 520 ; Platform ID = 29770 X = 117° 58' 00.6" E Y = 00° 34' 28.2" N Z = 0.000 Course = 0.000 Speed = 0.00 Altitude = 0.00
<30 Nov 2025 08:55:19> [TSimMgr_Server.netRecv_Synch_Pos_VBS] Sender : 192.168.1.50Platform Name : Teluk Wondama - 527 ; Platform ID = 29773 X = 117° 54' 00.2" E Y = 00° 37' 07.4" N Z = 0.000 Course = 0.000 Speed = 0.00 Altitude = 0.00
<30 Nov 2025 08:55:19> [TSimMgr_Server.netRecv_Synch_Pos_VBS] Sender : 192.168.1.50Platform Name : Usman-Harun - 359 ; Platform ID = 29800 X = 117° 48' 41.2" E Y = 00° 31' 15.2" N Z = 0.000 Course = 360.000 Speed = 0.00 Altitude = 0.00
<30 Nov 2025 08:55:19> [TSimMgr_Server.netRecv_Synch_Pos_VBS] Sender : 192.168.1.50Platform Name : Australia - Collins ; Platform ID = 29900 X = 117° 55' 39.7" E Y = 00° 39' 00.9" N Z = 0.000 Course = 0.001 Speed = 0.00 Altitude = 0.00
<30 Nov 2025 08:55:19> [TSimMgr_Server.netRecv_Synch_Pos_VBS] Sender : 192.168.1.50Platform Name : Australia - Collins ; Platform ID = 29900 X = 117° 55' 39.7" E Y = 00° 39' 00.9" N Z = 0.000 Course = 0.001 Speed = 0.00 Altitude = 0.00
<30 Nov 2025 08:55:19> [TSimMgr_Server.netRecv_Synch_Pos_VBS] Sender : 192.168.1.50Platform Name : Australia - Collins ; Platform ID = 29900 X = 117° 55' 39.7" E Y = 00° 39' 00.9" N Z = 0.000 Course = 0.001 Speed = 0.00 Altitude = 0.00
<30 Nov 2025 08:55:19> [TSimMgr_Server.netRecv_Synch_Pos_VBS] Sender : 192.168.1.50Platform Name : Australia - Collins ; Platform ID = 29900 X = 117° 55' 39.7" E Y = 00° 39' 00.9" N Z = 0.000 Course = 0.001 Speed = 0.00 Altitude = 0.00
<30 Nov 2025 08:55:19> [TSimMgr_Server.netRecv_Synch_Pos_VBS] Sender : 192.168.1.50Platform Name : Australia - Collins ; Platform ID = 29900 X = 117° 55' 39.7" E Y = 00° 39' 00.9" N Z = 0.000 Course = 0.001 Speed = 0.00 Altitude = 0.00
<30 Nov 2025 08:55:19> [TSimMgr_Server.netRecv_Synch_Pos_VBS] Sender : 192.168.1.50Platform Name : Australia - Collins ; Platform ID = 29900 X = 117° 55' 39.7" E Y = 00° 39' 00.9" N Z = 0.000 Course = 0.001 Speed = 0.00 Altitude = 0.00
<30 Nov 2025 08:55:19> [TSimMgr_Server.netRecv_Synch_Pos_VBS] Sender : 192.168.1.50Platform Name : Australia - Collins ; Platform ID = 29900 X = 117° 55' 39.7" E Y = 00° 39' 00.9" N Z = 0.000 Course = 0.001 Speed = 0.00 Altitude = 0.00
<30 Nov 2025 08:55:19> [TSimMgr_Server.netRecv_Synch_Pos_VBS] Sender : 192.168.1.50Platform Name : Australia - Collins ; Platform ID = 29900 X = 117° 55' 39.7" E Y = 00° 39' 00.9" N Z = 0.000 Course = 0.001 Speed = 0.00 Altitude = 0.00
<30 Nov 2025 08:55:20> [TSimMgr_Server.netRecv_Synch_Pos_VBS] Sender : 192.168.1.50Platform Name : Ahmad Yani - 351 ; Platform ID = 29774 X = 117° 56' 47.4" E Y = 00° 38' 16.1" N Z = 0.000 Course = 0.000 Speed = 0.00 Altitude = 0.00
<30 Nov 2025 08:55:20> [TSimMgr_Server.netRecv_Synch_Pos_VBS] Sender : 192.168.1.50Platform Name : Bung Tomo - 357 ; Platform ID = 29799 X = 117° 51' 42.5" E Y = 00° 30' 57.0" N Z = 0.000 Course = 360.000 Speed = 0.00 Altitude = 0.00
<30 Nov 2025 08:55:20> [TSimMgr_Server.netRecv_Synch_Pos_VBS] Sender : 192.168.1.50Platform Name : Diponegoro - 365 ; Platform ID = 29801 X = 118° 00' 16.1" E Y = 00° 36' 17.3" N Z = 0.000 Course = 360.000 Speed = 0.00 Altitude = 0.00
<30 Nov 2025 08:55:20> [TSimMgr_Server.netRecv_Synch_Pos_VBS] Sender : 192.168.1.50Platform Name : Frans Kaisiepo - 368 ; Platform ID = 29776 X = 117° 47' 54.3" E Y = 00° 34' 29.1" N Z = 0.000 Course = 360.000 Speed = 0.00 Altitude = 0.00
<30 Nov 2025 08:55:20> [TSimMgr_Server.netRecv_Synch_Pos_VBS] Sender : 192.168.1.50Platform Name : I Gusti Ngurah Rai - 332 ; Platform ID = 29777 X = 118° 00' 29.8" E Y = 00° 39' 25.3" N Z = 0.000 Course = 360.000 Speed = 0.00 Altitude = 0.00
<30 Nov 2025 08:55:20> [TSimMgr_Server.netRecv_Synch_Pos_VBS] Sender : 192.168.1.50Platform Name : Karel Satsuitubun - 356 ; Platform ID = 29775 X = 117° 50' 30.4" E Y = 00° 35' 06.3" N Z = 0.000 Course = 0.000 Speed = 0.00 Altitude = 0.00
<30 Nov 2025 08:55:20> [TSimMgr_Server.netRecv_Synch_Pos_VBS] Sender : 192.168.1.50Platform Name : Makassar - 590 ; Platform ID = 29768 X = 117° 54' 48.9" E Y = 00° 33' 00.4" N Z = 0.000 Course = 360.000 Speed = 0.00 Altitude = 0.00
<30 Nov 2025 08:55:20> [TSimMgr_Server.netRecv_Synch_Pos_VBS] Sender : 192.168.1.50Platform Name : Surabaya - 591 ; Platform ID = 29769 X = 117° 51' 17.2" E Y = 00° 35' 08.2" N Z = 0.000 Course = 360.000 Speed = 0.00 Altitude = 0.00
<30 Nov 2025 08:55:20> [TSimMgr_Server.netRecv_Synch_Pos_VBS] Sender : 192.168.1.50Platform Name : Teluk Bintuni - 520 ; Platform ID = 29770 X = 117° 58' 00.6" E Y = 00° 34' 28.2" N Z = 0.000 Course = 0.000 Speed = 0.00 Altitude = 0.00
<30 Nov 2025 08:55:20> [TSimMgr_Server.netRecv_Synch_Pos_VBS] Sender : 192.168.1.50Platform Name : Teluk Bintuni - 520 ; Platform ID = 29770 X = 117° 58' 00.6" E Y = 00° 34' 28.2" N Z = 0.000 Course = 0.000 Speed = 0.00 Altitude = 0.00
<30 Nov 2025 08:55:20> [TSimMgr_Server.netRecv_Synch_Pos_VBS] Sender : 192.168.1.50Platform Name : Teluk Bintuni - 520 ; Platform ID = 29770 X = 117° 58' 00.6" E Y = 00° 34' 28.2" N Z = 0.000 Course = 0.000 Speed = 0.00 Altitude = 0.00
<30 Nov 2025 08:55:20> [TSimMgr_Server.netRecv_Synch_Pos_VBS] Sender : 192.168.1.50Platform Name : Teluk Bintuni - 520 ; Platform ID = 29770 X = 117° 58' 00.6" E Y = 00° 34' 28.2" N Z = 0.000 Course = 0.000 Speed = 0.00 Altitude = 0.00
<30 Nov 2025 08:55:20> [TSimMgr_Server.netRecv_Synch_Pos_VBS] Sender : 192.168.1.50Platform Name : Teluk Bintuni - 520 ; Platform ID = 29770 X = 117° 58' 00.6" E Y = 00° 34' 28.2" N Z = 0.000 Course = 0.000 Speed = 0.00 Altitude = 0.00
<30 Nov 2025 08:55:20> [TSimMgr_Server.netRecv_Synch_Pos_VBS] Sender : 192.168.1.50Platform Name : Teluk Wondama - 527 ; Platform ID = 29773 X = 117° 54' 00.2" E Y = 00° 37' 07.4" N Z = 0.000 Course = 0.000 Speed = 0.00 Altitude = 0.00
<30 Nov 2025 08:55:20> [TSimMgr_Server.netRecv_Synch_Pos_VBS] Sender : 192.168.1.50Platform Name : Teluk Wondama - 527 ; Platform ID = 29773 X = 117° 54' 00.2" E Y = 00° 37' 07.4" N Z = 0.000 Course = 0.000 Speed = 0.00 Altitude = 0.00
<30 Nov 2025 08:55:20> [TSimMgr_Server.netRecv_Synch_Pos_VBS] Sender : 192.168.1.50Platform Name : Usman-Harun - 359 ; Platform ID = 29800 X = 117° 48' 41.2" E Y = 00° 31' 15.2" N Z = 0.000 Course = 360.000 Speed = 0.00 Altitude = 0.00
<30 Nov 2025 08:55:20> [TSimMgr_Server.netRecv_Synch_Pos_VBS] Sender : 192.168.1.50Platform Name : Australia - Collins ; Platform ID = 29900 X = 117° 55' 39.7" E Y = 00° 39' 00.9" N Z = 0.000 Course = 0.000 Speed = 0.00 Altitude = 0.00
<30 Nov 2025 08:55:20> [TSimMgr_Server.netRecv_Synch_Pos_VBS] Sender : 192.168.1.50Platform Name : Australia - Collins ; Platform ID = 29900 X = 117° 55' 39.7" E Y = 00° 39' 00.9" N Z = 0.000 Course = 0.000 Speed = 0.00 Altitude = 0.00
<30 Nov 2025 08:55:20> [TSimMgr_Server.netRecv_Synch_Pos_VBS] Sender : 192.168.1.50Platform Name : Australia - Collins ; Platform ID = 29900 X = 117° 55' 39.7" E Y = 00° 39' 00.9" N Z = 0.000 Course = 0.000 Speed = 0.00 Altitude = 0.00
<30 Nov 2025 08:55:21> [TSimMgr_Server.netRecv_Synch_Pos_VBS] Sender : 192.168.1.50Platform Name : Ahmad Yani - 351 ; Platform ID = 29774 X = 117° 56' 47.4" E Y = 00° 38' 16.1" N Z = 0.000 Course = 0.000 Speed = 0.00 Altitude = 0.00
<30 Nov 2025 08:55:21> [TSimMgr_Server.netRecv_Synch_Pos_VBS] Sender : 192.168.1.50Platform Name : Bung Tomo - 357 ; Platform ID = 29799 X = 117° 51' 42.5" E Y = 00° 30' 57.0" N Z = 0.000 Course = 360.000 Speed = 0.00 Altitude = 0.00
<30 Nov 2025 08:55:21> [TSimMgr_Server.netRecv_Synch_Pos_VBS] Sender : 192.168.1.50Platform Name : Diponegoro - 365 ; Platform ID = 29801 X = 118° 00' 16.1" E Y = 00° 36' 17.3" N Z = 0.000 Course = 360.000 Speed = 0.00 Altitude = 0.00
<30 Nov 2025 08:55:21> [TSimMgr_Server.netRecv_Synch_Pos_VBS] Sender : 192.168.1.50Platform Name : Frans Kaisiepo - 368 ; Platform ID = 29776 X = 117° 47' 54.3" E Y = 00° 34' 29.1" N Z = 0.000 Course = 360.000 Speed = 0.00 Altitude = 0.00
<30 Nov 2025 08:55:21> [TSimMgr_Server.netRecv_Synch_Pos_VBS] Sender : 192.168.1.50Platform Name : I Gusti Ngurah Rai - 332 ; Platform ID = 29777 X = 118° 00' 29.8" E Y = 00° 39' 25.3" N Z = 0.000 Course = 360.000 Speed = 0.00 Altitude = 0.00
<30 Nov 2025 08:55:21> [TSimMgr_Server.netRecv_Synch_Pos_VBS] Sender : 192.168.1.50Platform Name : Karel Satsuitubun - 356 ; Platform ID = 29775 X = 117° 50' 30.4" E Y = 00° 35' 06.3" N Z = 0.000 Course = 0.000 Speed = 0.00 Altitude = 0.00
<30 Nov 2025 08:55:21> [TSimMgr_Server.netRecv_Synch_Pos_VBS] Sender : 192.168.1.50Platform Name : Makassar - 590 ; Platform ID = 29768 X = 117° 54' 48.9" E Y = 00° 33' 00.4" N Z = 0.000 Course = 360.000 Speed = 0.00 Altitude = 0.00
<30 Nov 2025 08:55:21> [TSimMgr_Server.netRecv_Synch_Pos_VBS] Sender : 192.168.1.50Platform Name : Surabaya - 591 ; Platform ID = 29769 X = 117° 51' 17.2" E Y = 00° 35' 08.2" N Z = 0.000 Course = 360.000 Speed = 0.00 Altitude = 0.00
<30 Nov 2025 08:55:21> [TSimMgr_Server.netRecv_Synch_Pos_VBS] Sender : 192.168.1.50Platform Name : Teluk Bintuni - 520 ; Platform ID = 29770 X = 117° 58' 00.6" E Y = 00° 34' 28.2" N Z = 0.000 Course = 0.000 Speed = 0.00 Altitude = 0.00
<30 Nov 2025 08:55:21> [TSimMgr_Server.netRecv_Synch_Pos_VBS] Sender : 192.168.1.50Platform Name : Teluk Bintuni - 520 ; Platform ID = 29770 X = 117° 58' 00.6" E Y = 00° 34' 28.2" N Z = 0.000 Course = 0.000 Speed = 0.00 Altitude = 0.00
<30 Nov 2025 08:55:21> [TSimMgr_Server.netRecv_Synch_Pos_VBS] Sender : 192.168.1.50Platform Name : Teluk Bintuni - 520 ; Platform ID = 29770 X = 117° 58' 00.6" E Y = 00° 34' 28.2" N Z = 0.000 Course = 0.000 Speed = 0.00 Altitude = 0.00
<30 Nov 2025 08:55:21> [TSimMgr_Server.netRecv_Synch_Pos_VBS] Sender : 192.168.1.50Platform Name : Teluk Wondama - 527 ; Platform ID = 29773 X = 117° 54' 00.2" E Y = 00° 37' 07.4" N Z = 0.000 Course = 0.000 Speed = 0.00 Altitude = 0.00
<30 Nov 2025 08:55:22> [TSimMgr_Server.netRecv_Synch_Pos_VBS] Sender : 192.168.1.50Platform Name : Usman-Harun - 359 ; Platform ID = 29800 X = 117° 48' 41.2" E Y = 00° 31' 15.2" N Z = 0.000 Course = 360.000 Speed = 0.00 Altitude = 0.00
<30 Nov 2025 08:55:22> [TSimMgr_Server.netRecv_Synch_Pos_VBS] Sender : 192.168.1.50Platform Name : Australia - Collins ; Platform ID = 29900 X = 117° 55' 39.7" E Y = 00° 39' 00.9" N Z = 0.000 Course = 359.999 Speed = 0.00 Altitude = 0.00
<30 Nov 2025 08:55:23> [TSimMgr_Server.netRecv_Synch_Pos_VBS] Sender : 192.168.1.50Platform Name : Ahmad Yani - 351 ; Platform ID = 29774 X = 117° 56' 47.4" E Y = 00° 38' 16.1" N Z = 0.000 Course = 0.000 Speed = 0.00 Altitude = 0.00
<30 Nov 2025 08:55:23> [TSimMgr_Server.netRecv_Synch_Pos_VBS] Sender : 192.168.1.50Platform Name : Bung Tomo - 357 ; Platform ID = 29799 X = 117° 51' 42.5" E Y = 00° 30' 57.0" N Z = 0.000 Course = 360.000 Speed = 0.00 Altitude = 0.00
<30 Nov 2025 08:55:23> [TSimMgr_Server.netRecv_Synch_Pos_VBS] Sender : 192.168.1.50Platform Name : Diponegoro - 365 ; Platform ID = 29801 X = 118° 00' 16.1" E Y = 00° 36' 17.3" N Z = 0.000 Course = 360.000 Speed = 0.00 Altitude = 0.00
<30 Nov 2025 08:55:23> [TSimMgr_Server.netRecv_Synch_Pos_VBS] Sender : 192.168.1.50Platform Name : Frans Kaisiepo - 368 ; Platform ID = 29776 X = 117° 47' 54.3" E Y = 00° 34' 29.1" N Z = 0.000 Course = 360.000 Speed = 0.00 Altitude = 0.00
<30 Nov 2025 08:55:23> [TSimMgr_Server.netRecv_Synch_Pos_VBS] Sender : 192.168.1.50Platform Name : I Gusti Ngurah Rai - 332 ; Platform ID = 29777 X = 118° 00' 29.8" E Y = 00° 39' 25.3" N Z = 0.000 Course = 360.000 Speed = 0.00 Altitude = 0.00
<30 Nov 2025 08:55:23> [TSimMgr_Server.netRecv_Synch_Pos_VBS] Sender : 192.168.1.50Platform Name : Karel Satsuitubun - 356 ; Platform ID = 29775 X = 117° 50' 30.4" E Y = 00° 35' 06.3" N Z = 0.000 Course = 0.000 Speed = 0.00 Altitude = 0.00
<30 Nov 2025 08:55:23> [TSimMgr_Server.netRecv_Synch_Pos_VBS] Sender : 192.168.1.50Platform Name : Karel Satsuitubun - 356 ; Platform ID = 29775 X = 117° 50' 30.4" E Y = 00° 35' 06.3" N Z = 0.000 Course = 0.000 Speed = 0.00 Altitude = 0.00
<30 Nov 2025 08:55:23> [TSimMgr_Server.netRecv_Synch_Pos_VBS] Sender : 192.168.1.50Platform Name : Karel Satsuitubun - 356 ; Platform ID = 29775 X = 117° 50' 30.4" E Y = 00° 35' 06.3" N Z = 0.000 Course = 0.000 Speed = 0.00 Altitude = 0.00
<30 Nov 2025 08:55:23> [TSimMgr_Server.netRecv_Synch_Pos_VBS] Sender : 192.168.1.50Platform Name : Karel Satsuitubun - 356 ; Platform ID = 29775 X = 117° 50' 30.4" E Y = 00° 35' 06.3" N Z = 0.000 Course = 0.000 Speed = 0.00 Altitude = 0.00
<30 Nov 2025 08:55:23> [TSimMgr_Server.netRecv_Synch_Pos_VBS] Sender : 192.168.1.50Platform Name : Karel Satsuitubun - 356 ; Platform ID = 29775 X = 117° 50' 30.4" E Y = 00° 35' 06.3" N Z = 0.000 Course = 0.000 Speed = 0.00 Altitude = 0.00
<30 Nov 2025 08:55:23> [TSimMgr_Server.netRecv_Synch_Pos_VBS] Sender : 192.168.1.50Platform Name : Makassar - 590 ; Platform ID = 29768 X = 117° 54' 48.9" E Y = 00° 33' 00.4" N Z = 0.000 Course = 360.000 Speed = 0.00 Altitude = 0.00
<30 Nov 2025 08:55:23> [TSimMgr_Server.netRecv_Synch_Pos_VBS] Sender : 192.168.1.50Platform Name : Makassar - 590 ; Platform ID = 29768 X = 117° 54' 48.9" E Y = 00° 33' 00.4" N Z = 0.000 Course = 360.000 Speed = 0.00 Altitude = 0.00
<30 Nov 2025 08:55:23> [TSimMgr_Server.netRecv_Synch_Pos_VBS] Sender : 192.168.1.50Platform Name : Surabaya - 591 ; Platform ID = 29769 X = 117° 51' 17.2" E Y = 00° 35' 08.2" N Z = 0.000 Course = 360.000 Speed = 0.00 Altitude = 0.00
<30 Nov 2025 08:55:23> [TSimMgr_Server.netRecv_Synch_Pos_VBS] Sender : 192.168.1.50Platform Name : Teluk Bintuni - 520 ; Platform ID = 29770 X = 117° 58' 00.6" E Y = 00° 34' 28.2" N Z = 0.000 Course = 0.000 Speed = 0.00 Altitude = 0.00
<30 Nov 2025 08:55:23> [TSimMgr_Server.netRecv_Synch_Pos_VBS] Sender : 192.168.1.50Platform Name : Teluk Wondama - 527 ; Platform ID = 29773 X = 117° 54' 00.2" E Y = 00° 37' 07.4" N Z = 0.000 Course = 0.000 Speed = 0.00 Altitude = 0.00
<30 Nov 2025 08:55:23> [TSimMgr_Server.netRecv_Synch_Pos_VBS] Sender : 192.168.1.50Platform Name : Usman-Harun - 359 ; Platform ID = 29800 X = 117° 48' 41.2" E Y = 00° 31' 15.2" N Z = 0.000 Course = 360.000 Speed = 0.00 Altitude = 0.00
<30 Nov 2025 08:55:23> [TSimMgr_Server.netRecv_Synch_Pos_VBS] Sender : 192.168.1.50Platform Name : Australia - Collins ; Platform ID = 29900 X = 117° 55' 39.7" E Y = 00° 39' 00.9" N Z = 0.000 Course = 0.001 Speed = 0.00 Altitude = 0.00
<30 Nov 2025 08:55:23> [TSimMgr_Server.netRecv_Synch_Pos_VBS] Sender : 192.168.1.50Platform Name : Australia - Collins ; Platform ID = 29900 X = 117° 55' 39.7" E Y = 00° 39' 00.9" N Z = 0.000 Course = 0.001 Speed = 0.00 Altitude = 0.00
<30 Nov 2025 08:55:23> [TSimMgr_Server.netRecv_Synch_Pos_VBS] Sender : 192.168.1.50Platform Name : Australia - Collins ; Platform ID = 29900 X = 117° 55' 39.7" E Y = 00° 39' 00.9" N Z = 0.000 Course = 0.001 Speed = 0.00 Altitude = 0.00
<30 Nov 2025 08:55:24> [TSimMgr_Server.netRecv_Synch_Pos_VBS] Sender : 192.168.1.50Platform Name : Ahmad Yani - 351 ; Platform ID = 29774 X = 117° 56' 47.4" E Y = 00° 38' 16.1" N Z = 0.000 Course = 0.000 Speed = 0.00 Altitude = 0.00
<30 Nov 2025 08:55:24> [TSimMgr_Server.netRecv_Synch_Pos_VBS] Sender : 192.168.1.50Platform Name : Bung Tomo - 357 ; Platform ID = 29799 X = 117° 51' 42.5" E Y = 00° 30' 57.0" N Z = 0.000 Course = 360.000 Speed = 0.00 Altitude = 0.00
<30 Nov 2025 08:55:24> [TSimMgr_Server.netRecv_Synch_Pos_VBS] Sender : 192.168.1.50Platform Name : Diponegoro - 365 ; Platform ID = 29801 X = 118° 00' 16.1" E Y = 00° 36' 17.3" N Z = 0.000 Course = 360.000 Speed = 0.00 Altitude = 0.00
<30 Nov 2025 08:55:24> [TSimMgr_Server.netRecv_Synch_Pos_VBS] Sender : 192.168.1.50Platform Name : Frans Kaisiepo - 368 ; Platform ID = 29776 X = 117° 47' 54.3" E Y = 00° 34' 29.1" N Z = 0.000 Course = 360.000 Speed = 0.00 Altitude = 0.00
<30 Nov 2025 08:55:24> [TSimMgr_Server.netRecv_Synch_Pos_VBS] Sender : 192.168.1.50Platform Name : I Gusti Ngurah Rai - 332 ; Platform ID = 29777 X = 118° 00' 29.8" E Y = 00° 39' 25.3" N Z = 0.000 Course = 360.000 Speed = 0.00 Altitude = 0.00
<30 Nov 2025 08:55:24> [TSimMgr_Server.netRecv_Synch_Pos_VBS] Sender : 192.168.1.50Platform Name : Karel Satsuitubun - 356 ; Platform ID = 29775 X = 117° 50' 30.4" E Y = 00° 35' 06.3" N Z = 0.000 Course = 0.000 Speed = 0.00 Altitude = 0.00
<30 Nov 2025 08:55:24> [TSimMgr_Server.netRecv_Synch_Pos_VBS] Sender : 192.168.1.50Platform Name : Makassar - 590 ; Platform ID = 29768 X = 117° 54' 48.9" E Y = 00° 33' 00.4" N Z = 0.000 Course = 360.000 Speed = 0.00 Altitude = 0.00
<30 Nov 2025 08:55:24> [TSimMgr_Server.netRecv_Synch_Pos_VBS] Sender : 192.168.1.50Platform Name : Surabaya - 591 ; Platform ID = 29769 X = 117° 51' 17.2" E Y = 00° 35' 08.2" N Z = 0.000 Course = 360.000 Speed = 0.00 Altitude = 0.00
<30 Nov 2025 08:55:24> [TSimMgr_Server.netRecv_Synch_Pos_VBS] Sender : 192.168.1.50Platform Name : Teluk Bintuni - 520 ; Platform ID = 29770 X = 117° 58' 00.6" E Y = 00° 34' 28.2" N Z = 0.000 Course = 0.000 Speed = 0.00 Altitude = 0.00
<30 Nov 2025 08:55:24> [TSimMgr_Server.netRecv_Synch_Pos_VBS] Sender : 192.168.1.50Platform Name : Teluk Bintuni - 520 ; Platform ID = 29770 X = 117° 58' 00.6" E Y = 00° 34' 28.2" N Z = 0.000 Course = 0.000 Speed = 0.00 Altitude = 0.00
<30 Nov 2025 08:55:24> [TSimMgr_Server.netRecv_Synch_Pos_VBS] Sender : 192.168.1.50Platform Name : Teluk Bintuni - 520 ; Platform ID = 29770 X = 117° 58' 00.6" E Y = 00° 34' 28.2" N Z = 0.000 Course = 0.000 Speed = 0.00 Altitude = 0.00
<30 Nov 2025 08:55:24> [TSimMgr_Server.netRecv_Synch_Pos_VBS] Sender : 192.168.1.50Platform Name : Teluk Bintuni - 520 ; Platform ID = 29770 X = 117° 58' 00.6" E Y = 00° 34' 28.2" N Z = 0.000 Course = 0.000 Speed = 0.00 Altitude = 0.00
<30 Nov 2025 08:55:24> [TSimMgr_Server.netRecv_Synch_Pos_VBS] Sender : 192.168.1.50Platform Name : Teluk Bintuni - 520 ; Platform ID = 29770 X = 117° 58' 00.6" E Y = 00° 34' 28.2" N Z = 0.000 Course = 0.000 Speed = 0.00 Altitude = 0.00
<30 Nov 2025 08:55:24> [TSimMgr_Server.netRecv_Synch_Pos_VBS] Sender : 192.168.1.50Platform Name : Teluk Wondama - 527 ; Platform ID = 29773 X = 117° 54' 00.2" E Y = 00° 37' 07.4" N Z = 0.000 Course = 0.000 Speed = 0.00 Altitude = 0.00
<30 Nov 2025 08:55:24> [TSimMgr_Server.netRecv_Synch_Pos_VBS] Sender : 192.168.1.50Platform Name : Teluk Wondama - 527 ; Platform ID = 29773 X = 117° 54' 00.2" E Y = 00° 37' 07.4" N Z = 0.000 Course = 0.000 Speed = 0.00 Altitude = 0.00
<30 Nov 2025 08:55:24> [TSimMgr_Server.netRecv_Synch_Pos_VBS] Sender : 192.168.1.50Platform Name : Usman-Harun - 359 ; Platform ID = 29800 X = 117° 48' 41.2" E Y = 00° 31' 15.2" N Z = 0.000 Course = 360.000 Speed = 0.00 Altitude = 0.00
<30 Nov 2025 08:55:24> [TSimMgr_Server.netRecv_Synch_Pos_VBS] Sender : 192.168.1.50Platform Name : Australia - Collins ; Platform ID = 29900 X = 117° 55' 39.7" E Y = 00° 39' 00.9" N Z = 0.000 Course = 0.000 Speed = 0.00 Altitude = 0.00
<30 Nov 2025 08:55:25> [TSimMgr_Client.LogEventRecv] <0031> CPID_UDP_PLATFORM_MOVE
<30 Nov 2025 08:55:25> [TSimMgr_Client.LogEventRecv] <0031> CPID_UDP_PLATFORM_MOVE
<30 Nov 2025 08:55:25> [TSimMgr_Client.LogEventRecv] <0031> CPID_UDP_PLATFORM_MOVE
<30 Nov 2025 08:55:25> [TSimMgr_Client.LogEventRecv] <0031> CPID_UDP_PLATFORM_MOVE
<30 Nov 2025 08:55:25> [TSimMgr_Client.LogEventRecv] <0031> CPID_UDP_PLATFORM_MOVE
<30 Nov 2025 08:55:25> [TSimMgr_Client.LogEventRecv] <0031> CPID_UDP_PLATFORM_MOVE
<30 Nov 2025 08:55:25> [TSimMgr_Client.LogEventRecv] <0031> CPID_UDP_PLATFORM_MOVE
<30 Nov 2025 08:55:25> [TSimMgr_Client.LogEventRecv] <0031> CPID_UDP_PLATFORM_MOVE
<30 Nov 2025 08:55:25> [TSimMgr_Client.LogEventRecv] <0031> CPID_UDP_PLATFORM_MOVE
<30 Nov 2025 08:55:25> [TSimMgr_Client.LogEventRecv] <0031> CPID_UDP_PLATFORM_MOVE
<30 Nov 2025 08:55:25> [TSimMgr_Client.LogEventRecv] <0031> CPID_UDP_PLATFORM_MOVE
<30 Nov 2025 08:55:25> [TSimMgr_Client.LogEventRecv] <0031> CPID_UDP_PLATFORM_MOVE
<30 Nov 2025 08:55:25> [TSimMgr_Client.LogEventRecv] <0031> CPID_UDP_PLATFORM_MOVE
<30 Nov 2025 08:55:25> [TSimMgr_Client.LogEventRecv] <0031> CPID_UDP_PLATFORM_MOVE
<30 Nov 2025 08:55:25> [TSimMgr_Client.LogEventRecv] <0031> CPID_UDP_PLATFORM_MOVE
<30 Nov 2025 08:55:25> [TSimMgr_Client.LogEventRecv] <0031> CPID_UDP_PLATFORM_MOVE
<30 Nov 2025 08:55:25> [TSimMgr_Client.LogEventRecv] <0031> CPID_UDP_PLATFORM_MOVE
<30 Nov 2025 08:55:25> [TSimMgr_Client.LogEventRecv] <0031> CPID_UDP_PLATFORM_MOVE
<30 Nov 2025 08:55:25> [TSimMgr_Client.LogEventRecv] <0031> CPID_UDP_PLATFORM_MOVE
<30 Nov 2025 08:55:25> [TSimMgr_Client.LogEventRecv] <0031> CPID_UDP_PLATFORM_MOVE
<30 Nov 2025 08:55:25> [TSimMgr_Client.LogEventRecv] <0031> CPID_UDP_PLATFORM_MOVE
<30 Nov 2025 08:55:25> [TSimMgr_Client.LogEventRecv] <0031> CPID_UDP_PLATFORM_MOVE
<30 Nov 2025 08:55:25> [TSimMgr_Client.LogEventRecv] <0031> CPID_UDP_PLATFORM_MOVE
<30 Nov 2025 08:55:25> [TSimMgr_Client.LogEventRecv] <0031> CPID_UDP_PLATFORM_MOVE
<30 Nov 2025 08:55:25> [TSimMgr_Client.LogEventRecv] <0031> CPID_UDP_PLATFORM_MOVE
<30 Nov 2025 08:55:25> [TSimMgr_Client.LogEventRecv] <0031> CPID_UDP_PLATFORM_MOVE
<30 Nov 2025 08:55:25> [TSimMgr_Client.LogEventRecv] <0031> CPID_UDP_PLATFORM_MOVE
<30 Nov 2025 08:55:25> [TSimMgr_Client.LogEventRecv] <0031> CPID_UDP_PLATFORM_MOVE
<30 Nov 2025 08:55:25> [TSimMgr_Client.LogEventRecv] <0031> CPID_UDP_PLATFORM_MOVE
<30 Nov 2025 08:55:25> [TSimMgr_Client.LogEventRecv] <0031> CPID_UDP_PLATFORM_MOVE
<30 Nov 2025 08:55:25> [TSimMgr_Client.LogEventRecv] <0031> CPID_UDP_PLATFORM_MOVE
<30 Nov 2025 08:55:25> [TSimMgr_Client.LogEventRecv] <0031> CPID_UDP_PLATFORM_MOVE
<30 Nov 2025 08:55:25> [TSimMgr_Client.LogEventRecv] <0031> CPID_UDP_PLATFORM_MOVE
<30 Nov 2025 08:55:25> [TSimMgr_Client.LogEventRecv] <0031> CPID_UDP_PLATFORM_MOVE
<30 Nov 2025 08:55:25> [TSimMgr_Client.LogEventRecv] <0031> CPID_UDP_PLATFORM_MOVE
<30 Nov 2025 08:55:25> [TSimMgr_Client.LogEventRecv] <0031> CPID_UDP_PLATFORM_MOVE
<30 Nov 2025 08:55:25> [TSimMgr_Client.LogEventRecv] <0031> CPID_UDP_PLATFORM_MOVE
<30 Nov 2025 08:55:25> [TSimMgr_Client.LogEventRecv] <0031> CPID_UDP_PLATFORM_MOVE
<30 Nov 2025 08:55:25> [TSimMgr_Client.LogEventRecv] <0031> CPID_UDP_PLATFORM_MOVE
<30 Nov 2025 08:55:25> [TSimMgr_Client.LogEventRecv] <0031> CPID_UDP_PLATFORM_MOVE
<30 Nov 2025 08:55:25> [TSimMgr_Client.LogEventRecv] <0031> CPID_UDP_PLATFORM_MOVE
<30 Nov 2025 08:55:25> [TSimMgr_Client.LogEventRecv] <0031> CPID_UDP_PLATFORM_MOVE
<30 Nov 2025 08:55:25> [TSimMgr_Client.LogEventRecv] <0031> CPID_UDP_PLATFORM_MOVE
<30 Nov 2025 08:55:25> [TSimMgr_Client.LogEventRecv] <0031> CPID_UDP_PLATFORM_MOVE
<30 Nov 2025 08:55:25> [TSimMgr_Client.LogEventRecv] <0031> CPID_UDP_PLATFORM_MOVE
<30 Nov 2025 08:55:25> [TSimMgr_Client.LogEventRecv] <0031> CPID_UDP_PLATFORM_MOVE
<30 Nov 2025 08:55:25> [TSimMgr_Client.LogEventRecv] <0031> CPID_UDP_PLATFORM_MOVE
<30 Nov 2025 08:55:25> [TSimMgr_Client.LogEventRecv] <0031> CPID_UDP_PLATFORM_MOVE
<30 Nov 2025 08:55:25> [TSimMgr_Client.LogEventRecv] <0031> CPID_UDP_PLATFORM_MOVE
<30 Nov 2025 08:55:25> [TSimMgr_Client.LogEventRecv] <0031> CPID_UDP_PLATFORM_MOVE
<30 Nov 2025 08:55:25> [TSimMgr_Client.LogEventRecv] <0031> CPID_UDP_PLATFORM_MOVE
<30 Nov 2025 08:55:25> [TSimMgr_Server.netRecv_Synch_Pos_VBS] Sender : 192.168.1.50Platform Name : Ahmad Yani - 351 ; Platform ID = 29774 X = 117° 56' 47.4" E Y = 00° 38' 16.1" N Z = 0.000 Course = 0.000 Speed = 0.00 Altitude = 0.00
<30 Nov 2025 08:55:25> [TSimMgr_Server.netRecv_Synch_Pos_VBS] Sender : 192.168.1.50Platform Name : Bung Tomo - 357 ; Platform ID = 29799 X = 117° 51' 42.5" E Y = 00° 30' 57.0" N Z = 0.000 Course = 360.000 Speed = 0.00 Altitude = 0.00
<30 Nov 2025 08:55:25> [TSimMgr_Server.netRecv_Synch_Pos_VBS] Sender : 192.168.1.50Platform Name : Diponegoro - 365 ; Platform ID = 29801 X = 118° 00' 16.1" E Y = 00° 36' 17.3" N Z = 0.000 Course = 360.000 Speed = 0.00 Altitude = 0.00
<30 Nov 2025 08:55:25> [TSimMgr_Server.netRecv_Synch_Pos_VBS] Sender : 192.168.1.50Platform Name : Frans Kaisiepo - 368 ; Platform ID = 29776 X = 117° 47' 54.3" E Y = 00° 34' 29.1" N Z = 0.000 Course = 360.000 Speed = 0.00 Altitude = 0.00
<30 Nov 2025 08:55:25> [TSimMgr_Server.netRecv_Synch_Pos_VBS] Sender : 192.168.1.50Platform Name : I Gusti Ngurah Rai - 332 ; Platform ID = 29777 X = 118° 00' 29.8" E Y = 00° 39' 25.3" N Z = 0.000 Course = 360.000 Speed = 0.00 Altitude = 0.00
<30 Nov 2025 08:55:25> [TSimMgr_Server.netRecv_Synch_Pos_VBS] Sender : 192.168.1.50Platform Name : Karel Satsuitubun - 356 ; Platform ID = 29775 X = 117° 50' 30.4" E Y = 00° 35' 06.3" N Z = 0.000 Course = 0.000 Speed = 0.00 Altitude = 0.00
<30 Nov 2025 08:55:25> [TSimMgr_Server.netRecv_Synch_Pos_VBS] Sender : 192.168.1.50Platform Name : Karel Satsuitubun - 356 ; Platform ID = 29775 X = 117° 50' 30.4" E Y = 00° 35' 06.3" N Z = 0.000 Course = 0.000 Speed = 0.00 Altitude = 0.00
<30 Nov 2025 08:55:25> [TSimMgr_Server.netRecv_Synch_Pos_VBS] Sender : 192.168.1.50Platform Name : Karel Satsuitubun - 356 ; Platform ID = 29775 X = 117° 50' 30.4" E Y = 00° 35' 06.3" N Z = 0.000 Course = 0.000 Speed = 0.00 Altitude = 0.00
<30 Nov 2025 08:55:25> [TSimMgr_Server.netRecv_Synch_Pos_VBS] Sender : 192.168.1.50Platform Name : Karel Satsuitubun - 356 ; Platform ID = 29775 X = 117° 50' 30.4" E Y = 00° 35' 06.3" N Z = 0.000 Course = 0.000 Speed = 0.00 Altitude = 0.00
<30 Nov 2025 08:55:25> [TSimMgr_Server.netRecv_Synch_Pos_VBS] Sender : 192.168.1.50Platform Name : Makassar - 590 ; Platform ID = 29768 X = 117° 54' 48.9" E Y = 00° 33' 00.4" N Z = 0.000 Course = 360.000 Speed = 0.00 Altitude = 0.00
<30 Nov 2025 08:55:25> [TSimMgr_Server.netRecv_Synch_Pos_VBS] Sender : 192.168.1.50Platform Name : Surabaya - 591 ; Platform ID = 29769 X = 117° 51' 17.2" E Y = 00° 35' 08.2" N Z = 0.000 Course = 360.000 Speed = 0.00 Altitude = 0.00
<30 Nov 2025 08:55:25> [TSimMgr_Server.netRecv_Synch_Pos_VBS] Sender : 192.168.1.50Platform Name : Teluk Bintuni - 520 ; Platform ID = 29770 X = 117° 58' 00.6" E Y = 00° 34' 28.2" N Z = 0.000 Course = 0.000 Speed = 0.00 Altitude = 0.00
<30 Nov 2025 08:55:25> [TSimMgr_Server.netRecv_Synch_Pos_VBS] Sender : 192.168.1.50Platform Name : Teluk Wondama - 527 ; Platform ID = 29773 X = 117° 54' 00.2" E Y = 00° 37' 07.4" N Z = 0.000 Course = 0.000 Speed = 0.00 Altitude = 0.00
<30 Nov 2025 08:55:26> [TSimMgr_Server.netRecv_Synch_Pos_VBS] Sender : 192.168.1.50Platform Name : Usman-Harun - 359 ; Platform ID = 29800 X = 117° 48' 41.2" E Y = 00° 31' 15.2" N Z = 0.000 Course = 360.000 Speed = 0.00 Altitude = 0.00
<30 Nov 2025 08:55:26> [TSimMgr_Server.netRecv_Synch_Pos_VBS] Sender : 192.168.1.50Platform Name : Australia - Collins ; Platform ID = 29900 X = 117° 55' 39.7" E Y = 00° 39' 00.9" N Z = 0.000 Course = 359.999 Speed = 0.00 Altitude = 0.00
<30 Nov 2025 08:55:26> [TSimMgr_Server.netRecv_Synch_Pos_VBS] Sender : 192.168.1.50Platform Name : Australia - Collins ; Platform ID = 29900 X = 117° 55' 39.7" E Y = 00° 39' 00.9" N Z = 0.000 Course = 359.999 Speed = 0.00 Altitude = 0.00
<30 Nov 2025 08:55:26> [TSimMgr_Server.netRecv_Synch_Pos_VBS] Sender : 192.168.1.50Platform Name : Australia - Collins ; Platform ID = 29900 X = 117° 55' 39.7" E Y = 00° 39' 00.9" N Z = 0.000 Course = 359.999 Speed = 0.00 Altitude = 0.00
<30 Nov 2025 08:55:27> [TSimMgr_Server.netRecv_Synch_Pos_VBS] Sender : 192.168.1.50Platform Name : Ahmad Yani - 351 ; Platform ID = 29774 X = 117° 56' 47.4" E Y = 00° 38' 16.1" N Z = 0.000 Course = 0.000 Speed = 0.00 Altitude = 0.00
<30 Nov 2025 08:55:27> [TSimMgr_Server.netRecv_Synch_Pos_VBS] Sender : 192.168.1.50Platform Name : Bung Tomo - 357 ; Platform ID = 29799 X = 117° 51' 42.5" E Y = 00° 30' 57.0" N Z = 0.000 Course = 360.000 Speed = 0.00 Altitude = 0.00
<30 Nov 2025 08:55:27> [TSimMgr_Server.netRecv_Synch_Pos_VBS] Sender : 192.168.1.50Platform Name : Diponegoro - 365 ; Platform ID = 29801 X = 118° 00' 16.1" E Y = 00° 36' 17.3" N Z = 0.000 Course = 360.000 Speed = 0.00 Altitude = 0.00
<30 Nov 2025 08:55:27> [TSimMgr_Server.netRecv_Synch_Pos_VBS] Sender : 192.168.1.50Platform Name : Frans Kaisiepo - 368 ; Platform ID = 29776 X = 117° 47' 54.3" E Y = 00° 34' 29.1" N Z = 0.000 Course = 360.000 Speed = 0.00 Altitude = 0.00
<30 Nov 2025 08:55:27> [TSimMgr_Server.netRecv_Synch_Pos_VBS] Sender : 192.168.1.50Platform Name : Frans Kaisiepo - 368 ; Platform ID = 29776 X = 117° 47' 54.3" E Y = 00° 34' 29.1" N Z = 0.000 Course = 360.000 Speed = 0.00 Altitude = 0.00
<30 Nov 2025 08:55:27> [TSimMgr_Server.netRecv_Synch_Pos_VBS] Sender : 192.168.1.50Platform Name : I Gusti Ngurah Rai - 332 ; Platform ID = 29777 X = 118° 00' 29.8" E Y = 00° 39' 25.3" N Z = 0.000 Course = 360.000 Speed = 0.00 Altitude = 0.00
<30 Nov 2025 08:55:27> [TSimMgr_Server.netRecv_Synch_Pos_VBS] Sender : 192.168.1.50Platform Name : Karel Satsuitubun - 356 ; Platform ID = 29775 X = 117° 50' 30.4" E Y = 00° 35' 06.3" N Z = 0.000 Course = 0.000 Speed = 0.00 Altitude = 0.00
<30 Nov 2025 08:55:27> [TSimMgr_Server.netRecv_Synch_Pos_VBS] Sender : 192.168.1.50Platform Name : Karel Satsuitubun - 356 ; Platform ID = 29775 X = 117° 50' 30.4" E Y = 00° 35' 06.3" N Z = 0.000 Course = 0.000 Speed = 0.00 Altitude = 0.00
<30 Nov 2025 08:55:27> [TSimMgr_Server.netRecv_Synch_Pos_VBS] Sender : 192.168.1.50Platform Name : Makassar - 590 ; Platform ID = 29768 X = 117° 54' 48.9" E Y = 00° 33' 00.4" N Z = 0.000 Course = 360.000 Speed = 0.00 Altitude = 0.00
<30 Nov 2025 08:55:27> [TSimMgr_Server.netRecv_Synch_Pos_VBS] Sender : 192.168.1.50Platform Name : Surabaya - 591 ; Platform ID = 29769 X = 117° 51' 17.2" E Y = 00° 35' 08.2" N Z = 0.000 Course = 360.000 Speed = 0.00 Altitude = 0.00
<30 Nov 2025 08:55:27> [TSimMgr_Server.netRecv_Synch_Pos_VBS] Sender : 192.168.1.50Platform Name : Teluk Bintuni - 520 ; Platform ID = 29770 X = 117° 58' 00.6" E Y = 00° 34' 28.2" N Z = 0.000 Course = 0.000 Speed = 0.00 Altitude = 0.00
<30 Nov 2025 08:55:27> [TSimMgr_Server.netRecv_Synch_Pos_VBS] Sender : 192.168.1.50Platform Name : Teluk Wondama - 527 ; Platform ID = 29773 X = 117° 54' 00.2" E Y = 00° 37' 07.4" N Z = 0.000 Course = 0.000 Speed = 0.00 Altitude = 0.00
<30 Nov 2025 08:55:27> [TSimMgr_Server.netRecv_Synch_Pos_VBS] Sender : 192.168.1.50Platform Name : Usman-Harun - 359 ; Platform ID = 29800 X = 117° 48' 41.2" E Y = 00° 31' 15.2" N Z = 0.000 Course = 360.000 Speed = 0.00 Altitude = 0.00
<30 Nov 2025 08:55:27> [TSimMgr_Server.netRecv_Synch_Pos_VBS] Sender : 192.168.1.50Platform Name : Australia - Collins ; Platform ID = 29900 X = 117° 55' 39.7" E Y = 00° 39' 00.9" N Z = 0.000 Course = 0.001 Speed = 0.00 Altitude = 0.00
<30 Nov 2025 08:55:27> [TSimMgr_Server.netRecv_Synch_Pos_VBS] Sender : 192.168.1.50Platform Name : Australia - Collins ; Platform ID = 29900 X = 117° 55' 39.7" E Y = 00° 39' 00.9" N Z = 0.000 Course = 0.001 Speed = 0.00 Altitude = 0.00
<30 Nov 2025 08:55:27> [TSimMgr_Server.netRecv_Synch_Pos_VBS] Sender : 192.168.1.50Platform Name : Australia - Collins ; Platform ID = 29900 X = 117° 55' 39.7" E Y = 00° 39' 00.9" N Z = 0.000 Course = 0.001 Speed = 0.00 Altitude = 0.00
<30 Nov 2025 08:55:27> [TSimMgr_Server.netRecv_Synch_Pos_VBS] Sender : 192.168.1.50Platform Name : Australia - Collins ; Platform ID = 29900 X = 117° 55' 39.7" E Y = 00° 39' 00.9" N Z = 0.000 Course = 0.001 Speed = 0.00 Altitude = 0.00
<30 Nov 2025 08:55:27> [TSimMgr_Server.netRecv_Synch_Pos_VBS] Sender : 192.168.1.50Platform Name : Australia - Collins ; Platform ID = 29900 X = 117° 55' 39.7" E Y = 00° 39' 00.9" N Z = 0.000 Course = 0.001 Speed = 0.00 Altitude = 0.00
<30 Nov 2025 08:55:28> [TSimMgr_Server.netRecv_Synch_Pos_VBS] Sender : 192.168.1.50Platform Name : Ahmad Yani - 351 ; Platform ID = 29774 X = 117° 56' 47.4" E Y = 00° 38' 16.1" N Z = 0.000 Course = 0.000 Speed = 0.00 Altitude = 0.00
<30 Nov 2025 08:55:28> [TSimMgr_Server.netRecv_Synch_Pos_VBS] Sender : 192.168.1.50Platform Name : Bung Tomo - 357 ; Platform ID = 29799 X = 117° 51' 42.5" E Y = 00° 30' 57.0" N Z = 0.000 Course = 360.000 Speed = 0.00 Altitude = 0.00
<30 Nov 2025 08:55:28> [TSimMgr_Server.netRecv_Synch_Pos_VBS] Sender : 192.168.1.50Platform Name : Diponegoro - 365 ; Platform ID = 29801 X = 118° 00' 16.1" E Y = 00° 36' 17.3" N Z = 0.000 Course = 360.000 Speed = 0.00 Altitude = 0.00
<30 Nov 2025 08:55:28> [TSimMgr_Server.netRecv_Synch_Pos_VBS] Sender : 192.168.1.50Platform Name : Diponegoro - 365 ; Platform ID = 29801 X = 118° 00' 16.1" E Y = 00° 36' 17.3" N Z = 0.000 Course = 360.000 Speed = 0.00 Altitude = 0.00
<30 Nov 2025 08:55:28> [TSimMgr_Server.netRecv_Synch_Pos_VBS] Sender : 192.168.1.50Platform Name : Diponegoro - 365 ; Platform ID = 29801 X = 118° 00' 16.1" E Y = 00° 36' 17.3" N Z = 0.000 Course = 360.000 Speed = 0.00 Altitude = 0.00
<30 Nov 2025 08:55:28> [TSimMgr_Server.netRecv_Synch_Pos_VBS] Sender : 192.168.1.50Platform Name : Frans Kaisiepo - 368 ; Platform ID = 29776 X = 117° 47' 54.3" E Y = 00° 34' 29.1" N Z = 0.000 Course = 360.000 Speed = 0.00 Altitude = 0.00
<30 Nov 2025 08:55:28> [TSimMgr_Server.netRecv_Synch_Pos_VBS] Sender : 192.168.1.50Platform Name : I Gusti Ngurah Rai - 332 ; Platform ID = 29777 X = 118° 00' 29.8" E Y = 00° 39' 25.3" N Z = 0.000 Course = 360.000 Speed = 0.00 Altitude = 0.00
<30 Nov 2025 08:55:28> [TSimMgr_Server.netRecv_Synch_Pos_VBS] Sender : 192.168.1.50Platform Name : Karel Satsuitubun - 356 ; Platform ID = 29775 X = 117° 50' 30.4" E Y = 00° 35' 06.3" N Z = 0.000 Course = 0.000 Speed = 0.00 Altitude = 0.00
<30 Nov 2025 08:55:28> [TSimMgr_Server.netRecv_Synch_Pos_VBS] Sender : 192.168.1.50Platform Name : Makassar - 590 ; Platform ID = 29768 X = 117° 54' 48.9" E Y = 00° 33' 00.4" N Z = 0.000 Course = 360.000 Speed = 0.00 Altitude = 0.00
<30 Nov 2025 08:55:28> [TSimMgr_Server.netRecv_Synch_Pos_VBS] Sender : 192.168.1.50Platform Name : Surabaya - 591 ; Platform ID = 29769 X = 117° 51' 17.2" E Y = 00° 35' 08.2" N Z = 0.000 Course = 360.000 Speed = 0.00 Altitude = 0.00
<30 Nov 2025 08:55:28> [TSimMgr_Server.netRecv_Synch_Pos_VBS] Sender : 192.168.1.50Platform Name : Teluk Bintuni - 520 ; Platform ID = 29770 X = 117° 58' 00.6" E Y = 00° 34' 28.2" N Z = 0.000 Course = 0.000 Speed = 0.00 Altitude = 0.00
<30 Nov 2025 08:55:28> [TSimMgr_Server.netRecv_Synch_Pos_VBS] Sender : 192.168.1.50Platform Name : Teluk Bintuni - 520 ; Platform ID = 29770 X = 117° 58' 00.6" E Y = 00° 34' 28.2" N Z = 0.000 Course = 0.000 Speed = 0.00 Altitude = 0.00
<30 Nov 2025 08:55:28> [TSimMgr_Server.netRecv_Synch_Pos_VBS] Sender : 192.168.1.50Platform Name : Teluk Wondama - 527 ; Platform ID = 29773 X = 117° 54' 00.2" E Y = 00° 37' 07.4" N Z = 0.000 Course = 0.000 Speed = 0.00 Altitude = 0.00
<30 Nov 2025 08:55:28> [TSimMgr_Server.netRecv_Synch_Pos_VBS] Sender : 192.168.1.50Platform Name : Teluk Wondama - 527 ; Platform ID = 29773 X = 117° 54' 00.2" E Y = 00° 37' 07.4" N Z = 0.000 Course = 0.000 Speed = 0.00 Altitude = 0.00
<30 Nov 2025 08:55:28> [TSimMgr_Server.netRecv_Synch_Pos_VBS] Sender : 192.168.1.50Platform Name : Teluk Wondama - 527 ; Platform ID = 29773 X = 117° 54' 00.2" E Y = 00° 37' 07.4" N Z = 0.000 Course = 0.000 Speed = 0.00 Altitude = 0.00
<30 Nov 2025 08:55:28> [TSimMgr_Server.netRecv_Synch_Pos_VBS] Sender : 192.168.1.50Platform Name : Usman-Harun - 359 ; Platform ID = 29800 X = 117° 48' 41.2" E Y = 00° 31' 15.2" N Z = 0.000 Course = 360.000 Speed = 0.00 Altitude = 0.00
<30 Nov 2025 08:55:28> [TSimMgr_Server.netRecv_Synch_Pos_VBS] Sender : 192.168.1.50Platform Name : Australia - Collins ; Platform ID = 29900 X = 117° 55' 39.7" E Y = 00° 39' 00.9" N Z = 0.000 Course = 359.997 Speed = 0.00 Altitude = 0.00
<30 Nov 2025 08:55:29> [TSimMgr_Server.netRecv_Synch_Pos_VBS] Sender : 192.168.1.50Platform Name : Ahmad Yani - 351 ; Platform ID = 29774 X = 117° 56' 47.4" E Y = 00° 38' 16.1" N Z = 0.000 Course = 0.000 Speed = 0.00 Altitude = 0.00
<30 Nov 2025 08:55:29> [TSimMgr_Server.netRecv_Synch_Pos_VBS] Sender : 192.168.1.50Platform Name : Bung Tomo - 357 ; Platform ID = 29799 X = 117° 51' 42.5" E Y = 00° 30' 57.0" N Z = 0.000 Course = 360.000 Speed = 0.00 Altitude = 0.00
<30 Nov 2025 08:55:29> [TSimMgr_Server.netRecv_Synch_Pos_VBS] Sender : 192.168.1.50Platform Name : Diponegoro - 365 ; Platform ID = 29801 X = 118° 00' 16.1" E Y = 00° 36' 17.3" N Z = 0.000 Course = 360.000 Speed = 0.00 Altitude = 0.00
<30 Nov 2025 08:55:29> [TSimMgr_Server.netRecv_Synch_Pos_VBS] Sender : 192.168.1.50Platform Name : Frans Kaisiepo - 368 ; Platform ID = 29776 X = 117° 47' 54.3" E Y = 00° 34' 29.1" N Z = 0.000 Course = 360.000 Speed = 0.00 Altitude = 0.00
<30 Nov 2025 08:55:29> [TSimMgr_Server.netRecv_Synch_Pos_VBS] Sender : 192.168.1.50Platform Name : Frans Kaisiepo - 368 ; Platform ID = 29776 X = 117° 47' 54.3" E Y = 00° 34' 29.1" N Z = 0.000 Course = 360.000 Speed = 0.00 Altitude = 0.00
<30 Nov 2025 08:55:29> [TSimMgr_Server.netRecv_Synch_Pos_VBS] Sender : 192.168.1.50Platform Name : Frans Kaisiepo - 368 ; Platform ID = 29776 X = 117° 47' 54.3" E Y = 00° 34' 29.1" N Z = 0.000 Course = 360.000 Speed = 0.00 Altitude = 0.00
<30 Nov 2025 08:55:29> [TSimMgr_Server.netRecv_Synch_Pos_VBS] Sender : 192.168.1.50Platform Name : I Gusti Ngurah Rai - 332 ; Platform ID = 29777 X = 118° 00' 29.8" E Y = 00° 39' 25.3" N Z = 0.000 Course = 360.000 Speed = 0.00 Altitude = 0.00
<30 Nov 2025 08:55:29> [TSimMgr_Server.netRecv_Synch_Pos_VBS] Sender : 192.168.1.50Platform Name : Karel Satsuitubun - 356 ; Platform ID = 29775 X = 117° 50' 30.4" E Y = 00° 35' 06.3" N Z = 0.000 Course = 0.000 Speed = 0.00 Altitude = 0.00
<30 Nov 2025 08:55:29> [TSimMgr_Server.netRecv_Synch_Pos_VBS] Sender : 192.168.1.50Platform Name : Makassar - 590 ; Platform ID = 29768 X = 117° 54' 48.9" E Y = 00° 33' 00.4" N Z = 0.000 Course = 360.000 Speed = 0.00 Altitude = 0.00
<30 Nov 2025 08:55:29> [TSimMgr_Server.netRecv_Synch_Pos_VBS] Sender : 192.168.1.50Platform Name : Surabaya - 591 ; Platform ID = 29769 X = 117° 51' 17.2" E Y = 00° 35' 08.2" N Z = 0.000 Course = 360.000 Speed = 0.00 Altitude = 0.00
<30 Nov 2025 08:55:29> [TSimMgr_Server.netRecv_Synch_Pos_VBS] Sender : 192.168.1.50Platform Name : Teluk Bintuni - 520 ; Platform ID = 29770 X = 117° 58' 00.6" E Y = 00° 34' 28.2" N Z = 0.000 Course = 0.000 Speed = 0.00 Altitude = 0.00
<30 Nov 2025 08:55:29> [TSimMgr_Server.netRecv_Synch_Pos_VBS] Sender : 192.168.1.50Platform Name : Teluk Wondama - 527 ; Platform ID = 29773 X = 117° 54' 00.2" E Y = 00° 37' 07.4" N Z = 0.000 Course = 0.000 Speed = 0.00 Altitude = 0.00
<30 Nov 2025 08:55:29> [TSimMgr_Server.netRecv_Synch_Pos_VBS] Sender : 192.168.1.50Platform Name : Teluk Wondama - 527 ; Platform ID = 29773 X = 117° 54' 00.2" E Y = 00° 37' 07.4" N Z = 0.000 Course = 0.000 Speed = 0.00 Altitude = 0.00
<30 Nov 2025 08:55:29> [TSimMgr_Server.netRecv_Synch_Pos_VBS] Sender : 192.168.1.50Platform Name : Usman-Harun - 359 ; Platform ID = 29800 X = 117° 48' 41.2" E Y = 00° 31' 15.2" N Z = 0.000 Course = 360.000 Speed = 0.00 Altitude = 0.00
<30 Nov 2025 08:55:29> [TSimMgr_Server.netRecv_Synch_Pos_VBS] Sender : 192.168.1.50Platform Name : Usman-Harun - 359 ; Platform ID = 29800 X = 117° 48' 41.2" E Y = 00° 31' 15.2" N Z = 0.000 Course = 360.000 Speed = 0.00 Altitude = 0.00
<30 Nov 2025 08:55:29> [TSimMgr_Server.netRecv_Synch_Pos_VBS] Sender : 192.168.1.50Platform Name : Australia - Collins ; Platform ID = 29900 X = 117° 55' 39.7" E Y = 00° 39' 00.9" N Z = 0.000 Course = 359.999 Speed = 0.00 Altitude = 0.00
<30 Nov 2025 08:55:31> [TSimMgr_Server.netRecv_Synch_Pos_VBS] Sender : 192.168.1.50Platform Name : Ahmad Yani - 351 ; Platform ID = 29774 X = 117° 56' 47.4" E Y = 00° 38' 16.1" N Z = 0.000 Course = 0.000 Speed = 0.00 Altitude = 0.00
<30 Nov 2025 08:55:31> [TSimMgr_Server.netRecv_Synch_Pos_VBS] Sender : 192.168.1.50Platform Name : Bung Tomo - 357 ; Platform ID = 29799 X = 117° 51' 42.5" E Y = 00° 30' 57.0" N Z = 0.000 Course = 360.000 Speed = 0.00 Altitude = 0.00
<30 Nov 2025 08:55:31> [TSimMgr_Server.netRecv_Synch_Pos_VBS] Sender : 192.168.1.50Platform Name : Diponegoro - 365 ; Platform ID = 29801 X = 118° 00' 16.1" E Y = 00° 36' 17.3" N Z = 0.000 Course = 360.000 Speed = 0.00 Altitude = 0.00
<30 Nov 2025 08:55:31> [TSimMgr_Server.netRecv_Synch_Pos_VBS] Sender : 192.168.1.50Platform Name : Diponegoro - 365 ; Platform ID = 29801 X = 118° 00' 16.1" E Y = 00° 36' 17.3" N Z = 0.000 Course = 360.000 Speed = 0.00 Altitude = 0.00
<30 Nov 2025 08:55:31> [TSimMgr_Server.netRecv_Synch_Pos_VBS] Sender : 192.168.1.50Platform Name : Diponegoro - 365 ; Platform ID = 29801 X = 118° 00' 16.1" E Y = 00° 36' 17.3" N Z = 0.000 Course = 360.000 Speed = 0.00 Altitude = 0.00
<30 Nov 2025 08:55:31> [TSimMgr_Server.netRecv_Synch_Pos_VBS] Sender : 192.168.1.50Platform Name : Frans Kaisiepo - 368 ; Platform ID = 29776 X = 117° 47' 54.3" E Y = 00° 34' 29.1" N Z = 0.000 Course = 360.000 Speed = 0.00 Altitude = 0.00
<30 Nov 2025 08:55:31> [TSimMgr_Server.netRecv_Synch_Pos_VBS] Sender : 192.168.1.50Platform Name : I Gusti Ngurah Rai - 332 ; Platform ID = 29777 X = 118° 00' 29.8" E Y = 00° 39' 25.3" N Z = 0.000 Course = 360.000 Speed = 0.00 Altitude = 0.00
<30 Nov 2025 08:55:31> [TSimMgr_Server.netRecv_Synch_Pos_VBS] Sender : 192.168.1.50Platform Name : Karel Satsuitubun - 356 ; Platform ID = 29775 X = 117° 50' 30.4" E Y = 00° 35' 06.3" N Z = 0.000 Course = 0.000 Speed = 0.00 Altitude = 0.00
<30 Nov 2025 08:55:31> [TSimMgr_Server.netRecv_Synch_Pos_VBS] Sender : 192.168.1.50Platform Name : Makassar - 590 ; Platform ID = 29768 X = 117° 54' 48.9" E Y = 00° 33' 00.4" N Z = 0.000 Course = 360.000 Speed = 0.00 Altitude = 0.00
<30 Nov 2025 08:55:31> [TSimMgr_Server.netRecv_Synch_Pos_VBS] Sender : 192.168.1.50Platform Name : Surabaya - 591 ; Platform ID = 29769 X = 117° 51' 17.2" E Y = 00° 35' 08.2" N Z = 0.000 Course = 360.000 Speed = 0.00 Altitude = 0.00
<30 Nov 2025 08:55:31> [TSimMgr_Server.netRecv_Synch_Pos_VBS] Sender : 192.168.1.50Platform Name : Teluk Bintuni - 520 ; Platform ID = 29770 X = 117° 58' 00.6" E Y = 00° 34' 28.2" N Z = 0.000 Course = 0.000 Speed = 0.00 Altitude = 0.00
<30 Nov 2025 08:55:31> [TSimMgr_Server.netRecv_Synch_Pos_VBS] Sender : 192.168.1.50Platform Name : Teluk Wondama - 527 ; Platform ID = 29773 X = 117° 54' 00.2" E Y = 00° 37' 07.4" N Z = 0.000 Course = 0.000 Speed = 0.00 Altitude = 0.00
<30 Nov 2025 08:55:31> [TSimMgr_Server.netRecv_Synch_Pos_VBS] Sender : 192.168.1.50Platform Name : Usman-Harun - 359 ; Platform ID = 29800 X = 117° 48' 41.2" E Y = 00° 31' 15.2" N Z = 0.000 Course = 360.000 Speed = 0.00 Altitude = 0.00
<30 Nov 2025 08:55:31> [TSimMgr_Server.netRecv_Synch_Pos_VBS] Sender : 192.168.1.50Platform Name : Australia - Collins ; Platform ID = 29900 X = 117° 55' 39.7" E Y = 00° 39' 00.9" N Z = 0.000 Course = 0.001 Speed = 0.00 Altitude = 0.00
<30 Nov 2025 08:55:31> [TSimMgr_Server.netRecv_Synch_Pos_VBS] Sender : 192.168.1.50Platform Name : Australia - Collins ; Platform ID = 29900 X = 117° 55' 39.7" E Y = 00° 39' 00.9" N Z = 0.000 Course = 0.001 Speed = 0.00 Altitude = 0.00
<30 Nov 2025 08:55:31> [TSimMgr_Server.netRecv_Synch_Pos_VBS] Sender : 192.168.1.50Platform Name : Australia - Collins ; Platform ID = 29900 X = 117° 55' 39.7" E Y = 00° 39' 00.9" N Z = 0.000 Course = 0.001 Speed = 0.00 Altitude = 0.00
<30 Nov 2025 08:55:31> [TSimMgr_Server.netRecv_Synch_Pos_VBS] Sender : 192.168.1.50Platform Name : Australia - Collins ; Platform ID = 29900 X = 117° 55' 39.7" E Y = 00° 39' 00.9" N Z = 0.000 Course = 0.001 Speed = 0.00 Altitude = 0.00
<30 Nov 2025 08:55:31> [TSimMgr_Server.netRecv_Synch_Pos_VBS] Sender : 192.168.1.50Platform Name : Australia - Collins ; Platform ID = 29900 X = 117° 55' 39.7" E Y = 00° 39' 00.9" N Z = 0.000 Course = 0.001 Speed = 0.00 Altitude = 0.00
<30 Nov 2025 08:55:31> [TSimMgr_Server.netRecv_Synch_Pos_VBS] Sender : 192.168.1.50Platform Name : Australia - Collins ; Platform ID = 29900 X = 117° 55' 39.7" E Y = 00° 39' 00.9" N Z = 0.000 Course = 0.001 Speed = 0.00 Altitude = 0.00
<30 Nov 2025 08:55:32> [TSimMgr_Server.netRecv_Synch_Pos_VBS] Sender : 192.168.1.50Platform Name : Ahmad Yani - 351 ; Platform ID = 29774 X = 117° 56' 47.4" E Y = 00° 38' 16.1" N Z = 0.000 Course = 0.000 Speed = 0.00 Altitude = 0.00
<30 Nov 2025 08:55:32> [TSimMgr_Server.netRecv_Synch_Pos_VBS] Sender : 192.168.1.50Platform Name : Bung Tomo - 357 ; Platform ID = 29799 X = 117° 51' 42.5" E Y = 00° 30' 57.0" N Z = 0.000 Course = 360.000 Speed = 0.00 Altitude = 0.00
<30 Nov 2025 08:55:32> [TSimMgr_Server.netRecv_Synch_Pos_VBS] Sender : 192.168.1.50Platform Name : Diponegoro - 365 ; Platform ID = 29801 X = 118° 00' 16.1" E Y = 00° 36' 17.3" N Z = 0.000 Course = 360.000 Speed = 0.00 Altitude = 0.00
<30 Nov 2025 08:55:32> [TSimMgr_Server.netRecv_Synch_Pos_VBS] Sender : 192.168.1.50Platform Name : Diponegoro - 365 ; Platform ID = 29801 X = 118° 00' 16.1" E Y = 00° 36' 17.3" N Z = 0.000 Course = 360.000 Speed = 0.00 Altitude = 0.00
<30 Nov 2025 08:55:32> [TSimMgr_Server.netRecv_Synch_Pos_VBS] Sender : 192.168.1.50Platform Name : Diponegoro - 365 ; Platform ID = 29801 X = 118° 00' 16.1" E Y = 00° 36' 17.3" N Z = 0.000 Course = 360.000 Speed = 0.00 Altitude = 0.00
<30 Nov 2025 08:55:32> [TSimMgr_Server.netRecv_Synch_Pos_VBS] Sender : 192.168.1.50Platform Name : Frans Kaisiepo - 368 ; Platform ID = 29776 X = 117° 47' 54.3" E Y = 00° 34' 29.1" N Z = 0.000 Course = 360.000 Speed = 0.00 Altitude = 0.00
<30 Nov 2025 08:55:32> [TSimMgr_Server.netRecv_Synch_Pos_VBS] Sender : 192.168.1.50Platform Name : I Gusti Ngurah Rai - 332 ; Platform ID = 29777 X = 118° 00' 29.8" E Y = 00° 39' 25.3" N Z = 0.000 Course = 360.000 Speed = 0.00 Altitude = 0.00
<30 Nov 2025 08:55:32> [TSimMgr_Server.netRecv_Synch_Pos_VBS] Sender : 192.168.1.50Platform Name : Karel Satsuitubun - 356 ; Platform ID = 29775 X = 117° 50' 30.4" E Y = 00° 35' 06.3" N Z = 0.000 Course = 0.000 Speed = 0.00 Altitude = 0.00
<30 Nov 2025 08:55:32> [TSimMgr_Server.netRecv_Synch_Pos_VBS] Sender : 192.168.1.50Platform Name : Makassar - 590 ; Platform ID = 29768 X = 117° 54' 48.9" E Y = 00° 33' 00.4" N Z = 0.000 Course = 360.000 Speed = 0.00 Altitude = 0.00
<30 Nov 2025 08:55:32> [TSimMgr_Server.netRecv_Synch_Pos_VBS] Sender : 192.168.1.50Platform Name : Surabaya - 591 ; Platform ID = 29769 X = 117° 51' 17.2" E Y = 00° 35' 08.2" N Z = 0.000 Course = 360.000 Speed = 0.00 Altitude = 0.00
<30 Nov 2025 08:55:32> [TSimMgr_Server.netRecv_Synch_Pos_VBS] Sender : 192.168.1.50Platform Name : Teluk Bintuni - 520 ; Platform ID = 29770 X = 117° 58' 00.6" E Y = 00° 34' 28.2" N Z = 0.000 Course = 0.000 Speed = 0.00 Altitude = 0.00
<30 Nov 2025 08:55:32> [TSimMgr_Server.netRecv_Synch_Pos_VBS] Sender : 192.168.1.50Platform Name : Teluk Wondama - 527 ; Platform ID = 29773 X = 117° 54' 00.2" E Y = 00° 37' 07.4" N Z = 0.000 Course = 0.000 Speed = 0.00 Altitude = 0.00
<30 Nov 2025 08:55:32> [TSimMgr_Server.netRecv_Synch_Pos_VBS] Sender : 192.168.1.50Platform Name : Usman-Harun - 359 ; Platform ID = 29800 X = 117° 48' 41.2" E Y = 00° 31' 15.2" N Z = 0.000 Course = 360.000 Speed = 0.00 Altitude = 0.00
<30 Nov 2025 08:55:32> [TSimMgr_Server.netRecv_Synch_Pos_VBS] Sender : 192.168.1.50Platform Name : Australia - Collins ; Platform ID = 29900 X = 117° 55' 39.7" E Y = 00° 39' 00.9" N Z = 0.000 Course = 0.000 Speed = 0.00 Altitude = 0.00
<30 Nov 2025 08:55:32> [TSimMgr_Server.netRecv_Synch_Pos_VBS] Sender : 192.168.1.50Platform Name : Australia - Collins ; Platform ID = 29900 X = 117° 55' 39.7" E Y = 00° 39' 00.9" N Z = 0.000 Course = 0.000 Speed = 0.00 Altitude = 0.00
<30 Nov 2025 08:55:32> [TSimMgr_Server.netRecv_Synch_Pos_VBS] Sender : 192.168.1.50Platform Name : Australia - Collins ; Platform ID = 29900 X = 117° 55' 39.7" E Y = 00° 39' 00.9" N Z = 0.000 Course = 0.000 Speed = 0.00 Altitude = 0.00
<30 Nov 2025 08:55:32> [TSimMgr_Client.LogEventRecv] <0031> CPID_UDP_PLATFORM_MOVE
<30 Nov 2025 08:55:32> [TSimMgr_Client.LogEventRecv] <0031> CPID_UDP_PLATFORM_MOVE
<30 Nov 2025 08:55:32> [TSimMgr_Client.LogEventRecv] <0031> CPID_UDP_PLATFORM_MOVE
<30 Nov 2025 08:55:32> [TSimMgr_Client.LogEventRecv] <0031> CPID_UDP_PLATFORM_MOVE
<30 Nov 2025 08:55:32> [TSimMgr_Client.LogEventRecv] <0031> CPID_UDP_PLATFORM_MOVE
<30 Nov 2025 08:55:32> [TSimMgr_Client.LogEventRecv] <0031> CPID_UDP_PLATFORM_MOVE
<30 Nov 2025 08:55:32> [TSimMgr_Client.LogEventRecv] <0031> CPID_UDP_PLATFORM_MOVE
<30 Nov 2025 08:55:32> [TSimMgr_Client.LogEventRecv] <0031> CPID_UDP_PLATFORM_MOVE
<30 Nov 2025 08:55:32> [TSimMgr_Client.LogEventRecv] <0031> CPID_UDP_PLATFORM_MOVE
<30 Nov 2025 08:55:32> [TSimMgr_Client.LogEventRecv] <0031> CPID_UDP_PLATFORM_MOVE
<30 Nov 2025 08:55:32> [TSimMgr_Client.LogEventRecv] <0031> CPID_UDP_PLATFORM_MOVE
<30 Nov 2025 08:55:32> [TSimMgr_Client.LogEventRecv] <0031> CPID_UDP_PLATFORM_MOVE
<30 Nov 2025 08:55:32> [TSimMgr_Client.LogEventRecv] <0031> CPID_UDP_PLATFORM_MOVE
<30 Nov 2025 08:55:32> [TSimMgr_Client.LogEventRecv] <0031> CPID_UDP_PLATFORM_MOVE
<30 Nov 2025 08:55:32> [TSimMgr_Client.LogEventRecv] <0031> CPID_UDP_PLATFORM_MOVE
<30 Nov 2025 08:55:32> [TSimMgr_Client.LogEventRecv] <0031> CPID_UDP_PLATFORM_MOVE
<30 Nov 2025 08:55:32> [TSimMgr_Client.LogEventRecv] <0031> CPID_UDP_PLATFORM_MOVE
<30 Nov 2025 08:55:32> [TSimMgr_Client.LogEventRecv] <0031> CPID_UDP_PLATFORM_MOVE
<30 Nov 2025 08:55:32> [TSimMgr_Client.LogEventRecv] <0031> CPID_UDP_PLATFORM_MOVE
<30 Nov 2025 08:55:32> [TSimMgr_Client.LogEventRecv] <0031> CPID_UDP_PLATFORM_MOVE
<30 Nov 2025 08:55:32> [TSimMgr_Client.LogEventRecv] <0031> CPID_UDP_PLATFORM_MOVE
<30 Nov 2025 08:55:32> [TSimMgr_Client.LogEventRecv] <0031> CPID_UDP_PLATFORM_MOVE
<30 Nov 2025 08:55:32> [TSimMgr_Client.LogEventRecv] <0031> CPID_UDP_PLATFORM_MOVE
<30 Nov 2025 08:55:32> [TSimMgr_Client.LogEventRecv] <0031> CPID_UDP_PLATFORM_MOVE
<30 Nov 2025 08:55:32> [TSimMgr_Client.LogEventRecv] <0031> CPID_UDP_PLATFORM_MOVE
<30 Nov 2025 08:55:32> [TSimMgr_Client.LogEventRecv] <0031> CPID_UDP_PLATFORM_MOVE
<30 Nov 2025 08:55:32> [TSimMgr_Client.LogEventRecv] <0031> CPID_UDP_PLATFORM_MOVE
<30 Nov 2025 08:55:32> [TSimMgr_Client.LogEventRecv] <0031> CPID_UDP_PLATFORM_MOVE
<30 Nov 2025 08:55:32> [TSimMgr_Client.LogEventRecv] <0031> CPID_UDP_PLATFORM_MOVE
<30 Nov 2025 08:55:33> [TSimMgr_Client.LogEventRecv] <0031> CPID_UDP_PLATFORM_MOVE
<30 Nov 2025 08:55:33> [TSimMgr_Client.LogEventRecv] <0031> CPID_UDP_PLATFORM_MOVE
<30 Nov 2025 08:55:33> [TSimMgr_Client.LogEventRecv] <0031> CPID_UDP_PLATFORM_MOVE
<30 Nov 2025 08:55:33> [TSimMgr_Client.LogEventRecv] <0031> CPID_UDP_PLATFORM_MOVE
<30 Nov 2025 08:55:33> [TSimMgr_Client.LogEventRecv] <0031> CPID_UDP_PLATFORM_MOVE
<30 Nov 2025 08:55:33> [TSimMgr_Client.LogEventRecv] <0031> CPID_UDP_PLATFORM_MOVE
<30 Nov 2025 08:55:33> [TSimMgr_Client.LogEventRecv] <0031> CPID_UDP_PLATFORM_MOVE
<30 Nov 2025 08:55:33> [TSimMgr_Client.LogEventRecv] <0031> CPID_UDP_PLATFORM_MOVE
<30 Nov 2025 08:55:33> [TSimMgr_Client.LogEventRecv] <0031> CPID_UDP_PLATFORM_MOVE
<30 Nov 2025 08:55:33> [TSimMgr_Client.LogEventRecv] <0031> CPID_UDP_PLATFORM_MOVE
<30 Nov 2025 08:55:33> [TSimMgr_Client.LogEventRecv] <0031> CPID_UDP_PLATFORM_MOVE
<30 Nov 2025 08:55:33> [TSimMgr_Client.LogEventRecv] <0031> CPID_UDP_PLATFORM_MOVE
<30 Nov 2025 08:55:33> [TSimMgr_Client.LogEventRecv] <0031> CPID_UDP_PLATFORM_MOVE
<30 Nov 2025 08:55:33> [TSimMgr_Client.LogEventRecv] <0031> CPID_UDP_PLATFORM_MOVE
<30 Nov 2025 08:55:33> [TSimMgr_Client.LogEventRecv] <0031> CPID_UDP_PLATFORM_MOVE
<30 Nov 2025 08:55:33> [TSimMgr_Client.LogEventRecv] <0031> CPID_UDP_PLATFORM_MOVE
<30 Nov 2025 08:55:33> [TSimMgr_Client.LogEventRecv] <0031> CPID_UDP_PLATFORM_MOVE
<30 Nov 2025 08:55:33> [TSimMgr_Client.LogEventRecv] <0031> CPID_UDP_PLATFORM_MOVE
<30 Nov 2025 08:55:33> [TSimMgr_Client.LogEventRecv] <0031> CPID_UDP_PLATFORM_MOVE
<30 Nov 2025 08:55:33> [TSimMgr_Client.LogEventRecv] <0031> CPID_UDP_PLATFORM_MOVE
<30 Nov 2025 08:55:33> [TSimMgr_Client.LogEventRecv] <0031> CPID_UDP_PLATFORM_MOVE
<30 Nov 2025 08:55:33> [TSimMgr_Client.LogEventRecv] <0031> CPID_UDP_PLATFORM_MOVE
<30 Nov 2025 08:55:33> [TSimMgr_Server.netRecv_Synch_Pos_VBS] Sender : 192.168.1.50Platform Name : Ahmad Yani - 351 ; Platform ID = 29774 X = 117° 56' 47.4" E Y = 00° 38' 16.1" N Z = 0.000 Course = 0.000 Speed = 0.00 Altitude = 0.00
<30 Nov 2025 08:55:33> [TSimMgr_Server.netRecv_Synch_Pos_VBS] Sender : 192.168.1.50Platform Name : Bung Tomo - 357 ; Platform ID = 29799 X = 117° 51' 42.5" E Y = 00° 30' 57.0" N Z = 0.000 Course = 360.000 Speed = 0.00 Altitude = 0.00
<30 Nov 2025 08:55:33> [TSimMgr_Server.netRecv_Synch_Pos_VBS] Sender : 192.168.1.50Platform Name : Bung Tomo - 357 ; Platform ID = 29799 X = 117° 51' 42.5" E Y = 00° 30' 57.0" N Z = 0.000 Course = 360.000 Speed = 0.00 Altitude = 0.00
<30 Nov 2025 08:55:33> [TSimMgr_Server.netRecv_Synch_Pos_VBS] Sender : 192.168.1.50Platform Name : Diponegoro - 365 ; Platform ID = 29801 X = 118° 00' 16.1" E Y = 00° 36' 17.3" N Z = 0.000 Course = 360.000 Speed = 0.00 Altitude = 0.00
<30 Nov 2025 08:55:33> [TSimMgr_Server.netRecv_Synch_Pos_VBS] Sender : 192.168.1.50Platform Name : Frans Kaisiepo - 368 ; Platform ID = 29776 X = 117° 47' 54.3" E Y = 00° 34' 29.1" N Z = 0.000 Course = 360.000 Speed = 0.00 Altitude = 0.00
<30 Nov 2025 08:55:33> [TSimMgr_Server.netRecv_Synch_Pos_VBS] Sender : 192.168.1.50Platform Name : I Gusti Ngurah Rai - 332 ; Platform ID = 29777 X = 118° 00' 29.8" E Y = 00° 39' 25.3" N Z = 0.000 Course = 360.000 Speed = 0.00 Altitude = 0.00
<30 Nov 2025 08:55:33> [TSimMgr_Server.netRecv_Synch_Pos_VBS] Sender : 192.168.1.50Platform Name : Karel Satsuitubun - 356 ; Platform ID = 29775 X = 117° 50' 30.4" E Y = 00° 35' 06.3" N Z = 0.000 Course = 0.000 Speed = 0.00 Altitude = 0.00
<30 Nov 2025 08:55:33> [TSimMgr_Server.netRecv_Synch_Pos_VBS] Sender : 192.168.1.50Platform Name : Makassar - 590 ; Platform ID = 29768 X = 117° 54' 48.9" E Y = 00° 33' 00.4" N Z = 0.000 Course = 360.000 Speed = 0.00 Altitude = 0.00
<30 Nov 2025 08:55:33> [TSimMgr_Server.netRecv_Synch_Pos_VBS] Sender : 192.168.1.50Platform Name : Surabaya - 591 ; Platform ID = 29769 X = 117° 51' 17.2" E Y = 00° 35' 08.2" N Z = 0.000 Course = 360.000 Speed = 0.00 Altitude = 0.00
<30 Nov 2025 08:55:33> [TSimMgr_Server.netRecv_Synch_Pos_VBS] Sender : 192.168.1.50Platform Name : Teluk Bintuni - 520 ; Platform ID = 29770 X = 117° 58' 00.6" E Y = 00° 34' 28.2" N Z = 0.000 Course = 0.000 Speed = 0.00 Altitude = 0.00
<30 Nov 2025 08:55:33> [TSimMgr_Server.netRecv_Synch_Pos_VBS] Sender : 192.168.1.50Platform Name : Teluk Bintuni - 520 ; Platform ID = 29770 X = 117° 58' 00.6" E Y = 00° 34' 28.2" N Z = 0.000 Course = 0.000 Speed = 0.00 Altitude = 0.00
<30 Nov 2025 08:55:33> [TSimMgr_Server.netRecv_Synch_Pos_VBS] Sender : 192.168.1.50Platform Name : Teluk Bintuni - 520 ; Platform ID = 29770 X = 117° 58' 00.6" E Y = 00° 34' 28.2" N Z = 0.000 Course = 0.000 Speed = 0.00 Altitude = 0.00
<30 Nov 2025 08:55:33> [TSimMgr_Server.netRecv_Synch_Pos_VBS] Sender : 192.168.1.50Platform Name : Teluk Wondama - 527 ; Platform ID = 29773 X = 117° 54' 00.2" E Y = 00° 37' 07.4" N Z = 0.000 Course = 0.000 Speed = 0.00 Altitude = 0.00
<30 Nov 2025 08:55:33> [TSimMgr_Server.netRecv_Synch_Pos_VBS] Sender : 192.168.1.50Platform Name : Usman-Harun - 359 ; Platform ID = 29800 X = 117° 48' 41.2" E Y = 00° 31' 15.2" N Z = 0.000 Course = 360.000 Speed = 0.00 Altitude = 0.00
<30 Nov 2025 08:55:33> [TSimMgr_Server.netRecv_Synch_Pos_VBS] Sender : 192.168.1.50Platform Name : Australia - Collins ; Platform ID = 29900 X = 117° 55' 39.7" E Y = 00° 39' 00.9" N Z = 0.000 Course = 359.999 Speed = 0.00 Altitude = 0.00
<30 Nov 2025 08:55:35> [TSimMgr_Server.netRecv_Synch_Pos_VBS] Sender : 192.168.1.50Platform Name : Ahmad Yani - 351 ; Platform ID = 29774 X = 117° 56' 47.4" E Y = 00° 38' 16.1" N Z = 0.000 Course = 0.000 Speed = 0.00 Altitude = 0.00
<30 Nov 2025 08:55:35> [TSimMgr_Server.netRecv_Synch_Pos_VBS] Sender : 192.168.1.50Platform Name : Bung Tomo - 357 ; Platform ID = 29799 X = 117° 51' 42.5" E Y = 00° 30' 57.0" N Z = 0.000 Course = 360.000 Speed = 0.00 Altitude = 0.00
<30 Nov 2025 08:55:35> [TSimMgr_Server.netRecv_Synch_Pos_VBS] Sender : 192.168.1.50Platform Name : Diponegoro - 365 ; Platform ID = 29801 X = 118° 00' 16.1" E Y = 00° 36' 17.3" N Z = 0.000 Course = 360.000 Speed = 0.00 Altitude = 0.00
<30 Nov 2025 08:55:35> [TSimMgr_Server.netRecv_Synch_Pos_VBS] Sender : 192.168.1.50Platform Name : Frans Kaisiepo - 368 ; Platform ID = 29776 X = 117° 47' 54.3" E Y = 00° 34' 29.1" N Z = 0.000 Course = 360.000 Speed = 0.00 Altitude = 0.00
<30 Nov 2025 08:55:35> [TSimMgr_Server.netRecv_Synch_Pos_VBS] Sender : 192.168.1.50Platform Name : I Gusti Ngurah Rai - 332 ; Platform ID = 29777 X = 118° 00' 29.8" E Y = 00° 39' 25.3" N Z = 0.000 Course = 360.000 Speed = 0.00 Altitude = 0.00
<30 Nov 2025 08:55:35> [TSimMgr_Server.netRecv_Synch_Pos_VBS] Sender : 192.168.1.50Platform Name : Karel Satsuitubun - 356 ; Platform ID = 29775 X = 117° 50' 30.4" E Y = 00° 35' 06.3" N Z = 0.000 Course = 0.000 Speed = 0.00 Altitude = 0.00
<30 Nov 2025 08:55:35> [TSimMgr_Server.netRecv_Synch_Pos_VBS] Sender : 192.168.1.50Platform Name : Makassar - 590 ; Platform ID = 29768 X = 117° 54' 48.9" E Y = 00° 33' 00.4" N Z = 0.000 Course = 360.000 Speed = 0.00 Altitude = 0.00
<30 Nov 2025 08:55:35> [TSimMgr_Server.netRecv_Synch_Pos_VBS] Sender : 192.168.1.50Platform Name : Surabaya - 591 ; Platform ID = 29769 X = 117° 51' 17.2" E Y = 00° 35' 08.2" N Z = 0.000 Course = 360.000 Speed = 0.00 Altitude = 0.00
<30 Nov 2025 08:55:35> [TSimMgr_Server.netRecv_Synch_Pos_VBS] Sender : 192.168.1.50Platform Name : Surabaya - 591 ; Platform ID = 29769 X = 117° 51' 17.2" E Y = 00° 35' 08.2" N Z = 0.000 Course = 360.000 Speed = 0.00 Altitude = 0.00
<30 Nov 2025 08:55:35> [TSimMgr_Server.netRecv_Synch_Pos_VBS] Sender : 192.168.1.50Platform Name : Surabaya - 591 ; Platform ID = 29769 X = 117° 51' 17.2" E Y = 00° 35' 08.2" N Z = 0.000 Course = 360.000 Speed = 0.00 Altitude = 0.00
<30 Nov 2025 08:55:35> [TSimMgr_Server.netRecv_Synch_Pos_VBS] Sender : 192.168.1.50Platform Name : Surabaya - 591 ; Platform ID = 29769 X = 117° 51' 17.2" E Y = 00° 35' 08.2" N Z = 0.000 Course = 360.000 Speed = 0.00 Altitude = 0.00
<30 Nov 2025 08:55:35> [TSimMgr_Server.netRecv_Synch_Pos_VBS] Sender : 192.168.1.50Platform Name : Teluk Bintuni - 520 ; Platform ID = 29770 X = 117° 58' 00.6" E Y = 00° 34' 28.2" N Z = 0.000 Course = 0.000 Speed = 0.00 Altitude = 0.00
<30 Nov 2025 08:55:35> [TSimMgr_Server.netRecv_Synch_Pos_VBS] Sender : 192.168.1.50Platform Name : Teluk Wondama - 527 ; Platform ID = 29773 X = 117° 54' 00.2" E Y = 00° 37' 07.4" N Z = 0.000 Course = 0.000 Speed = 0.00 Altitude = 0.00
<30 Nov 2025 08:55:35> [TSimMgr_Server.netRecv_Synch_Pos_VBS] Sender : 192.168.1.50Platform Name : Usman-Harun - 359 ; Platform ID = 29800 X = 117° 48' 41.2" E Y = 00° 31' 15.2" N Z = 0.000 Course = 360.000 Speed = 0.00 Altitude = 0.00
<30 Nov 2025 08:55:35> [TSimMgr_Server.netRecv_Synch_Pos_VBS] Sender : 192.168.1.50Platform Name : Australia - Collins ; Platform ID = 29900 X = 117° 55' 39.7" E Y = 00° 39' 00.9" N Z = 0.000 Course = 0.001 Speed = 0.00 Altitude = 0.00
<30 Nov 2025 08:55:36> [TSimMgr_Server.netRecv_Synch_Pos_VBS] Sender : 192.168.1.50Platform Name : Ahmad Yani - 351 ; Platform ID = 29774 X = 117° 56' 47.4" E Y = 00° 38' 16.1" N Z = 0.000 Course = 0.000 Speed = 0.00 Altitude = 0.00
<30 Nov 2025 08:55:36> [TSimMgr_Server.netRecv_Synch_Pos_VBS] Sender : 192.168.1.50Platform Name : Bung Tomo - 357 ; Platform ID = 29799 X = 117° 51' 42.5" E Y = 00° 30' 57.0" N Z = 0.000 Course = 360.000 Speed = 0.00 Altitude = 0.00
<30 Nov 2025 08:55:36> [TSimMgr_Server.netRecv_Synch_Pos_VBS] Sender : 192.168.1.50Platform Name : Diponegoro - 365 ; Platform ID = 29801 X = 118° 00' 16.1" E Y = 00° 36' 17.3" N Z = 0.000 Course = 360.000 Speed = 0.00 Altitude = 0.00
<30 Nov 2025 08:55:36> [TSimMgr_Server.netRecv_Synch_Pos_VBS] Sender : 192.168.1.50Platform Name : Frans Kaisiepo - 368 ; Platform ID = 29776 X = 117° 47' 54.3" E Y = 00° 34' 29.1" N Z = 0.000 Course = 360.000 Speed = 0.00 Altitude = 0.00
<30 Nov 2025 08:55:36> [TSimMgr_Server.netRecv_Synch_Pos_VBS] Sender : 192.168.1.50Platform Name : I Gusti Ngurah Rai - 332 ; Platform ID = 29777 X = 118° 00' 29.8" E Y = 00° 39' 25.3" N Z = 0.000 Course = 360.000 Speed = 0.00 Altitude = 0.00
<30 Nov 2025 08:55:36> [TSimMgr_Server.netRecv_Synch_Pos_VBS] Sender : 192.168.1.50Platform Name : Karel Satsuitubun - 356 ; Platform ID = 29775 X = 117° 50' 30.4" E Y = 00° 35' 06.3" N Z = 0.000 Course = 0.000 Speed = 0.00 Altitude = 0.00
<30 Nov 2025 08:55:36> [TSimMgr_Server.netRecv_Synch_Pos_VBS] Sender : 192.168.1.50Platform Name : Makassar - 590 ; Platform ID = 29768 X = 117° 54' 48.9" E Y = 00° 33' 00.4" N Z = 0.000 Course = 360.000 Speed = 0.00 Altitude = 0.00
<30 Nov 2025 08:55:36> [TSimMgr_Server.netRecv_Synch_Pos_VBS] Sender : 192.168.1.50Platform Name : Surabaya - 591 ; Platform ID = 29769 X = 117° 51' 17.2" E Y = 00° 35' 08.2" N Z = 0.000 Course = 360.000 Speed = 0.00 Altitude = 0.00
<30 Nov 2025 08:55:36> [TSimMgr_Server.netRecv_Synch_Pos_VBS] Sender : 192.168.1.50Platform Name : Teluk Bintuni - 520 ; Platform ID = 29770 X = 117° 58' 00.6" E Y = 00° 34' 28.2" N Z = 0.000 Course = 0.000 Speed = 0.00 Altitude = 0.00
<30 Nov 2025 08:55:36> [TSimMgr_Server.netRecv_Synch_Pos_VBS] Sender : 192.168.1.50Platform Name : Teluk Wondama - 527 ; Platform ID = 29773 X = 117° 54' 00.2" E Y = 00° 37' 07.4" N Z = 0.000 Course = 0.000 Speed = 0.00 Altitude = 0.00
<30 Nov 2025 08:55:36> [TSimMgr_Server.netRecv_Synch_Pos_VBS] Sender : 192.168.1.50Platform Name : Usman-Harun - 359 ; Platform ID = 29800 X = 117° 48' 41.2" E Y = 00° 31' 15.2" N Z = 0.000 Course = 360.000 Speed = 0.00 Altitude = 0.00
<30 Nov 2025 08:55:36> [TSimMgr_Server.netRecv_Synch_Pos_VBS] Sender : 192.168.1.50Platform Name : Australia - Collins ; Platform ID = 29900 X = 117° 55' 39.7" E Y = 00° 39' 00.9" N Z = 0.000 Course = 0.000 Speed = 0.00 Altitude = 0.00
<30 Nov 2025 08:55:36> [TSimMgr_Server.netRecv_Synch_Pos_VBS] Sender : 192.168.1.50Platform Name : Australia - Collins ; Platform ID = 29900 X = 117° 55' 39.7" E Y = 00° 39' 00.9" N Z = 0.000 Course = 0.000 Speed = 0.00 Altitude = 0.00
<30 Nov 2025 08:55:36> [TSimMgr_Server.netRecv_Synch_Pos_VBS] Sender : 192.168.1.50Platform Name : Australia - Collins ; Platform ID = 29900 X = 117° 55' 39.7" E Y = 00° 39' 00.9" N Z = 0.000 Course = 0.000 Speed = 0.00 Altitude = 0.00
<30 Nov 2025 08:55:36> [TSimMgr_Server.netRecv_Synch_Pos_VBS] Sender : 192.168.1.50Platform Name : Australia - Collins ; Platform ID = 29900 X = 117° 55' 39.7" E Y = 00° 39' 00.9" N Z = 0.000 Course = 0.000 Speed = 0.00 Altitude = 0.00
<30 Nov 2025 08:55:36> [TSimMgr_Server.netRecv_Synch_Pos_VBS] Sender : 192.168.1.50Platform Name : Australia - Collins ; Platform ID = 29900 X = 117° 55' 39.7" E Y = 00° 39' 00.9" N Z = 0.000 Course = 0.000 Speed = 0.00 Altitude = 0.00
<30 Nov 2025 08:55:36> [TSimMgr_Server.netRecv_Synch_Pos_VBS] Sender : 192.168.1.50Platform Name : Australia - Collins ; Platform ID = 29900 X = 117° 55' 39.7" E Y = 00° 39' 00.9" N Z = 0.000 Course = 0.000 Speed = 0.00 Altitude = 0.00
<30 Nov 2025 08:55:36> [TSimMgr_Server.netRecv_Synch_Pos_VBS] Sender : 192.168.1.50Platform Name : Australia - Collins ; Platform ID = 29900 X = 117° 55' 39.7" E Y = 00° 39' 00.9" N Z = 0.000 Course = 0.000 Speed = 0.00 Altitude = 0.00
<30 Nov 2025 08:55:36> [TSimMgr_Server.netRecv_Synch_Pos_VBS] Sender : 192.168.1.50Platform Name : Australia - Collins ; Platform ID = 29900 X = 117° 55' 39.7" E Y = 00° 39' 00.9" N Z = 0.000 Course = 0.000 Speed = 0.00 Altitude = 0.00
<30 Nov 2025 08:55:37> [TSimMgr_Server.netRecv_Synch_Pos_VBS] Sender : 192.168.1.50Platform Name : Ahmad Yani - 351 ; Platform ID = 29774 X = 117° 56' 47.4" E Y = 00° 38' 16.1" N Z = 0.000 Course = 0.000 Speed = 0.00 Altitude = 0.00
<30 Nov 2025 08:55:37> [TSimMgr_Server.netRecv_Synch_Pos_VBS] Sender : 192.168.1.50Platform Name : Bung Tomo - 357 ; Platform ID = 29799 X = 117° 51' 42.5" E Y = 00° 30' 57.0" N Z = 0.000 Course = 360.000 Speed = 0.00 Altitude = 0.00
<30 Nov 2025 08:55:37> [TSimMgr_Server.netRecv_Synch_Pos_VBS] Sender : 192.168.1.50Platform Name : Bung Tomo - 357 ; Platform ID = 29799 X = 117° 51' 42.5" E Y = 00° 30' 57.0" N Z = 0.000 Course = 360.000 Speed = 0.00 Altitude = 0.00
<30 Nov 2025 08:55:37> [TSimMgr_Server.netRecv_Synch_Pos_VBS] Sender : 192.168.1.50Platform Name : Diponegoro - 365 ; Platform ID = 29801 X = 118° 00' 16.1" E Y = 00° 36' 17.3" N Z = 0.000 Course = 360.000 Speed = 0.00 Altitude = 0.00
<30 Nov 2025 08:55:37> [TSimMgr_Server.netRecv_Synch_Pos_VBS] Sender : 192.168.1.50Platform Name : Frans Kaisiepo - 368 ; Platform ID = 29776 X = 117° 47' 54.3" E Y = 00° 34' 29.1" N Z = 0.000 Course = 360.000 Speed = 0.00 Altitude = 0.00
<30 Nov 2025 08:55:37> [TSimMgr_Server.netRecv_Synch_Pos_VBS] Sender : 192.168.1.50Platform Name : I Gusti Ngurah Rai - 332 ; Platform ID = 29777 X = 118° 00' 29.8" E Y = 00° 39' 25.3" N Z = 0.000 Course = 360.000 Speed = 0.00 Altitude = 0.00
<30 Nov 2025 08:55:37> [TSimMgr_Server.netRecv_Synch_Pos_VBS] Sender : 192.168.1.50Platform Name : Karel Satsuitubun - 356 ; Platform ID = 29775 X = 117° 50' 30.4" E Y = 00° 35' 06.3" N Z = 0.000 Course = 0.000 Speed = 0.00 Altitude = 0.00
<30 Nov 2025 08:55:37> [TSimMgr_Server.netRecv_Synch_Pos_VBS] Sender : 192.168.1.50Platform Name : Makassar - 590 ; Platform ID = 29768 X = 117° 54' 48.9" E Y = 00° 33' 00.4" N Z = 0.000 Course = 360.000 Speed = 0.00 Altitude = 0.00
<30 Nov 2025 08:55:37> [TSimMgr_Server.netRecv_Synch_Pos_VBS] Sender : 192.168.1.50Platform Name : Surabaya - 591 ; Platform ID = 29769 X = 117° 51' 17.2" E Y = 00° 35' 08.2" N Z = 0.000 Course = 360.000 Speed = 0.00 Altitude = 0.00
<30 Nov 2025 08:55:37> [TSimMgr_Server.netRecv_Synch_Pos_VBS] Sender : 192.168.1.50Platform Name : Surabaya - 591 ; Platform ID = 29769 X = 117° 51' 17.2" E Y = 00° 35' 08.2" N Z = 0.000 Course = 360.000 Speed = 0.00 Altitude = 0.00
<30 Nov 2025 08:55:37> [TSimMgr_Server.netRecv_Synch_Pos_VBS] Sender : 192.168.1.50Platform Name : Surabaya - 591 ; Platform ID = 29769 X = 117° 51' 17.2" E Y = 00° 35' 08.2" N Z = 0.000 Course = 360.000 Speed = 0.00 Altitude = 0.00
<30 Nov 2025 08:55:37> [TSimMgr_Server.netRecv_Synch_Pos_VBS] Sender : 192.168.1.50Platform Name : Teluk Bintuni - 520 ; Platform ID = 29770 X = 117° 58' 00.6" E Y = 00° 34' 28.2" N Z = 0.000 Course = 0.000 Speed = 0.00 Altitude = 0.00
<30 Nov 2025 08:55:37> [TSimMgr_Server.netRecv_Synch_Pos_VBS] Sender : 192.168.1.50Platform Name : Teluk Wondama - 527 ; Platform ID = 29773 X = 117° 54' 00.2" E Y = 00° 37' 07.4" N Z = 0.000 Course = 0.000 Speed = 0.00 Altitude = 0.00
<30 Nov 2025 08:55:37> [TSimMgr_Server.netRecv_Synch_Pos_VBS] Sender : 192.168.1.50Platform Name : Usman-Harun - 359 ; Platform ID = 29800 X = 117° 48' 41.2" E Y = 00° 31' 15.2" N Z = 0.000 Course = 360.000 Speed = 0.00 Altitude = 0.00
<30 Nov 2025 08:55:38> [TSimMgr_Server.netRecv_Synch_Pos_VBS] Sender : 192.168.1.50Platform Name : Australia - Collins ; Platform ID = 29900 X = 117° 55' 39.7" E Y = 00° 39' 00.9" N Z = 0.000 Course = 359.999 Speed = 0.00 Altitude = 0.00
<30 Nov 2025 08:55:39> [TSimMgr_Server.netRecv_Synch_Pos_VBS] Sender : 192.168.1.50Platform Name : Ahmad Yani - 351 ; Platform ID = 29774 X = 117° 56' 47.4" E Y = 00° 38' 16.1" N Z = 0.000 Course = 0.000 Speed = 0.00 Altitude = 0.00
<30 Nov 2025 08:55:39> [TSimMgr_Server.netRecv_Synch_Pos_VBS] Sender : 192.168.1.50Platform Name : Bung Tomo - 357 ; Platform ID = 29799 X = 117° 51' 42.5" E Y = 00° 30' 57.0" N Z = 0.000 Course = 360.000 Speed = 0.00 Altitude = 0.00
<30 Nov 2025 08:55:39> [TSimMgr_Server.netRecv_Synch_Pos_VBS] Sender : 192.168.1.50Platform Name : Bung Tomo - 357 ; Platform ID = 29799 X = 117° 51' 42.5" E Y = 00° 30' 57.0" N Z = 0.000 Course = 360.000 Speed = 0.00 Altitude = 0.00
<30 Nov 2025 08:55:39> [TSimMgr_Server.netRecv_Synch_Pos_VBS] Sender : 192.168.1.50Platform Name : Diponegoro - 365 ; Platform ID = 29801 X = 118° 00' 16.1" E Y = 00° 36' 17.3" N Z = 0.000 Course = 360.000 Speed = 0.00 Altitude = 0.00
<30 Nov 2025 08:55:39> [TSimMgr_Server.netRecv_Synch_Pos_VBS] Sender : 192.168.1.50Platform Name : Frans Kaisiepo - 368 ; Platform ID = 29776 X = 117° 47' 54.3" E Y = 00° 34' 29.1" N Z = 0.000 Course = 360.000 Speed = 0.00 Altitude = 0.00
<30 Nov 2025 08:55:39> [TSimMgr_Server.netRecv_Synch_Pos_VBS] Sender : 192.168.1.50Platform Name : I Gusti Ngurah Rai - 332 ; Platform ID = 29777 X = 118° 00' 29.8" E Y = 00° 39' 25.3" N Z = 0.000 Course = 360.000 Speed = 0.00 Altitude = 0.00
<30 Nov 2025 08:55:39> [TSimMgr_Server.netRecv_Synch_Pos_VBS] Sender : 192.168.1.50Platform Name : Karel Satsuitubun - 356 ; Platform ID = 29775 X = 117° 50' 30.4" E Y = 00° 35' 06.3" N Z = 0.000 Course = 0.000 Speed = 0.00 Altitude = 0.00
<30 Nov 2025 08:55:39> [TSimMgr_Server.netRecv_Synch_Pos_VBS] Sender : 192.168.1.50Platform Name : Makassar - 590 ; Platform ID = 29768 X = 117° 54' 48.9" E Y = 00° 33' 00.4" N Z = 0.000 Course = 360.000 Speed = 0.00 Altitude = 0.00
<30 Nov 2025 08:55:39> [TSimMgr_Server.netRecv_Synch_Pos_VBS] Sender : 192.168.1.50Platform Name : Surabaya - 591 ; Platform ID = 29769 X = 117° 51' 17.2" E Y = 00° 35' 08.2" N Z = 0.000 Course = 360.000 Speed = 0.00 Altitude = 0.00
<30 Nov 2025 08:55:39> [TSimMgr_Server.netRecv_Synch_Pos_VBS] Sender : 192.168.1.50Platform Name : Surabaya - 591 ; Platform ID = 29769 X = 117° 51' 17.2" E Y = 00° 35' 08.2" N Z = 0.000 Course = 360.000 Speed = 0.00 Altitude = 0.00
<30 Nov 2025 08:55:39> [TSimMgr_Server.netRecv_Synch_Pos_VBS] Sender : 192.168.1.50Platform Name : Teluk Bintuni - 520 ; Platform ID = 29770 X = 117° 58' 00.6" E Y = 00° 34' 28.2" N Z = 0.000 Course = 0.000 Speed = 0.00 Altitude = 0.00
<30 Nov 2025 08:55:39> [TSimMgr_Server.netRecv_Synch_Pos_VBS] Sender : 192.168.1.50Platform Name : Teluk Bintuni - 520 ; Platform ID = 29770 X = 117° 58' 00.6" E Y = 00° 34' 28.2" N Z = 0.000 Course = 0.000 Speed = 0.00 Altitude = 0.00
<30 Nov 2025 08:55:39> [TSimMgr_Server.netRecv_Synch_Pos_VBS] Sender : 192.168.1.50Platform Name : Teluk Wondama - 527 ; Platform ID = 29773 X = 117° 54' 00.2" E Y = 00° 37' 07.4" N Z = 0.000 Course = 0.000 Speed = 0.00 Altitude = 0.00
<30 Nov 2025 08:55:39> [TSimMgr_Server.netRecv_Synch_Pos_VBS] Sender : 192.168.1.50Platform Name : Usman-Harun - 359 ; Platform ID = 29800 X = 117° 48' 41.2" E Y = 00° 31' 15.2" N Z = 0.000 Course = 360.000 Speed = 0.00 Altitude = 0.00
<30 Nov 2025 08:55:39> [TSimMgr_Server.netRecv_Synch_Pos_VBS] Sender : 192.168.1.50Platform Name : Australia - Collins ; Platform ID = 29900 X = 117° 55' 39.7" E Y = 00° 39' 00.9" N Z = 0.000 Course = 0.001 Speed = 0.00 Altitude = 0.00
<30 Nov 2025 08:55:40> [TSimMgr_Server.netRecv_Synch_Pos_VBS] Sender : 192.168.1.50Platform Name : Ahmad Yani - 351 ; Platform ID = 29774 X = 117° 56' 47.4" E Y = 00° 38' 16.1" N Z = 0.000 Course = 0.000 Speed = 0.00 Altitude = 0.00
<30 Nov 2025 08:55:40> [TSimMgr_Server.netRecv_Synch_Pos_VBS] Sender : 192.168.1.50Platform Name : Bung Tomo - 357 ; Platform ID = 29799 X = 117° 51' 42.5" E Y = 00° 30' 57.0" N Z = 0.000 Course = 360.000 Speed = 0.00 Altitude = 0.00
<30 Nov 2025 08:55:40> [TSimMgr_Server.netRecv_Synch_Pos_VBS] Sender : 192.168.1.50Platform Name : Diponegoro - 365 ; Platform ID = 29801 X = 118° 00' 16.1" E Y = 00° 36' 17.3" N Z = 0.000 Course = 360.000 Speed = 0.00 Altitude = 0.00
<30 Nov 2025 08:55:40> [TSimMgr_Server.netRecv_Synch_Pos_VBS] Sender : 192.168.1.50Platform Name : Frans Kaisiepo - 368 ; Platform ID = 29776 X = 117° 47' 54.3" E Y = 00° 34' 29.1" N Z = 0.000 Course = 360.000 Speed = 0.00 Altitude = 0.00
<30 Nov 2025 08:55:40> [TSimMgr_Server.netRecv_Synch_Pos_VBS] Sender : 192.168.1.50Platform Name : I Gusti Ngurah Rai - 332 ; Platform ID = 29777 X = 118° 00' 29.8" E Y = 00° 39' 25.3" N Z = 0.000 Course = 360.000 Speed = 0.00 Altitude = 0.00
<30 Nov 2025 08:55:40> [TSimMgr_Server.netRecv_Synch_Pos_VBS] Sender : 192.168.1.50Platform Name : I Gusti Ngurah Rai - 332 ; Platform ID = 29777 X = 118° 00' 29.8" E Y = 00° 39' 25.3" N Z = 0.000 Course = 360.000 Speed = 0.00 Altitude = 0.00
<30 Nov 2025 08:55:40> [TSimMgr_Server.netRecv_Synch_Pos_VBS] Sender : 192.168.1.50Platform Name : I Gusti Ngurah Rai - 332 ; Platform ID = 29777 X = 118° 00' 29.8" E Y = 00° 39' 25.3" N Z = 0.000 Course = 360.000 Speed = 0.00 Altitude = 0.00
<30 Nov 2025 08:55:40> [TSimMgr_Server.netRecv_Synch_Pos_VBS] Sender : 192.168.1.50Platform Name : Karel Satsuitubun - 356 ; Platform ID = 29775 X = 117° 50' 30.4" E Y = 00° 35' 06.3" N Z = 0.000 Course = 0.000 Speed = 0.00 Altitude = 0.00
<30 Nov 2025 08:55:40> [TSimMgr_Server.netRecv_Synch_Pos_VBS] Sender : 192.168.1.50Platform Name : Karel Satsuitubun - 356 ; Platform ID = 29775 X = 117° 50' 30.4" E Y = 00° 35' 06.3" N Z = 0.000 Course = 0.000 Speed = 0.00 Altitude = 0.00
<30 Nov 2025 08:55:40> [TSimMgr_Server.netRecv_Synch_Pos_VBS] Sender : 192.168.1.50Platform Name : Karel Satsuitubun - 356 ; Platform ID = 29775 X = 117° 50' 30.4" E Y = 00° 35' 06.3" N Z = 0.000 Course = 0.000 Speed = 0.00 Altitude = 0.00
<30 Nov 2025 08:55:40> [TSimMgr_Server.netRecv_Synch_Pos_VBS] Sender : 192.168.1.50Platform Name : Makassar - 590 ; Platform ID = 29768 X = 117° 54' 48.9" E Y = 00° 33' 00.4" N Z = 0.000 Course = 360.000 Speed = 0.00 Altitude = 0.00
<30 Nov 2025 08:55:40> [TSimMgr_Server.netRecv_Synch_Pos_VBS] Sender : 192.168.1.50Platform Name : Surabaya - 591 ; Platform ID = 29769 X = 117° 51' 17.2" E Y = 00° 35' 08.2" N Z = 0.000 Course = 360.000 Speed = 0.00 Altitude = 0.00
<30 Nov 2025 08:55:40> [TSimMgr_Server.netRecv_Synch_Pos_VBS] Sender : 192.168.1.50Platform Name : Teluk Bintuni - 520 ; Platform ID = 29770 X = 117° 58' 00.6" E Y = 00° 34' 28.2" N Z = 0.000 Course = 0.000 Speed = 0.00 Altitude = 0.00
<30 Nov 2025 08:55:40> [TSimMgr_Server.netRecv_Synch_Pos_VBS] Sender : 192.168.1.50Platform Name : Teluk Wondama - 527 ; Platform ID = 29773 X = 117° 54' 00.2" E Y = 00° 37' 07.4" N Z = 0.000 Course = 0.000 Speed = 0.00 Altitude = 0.00
<30 Nov 2025 08:55:40> [TSimMgr_Server.netRecv_Synch_Pos_VBS] Sender : 192.168.1.50Platform Name : Usman-Harun - 359 ; Platform ID = 29800 X = 117° 48' 41.2" E Y = 00° 31' 15.2" N Z = 0.000 Course = 360.000 Speed = 0.00 Altitude = 0.00
<30 Nov 2025 08:55:40> [TSimMgr_Server.netRecv_Synch_Pos_VBS] Sender : 192.168.1.50Platform Name : Australia - Collins ; Platform ID = 29900 X = 117° 55' 39.7" E Y = 00° 39' 00.9" N Z = 0.000 Course = 0.000 Speed = 0.00 Altitude = 0.00
<30 Nov 2025 08:55:40> [TSimMgr_Server.netRecv_Synch_Pos_VBS] Sender : 192.168.1.50Platform Name : Australia - Collins ; Platform ID = 29900 X = 117° 55' 39.7" E Y = 00° 39' 00.9" N Z = 0.000 Course = 0.000 Speed = 0.00 Altitude = 0.00
<30 Nov 2025 08:55:40> [TSimMgr_Server.netRecv_Synch_Pos_VBS] Sender : 192.168.1.50Platform Name : Australia - Collins ; Platform ID = 29900 X = 117° 55' 39.7" E Y = 00° 39' 00.9" N Z = 0.000 Course = 0.000 Speed = 0.00 Altitude = 0.00
<30 Nov 2025 08:55:40> [TSimMgr_Server.netRecv_Synch_Pos_VBS] Sender : 192.168.1.50Platform Name : Australia - Collins ; Platform ID = 29900 X = 117° 55' 39.7" E Y = 00° 39' 00.9" N Z = 0.000 Course = 0.000 Speed = 0.00 Altitude = 0.00
<30 Nov 2025 08:55:40> [TSimMgr_Server.netRecv_Synch_Pos_VBS] Sender : 192.168.1.50Platform Name : Australia - Collins ; Platform ID = 29900 X = 117° 55' 39.7" E Y = 00° 39' 00.9" N Z = 0.000 Course = 0.000 Speed = 0.00 Altitude = 0.00
<30 Nov 2025 08:55:40> [TSimMgr_Server.netRecv_Synch_Pos_VBS] Sender : 192.168.1.50Platform Name : Australia - Collins ; Platform ID = 29900 X = 117° 55' 39.7" E Y = 00° 39' 00.9" N Z = 0.000 Course = 0.000 Speed = 0.00 Altitude = 0.00
<30 Nov 2025 08:55:41> [TSimMgr_Client.LogEventRecv] <0031> CPID_UDP_PLATFORM_MOVE
<30 Nov 2025 08:55:41> [TSimMgr_Client.LogEventRecv] <0031> CPID_UDP_PLATFORM_MOVE
<30 Nov 2025 08:55:41> [TSimMgr_Client.LogEventRecv] <0031> CPID_UDP_PLATFORM_MOVE
<30 Nov 2025 08:55:41> [TSimMgr_Client.LogEventRecv] <0031> CPID_UDP_PLATFORM_MOVE
<30 Nov 2025 08:55:41> [TSimMgr_Client.LogEventRecv] <0031> CPID_UDP_PLATFORM_MOVE
<30 Nov 2025 08:55:41> [TSimMgr_Client.LogEventRecv] <0031> CPID_UDP_PLATFORM_MOVE
<30 Nov 2025 08:55:41> [TSimMgr_Client.LogEventRecv] <0031> CPID_UDP_PLATFORM_MOVE
<30 Nov 2025 08:55:41> [TSimMgr_Client.LogEventRecv] <0031> CPID_UDP_PLATFORM_MOVE
<30 Nov 2025 08:55:41> [TSimMgr_Client.LogEventRecv] <0031> CPID_UDP_PLATFORM_MOVE
<30 Nov 2025 08:55:41> [TSimMgr_Client.LogEventRecv] <0031> CPID_UDP_PLATFORM_MOVE
<30 Nov 2025 08:55:41> [TSimMgr_Client.LogEventRecv] <0031> CPID_UDP_PLATFORM_MOVE
<30 Nov 2025 08:55:41> [TSimMgr_Client.LogEventRecv] <0031> CPID_UDP_PLATFORM_MOVE
<30 Nov 2025 08:55:41> [TSimMgr_Client.LogEventRecv] <0031> CPID_UDP_PLATFORM_MOVE
<30 Nov 2025 08:55:41> [TSimMgr_Client.LogEventRecv] <0031> CPID_UDP_PLATFORM_MOVE
<30 Nov 2025 08:55:41> [TSimMgr_Client.LogEventRecv] <0031> CPID_UDP_PLATFORM_MOVE
<30 Nov 2025 08:55:41> [TSimMgr_Client.LogEventRecv] <0031> CPID_UDP_PLATFORM_MOVE
<30 Nov 2025 08:55:41> [TSimMgr_Client.LogEventRecv] <0031> CPID_UDP_PLATFORM_MOVE
<30 Nov 2025 08:55:41> [TSimMgr_Client.LogEventRecv] <0031> CPID_UDP_PLATFORM_MOVE
<30 Nov 2025 08:55:41> [TSimMgr_Client.LogEventRecv] <0031> CPID_UDP_PLATFORM_MOVE
<30 Nov 2025 08:55:41> [TSimMgr_Client.LogEventRecv] <0031> CPID_UDP_PLATFORM_MOVE
<30 Nov 2025 08:55:41> [TSimMgr_Client.LogEventRecv] <0031> CPID_UDP_PLATFORM_MOVE
<30 Nov 2025 08:55:41> [TSimMgr_Client.LogEventRecv] <0031> CPID_UDP_PLATFORM_MOVE
<30 Nov 2025 08:55:41> [TSimMgr_Client.LogEventRecv] <0031> CPID_UDP_PLATFORM_MOVE
<30 Nov 2025 08:55:41> [TSimMgr_Client.LogEventRecv] <0031> CPID_UDP_PLATFORM_MOVE
<30 Nov 2025 08:55:41> [TSimMgr_Client.LogEventRecv] <0031> CPID_UDP_PLATFORM_MOVE
<30 Nov 2025 08:55:41> [TSimMgr_Client.LogEventRecv] <0031> CPID_UDP_PLATFORM_MOVE
<30 Nov 2025 08:55:41> [TSimMgr_Client.LogEventRecv] <0031> CPID_UDP_PLATFORM_MOVE
<30 Nov 2025 08:55:41> [TSimMgr_Client.LogEventRecv] <0031> CPID_UDP_PLATFORM_MOVE
<30 Nov 2025 08:55:41> [TSimMgr_Client.LogEventRecv] <0031> CPID_UDP_PLATFORM_MOVE
<30 Nov 2025 08:55:41> [TSimMgr_Client.LogEventRecv] <0031> CPID_UDP_PLATFORM_MOVE
<30 Nov 2025 08:55:41> [TSimMgr_Client.LogEventRecv] <0031> CPID_UDP_PLATFORM_MOVE
<30 Nov 2025 08:55:41> [TSimMgr_Client.LogEventRecv] <0031> CPID_UDP_PLATFORM_MOVE
<30 Nov 2025 08:55:41> [TSimMgr_Client.LogEventRecv] <0031> CPID_UDP_PLATFORM_MOVE
<30 Nov 2025 08:55:41> [TSimMgr_Client.LogEventRecv] <0031> CPID_UDP_PLATFORM_MOVE
<30 Nov 2025 08:55:41> [TSimMgr_Client.LogEventRecv] <0031> CPID_UDP_PLATFORM_MOVE
<30 Nov 2025 08:55:41> [TSimMgr_Client.LogEventRecv] <0031> CPID_UDP_PLATFORM_MOVE
<30 Nov 2025 08:55:41> [TSimMgr_Client.LogEventRecv] <0031> CPID_UDP_PLATFORM_MOVE
<30 Nov 2025 08:55:41> [TSimMgr_Client.LogEventRecv] <0031> CPID_UDP_PLATFORM_MOVE
<30 Nov 2025 08:55:41> [TSimMgr_Client.LogEventRecv] <0031> CPID_UDP_PLATFORM_MOVE
<30 Nov 2025 08:55:41> [TSimMgr_Client.LogEventRecv] <0031> CPID_UDP_PLATFORM_MOVE
<30 Nov 2025 08:55:41> [TSimMgr_Client.LogEventRecv] <0031> CPID_UDP_PLATFORM_MOVE
<30 Nov 2025 08:55:41> [TSimMgr_Client.LogEventRecv] <0031> CPID_UDP_PLATFORM_MOVE
<30 Nov 2025 08:55:41> [TSimMgr_Client.LogEventRecv] <0031> CPID_UDP_PLATFORM_MOVE
<30 Nov 2025 08:55:41> [TSimMgr_Client.LogEventRecv] <0031> CPID_UDP_PLATFORM_MOVE
<30 Nov 2025 08:55:41> [TSimMgr_Client.LogEventRecv] <0031> CPID_UDP_PLATFORM_MOVE
<30 Nov 2025 08:55:41> [TSimMgr_Client.LogEventRecv] <0031> CPID_UDP_PLATFORM_MOVE
<30 Nov 2025 08:55:41> [TSimMgr_Client.LogEventRecv] <0031> CPID_UDP_PLATFORM_MOVE
<30 Nov 2025 08:55:41> [TSimMgr_Client.LogEventRecv] <0031> CPID_UDP_PLATFORM_MOVE
<30 Nov 2025 08:55:41> [TSimMgr_Client.LogEventRecv] <0031> CPID_UDP_PLATFORM_MOVE
<30 Nov 2025 08:55:41> [TSimMgr_Client.LogEventRecv] <0031> CPID_UDP_PLATFORM_MOVE
<30 Nov 2025 08:55:41> [TSimMgr_Client.LogEventRecv] <0031> CPID_UDP_PLATFORM_MOVE
<30 Nov 2025 08:55:41> [TSimMgr_Server.netRecv_Synch_Pos_VBS] Sender : 192.168.1.50Platform Name : Ahmad Yani - 351 ; Platform ID = 29774 X = 117° 56' 47.4" E Y = 00° 38' 16.1" N Z = 0.000 Course = 0.000 Speed = 0.00 Altitude = 0.00
<30 Nov 2025 08:55:41> [TSimMgr_Server.netRecv_Synch_Pos_VBS] Sender : 192.168.1.50Platform Name : Bung Tomo - 357 ; Platform ID = 29799 X = 117° 51' 42.5" E Y = 00° 30' 57.0" N Z = 0.000 Course = 360.000 Speed = 0.00 Altitude = 0.00
<30 Nov 2025 08:55:41> [TSimMgr_Server.netRecv_Synch_Pos_VBS] Sender : 192.168.1.50Platform Name : Diponegoro - 365 ; Platform ID = 29801 X = 118° 00' 16.1" E Y = 00° 36' 17.3" N Z = 0.000 Course = 360.000 Speed = 0.00 Altitude = 0.00
<30 Nov 2025 08:55:41> [TSimMgr_Server.netRecv_Synch_Pos_VBS] Sender : 192.168.1.50Platform Name : Frans Kaisiepo - 368 ; Platform ID = 29776 X = 117° 47' 54.3" E Y = 00° 34' 29.1" N Z = 0.000 Course = 360.000 Speed = 0.00 Altitude = 0.00
<30 Nov 2025 08:55:41> [TSimMgr_Server.netRecv_Synch_Pos_VBS] Sender : 192.168.1.50Platform Name : I Gusti Ngurah Rai - 332 ; Platform ID = 29777 X = 118° 00' 29.8" E Y = 00° 39' 25.3" N Z = 0.000 Course = 360.000 Speed = 0.00 Altitude = 0.00
<30 Nov 2025 08:55:41> [TSimMgr_Server.netRecv_Synch_Pos_VBS] Sender : 192.168.1.50Platform Name : Karel Satsuitubun - 356 ; Platform ID = 29775 X = 117° 50' 30.4" E Y = 00° 35' 06.3" N Z = 0.000 Course = 0.000 Speed = 0.00 Altitude = 0.00
<30 Nov 2025 08:55:41> [TSimMgr_Server.netRecv_Synch_Pos_VBS] Sender : 192.168.1.50Platform Name : Makassar - 590 ; Platform ID = 29768 X = 117° 54' 48.9" E Y = 00° 33' 00.4" N Z = 0.000 Course = 360.000 Speed = 0.00 Altitude = 0.00
<30 Nov 2025 08:55:41> [TSimMgr_Server.netRecv_Synch_Pos_VBS] Sender : 192.168.1.50Platform Name : Surabaya - 591 ; Platform ID = 29769 X = 117° 51' 17.2" E Y = 00° 35' 08.2" N Z = 0.000 Course = 360.000 Speed = 0.00 Altitude = 0.00
<30 Nov 2025 08:55:41> [TSimMgr_Server.netRecv_Synch_Pos_VBS] Sender : 192.168.1.50Platform Name : Teluk Bintuni - 520 ; Platform ID = 29770 X = 117° 58' 00.6" E Y = 00° 34' 28.2" N Z = 0.000 Course = 0.000 Speed = 0.00 Altitude = 0.00
<30 Nov 2025 08:55:41> [TSimMgr_Server.netRecv_Synch_Pos_VBS] Sender : 192.168.1.50Platform Name : Teluk Wondama - 527 ; Platform ID = 29773 X = 117° 54' 00.2" E Y = 00° 37' 07.4" N Z = 0.000 Course = 0.000 Speed = 0.00 Altitude = 0.00
<30 Nov 2025 08:55:41> [TSimMgr_Server.netRecv_Synch_Pos_VBS] Sender : 192.168.1.50Platform Name : Usman-Harun - 359 ; Platform ID = 29800 X = 117° 48' 41.2" E Y = 00° 31' 15.2" N Z = 0.000 Course = 360.000 Speed = 0.00 Altitude = 0.00
<30 Nov 2025 08:55:41> [TSimMgr_Server.netRecv_Synch_Pos_VBS] Sender : 192.168.1.50Platform Name : Australia - Collins ; Platform ID = 29900 X = 117° 55' 39.7" E Y = 00° 39' 00.9" N Z = 0.000 Course = 359.999 Speed = 0.00 Altitude = 0.00
<30 Nov 2025 08:55:41> [TSimMgr_Server.netRecv_Synch_Pos_VBS] Sender : 192.168.1.50Platform Name : Australia - Collins ; Platform ID = 29900 X = 117° 55' 39.7" E Y = 00° 39' 00.9" N Z = 0.000 Course = 359.999 Speed = 0.00 Altitude = 0.00
<30 Nov 2025 08:55:41> [TSimMgr_Server.netRecv_Synch_Pos_VBS] Sender : 192.168.1.50Platform Name : Australia - Collins ; Platform ID = 29900 X = 117° 55' 39.7" E Y = 00° 39' 00.9" N Z = 0.000 Course = 359.999 Speed = 0.00 Altitude = 0.00
<30 Nov 2025 08:55:41> [TSimMgr_Server.netRecv_Synch_Pos_VBS] Sender : 192.168.1.50Platform Name : Australia - Collins ; Platform ID = 29900 X = 117° 55' 39.7" E Y = 00° 39' 00.9" N Z = 0.000 Course = 359.999 Speed = 0.00 Altitude = 0.00
<30 Nov 2025 08:55:41> [TSimMgr_Server.netRecv_Synch_Pos_VBS] Sender : 192.168.1.50Platform Name : Australia - Collins ; Platform ID = 29900 X = 117° 55' 39.7" E Y = 00° 39' 00.9" N Z = 0.000 Course = 359.999 Speed = 0.00 Altitude = 0.00
<30 Nov 2025 08:55:41> [TSimMgr_Server.netRecv_Synch_Pos_VBS] Sender : 192.168.1.50Platform Name : Australia - Collins ; Platform ID = 29900 X = 117° 55' 39.7" E Y = 00° 39' 00.9" N Z = 0.000 Course = 359.999 Speed = 0.00 Altitude = 0.00
<30 Nov 2025 08:55:41> [TSimMgr_Server.netRecv_Synch_Pos_VBS] Sender : 192.168.1.50Platform Name : Australia - Collins ; Platform ID = 29900 X = 117° 55' 39.7" E Y = 00° 39' 00.9" N Z = 0.000 Course = 359.999 Speed = 0.00 Altitude = 0.00
<30 Nov 2025 08:55:41> [TSimMgr_Server.netRecv_Synch_Pos_VBS] Sender : 192.168.1.50Platform Name : Australia - Collins ; Platform ID = 29900 X = 117° 55' 39.7" E Y = 00° 39' 00.9" N Z = 0.000 Course = 359.999 Speed = 0.00 Altitude = 0.00
<30 Nov 2025 08:55:41> [TSimMgr_Server.netRecv_Synch_Pos_VBS] Sender : 192.168.1.50Platform Name : Australia - Collins ; Platform ID = 29900 X = 117° 55' 39.7" E Y = 00° 39' 00.9" N Z = 0.000 Course = 359.999 Speed = 0.00 Altitude = 0.00
<30 Nov 2025 08:55:41> [TSimMgr_Server.netRecv_Synch_Pos_VBS] Sender : 192.168.1.50Platform Name : Australia - Collins ; Platform ID = 29900 X = 117° 55' 39.7" E Y = 00° 39' 00.9" N Z = 0.000 Course = 359.999 Speed = 0.00 Altitude = 0.00
<30 Nov 2025 08:55:43> [TSimMgr_Server.netRecv_Synch_Pos_VBS] Sender : 192.168.1.50Platform Name : Ahmad Yani - 351 ; Platform ID = 29774 X = 117° 56' 47.4" E Y = 00° 38' 16.1" N Z = 0.000 Course = 0.000 Speed = 0.00 Altitude = 0.00
<30 Nov 2025 08:55:43> [TSimMgr_Server.netRecv_Synch_Pos_VBS] Sender : 192.168.1.50Platform Name : Bung Tomo - 357 ; Platform ID = 29799 X = 117° 51' 42.5" E Y = 00° 30' 57.0" N Z = 0.000 Course = 360.000 Speed = 0.00 Altitude = 0.00
<30 Nov 2025 08:55:43> [TSimMgr_Server.netRecv_Synch_Pos_VBS] Sender : 192.168.1.50Platform Name : Bung Tomo - 357 ; Platform ID = 29799 X = 117° 51' 42.5" E Y = 00° 30' 57.0" N Z = 0.000 Course = 360.000 Speed = 0.00 Altitude = 0.00
<30 Nov 2025 08:55:43> [TSimMgr_Server.netRecv_Synch_Pos_VBS] Sender : 192.168.1.50Platform Name : Diponegoro - 365 ; Platform ID = 29801 X = 118° 00' 16.1" E Y = 00° 36' 17.3" N Z = 0.000 Course = 360.000 Speed = 0.00 Altitude = 0.00
<30 Nov 2025 08:55:43> [TSimMgr_Server.netRecv_Synch_Pos_VBS] Sender : 192.168.1.50Platform Name : Frans Kaisiepo - 368 ; Platform ID = 29776 X = 117° 47' 54.3" E Y = 00° 34' 29.1" N Z = 0.000 Course = 360.000 Speed = 0.00 Altitude = 0.00
<30 Nov 2025 08:55:43> [TSimMgr_Server.netRecv_Synch_Pos_VBS] Sender : 192.168.1.50Platform Name : I Gusti Ngurah Rai - 332 ; Platform ID = 29777 X = 118° 00' 29.8" E Y = 00° 39' 25.3" N Z = 0.000 Course = 360.000 Speed = 0.00 Altitude = 0.00
<30 Nov 2025 08:55:43> [TSimMgr_Server.netRecv_Synch_Pos_VBS] Sender : 192.168.1.50Platform Name : Karel Satsuitubun - 356 ; Platform ID = 29775 X = 117° 50' 30.4" E Y = 00° 35' 06.3" N Z = 0.000 Course = 0.000 Speed = 0.00 Altitude = 0.00
<30 Nov 2025 08:55:43> [TSimMgr_Server.netRecv_Synch_Pos_VBS] Sender : 192.168.1.50Platform Name : Makassar - 590 ; Platform ID = 29768 X = 117° 54' 48.9" E Y = 00° 33' 00.4" N Z = 0.000 Course = 360.000 Speed = 0.00 Altitude = 0.00
<30 Nov 2025 08:55:43> [TSimMgr_Server.netRecv_Synch_Pos_VBS] Sender : 192.168.1.50Platform Name : Surabaya - 591 ; Platform ID = 29769 X = 117° 51' 17.2" E Y = 00° 35' 08.2" N Z = 0.000 Course = 360.000 Speed = 0.00 Altitude = 0.00
<30 Nov 2025 08:55:43> [TSimMgr_Server.netRecv_Synch_Pos_VBS] Sender : 192.168.1.50Platform Name : Surabaya - 591 ; Platform ID = 29769 X = 117° 51' 17.2" E Y = 00° 35' 08.2" N Z = 0.000 Course = 360.000 Speed = 0.00 Altitude = 0.00
<30 Nov 2025 08:55:43> [TSimMgr_Server.netRecv_Synch_Pos_VBS] Sender : 192.168.1.50Platform Name : Surabaya - 591 ; Platform ID = 29769 X = 117° 51' 17.2" E Y = 00° 35' 08.2" N Z = 0.000 Course = 360.000 Speed = 0.00 Altitude = 0.00
<30 Nov 2025 08:55:43> [TSimMgr_Server.netRecv_Synch_Pos_VBS] Sender : 192.168.1.50Platform Name : Teluk Bintuni - 520 ; Platform ID = 29770 X = 117° 58' 00.6" E Y = 00° 34' 28.2" N Z = 0.000 Course = 0.000 Speed = 0.00 Altitude = 0.00
<30 Nov 2025 08:55:43> [TSimMgr_Server.netRecv_Synch_Pos_VBS] Sender : 192.168.1.50Platform Name : Teluk Wondama - 527 ; Platform ID = 29773 X = 117° 54' 00.2" E Y = 00° 37' 07.4" N Z = 0.000 Course = 0.000 Speed = 0.00 Altitude = 0.00
<30 Nov 2025 08:55:43> [TSimMgr_Server.netRecv_Synch_Pos_VBS] Sender : 192.168.1.50Platform Name : Usman-Harun - 359 ; Platform ID = 29800 X = 117° 48' 41.2" E Y = 00° 31' 15.2" N Z = 0.000 Course = 360.000 Speed = 0.00 Altitude = 0.00
<30 Nov 2025 08:55:43> [TSimMgr_Server.netRecv_Synch_Pos_VBS] Sender : 192.168.1.50Platform Name : Australia - Collins ; Platform ID = 29900 X = 117° 55' 39.7" E Y = 00° 39' 00.9" N Z = 0.000 Course = 0.001 Speed = 0.00 Altitude = 0.00
<30 Nov 2025 08:55:44> [TSimMgr_Server.netRecv_Synch_Pos_VBS] Sender : 192.168.1.50Platform Name : Ahmad Yani - 351 ; Platform ID = 29774 X = 117° 56' 47.4" E Y = 00° 38' 16.1" N Z = 0.000 Course = 0.000 Speed = 0.00 Altitude = 0.00
<30 Nov 2025 08:55:44> [TSimMgr_Server.netRecv_Synch_Pos_VBS] Sender : 192.168.1.50Platform Name : Bung Tomo - 357 ; Platform ID = 29799 X = 117° 51' 42.5" E Y = 00° 30' 57.0" N Z = 0.000 Course = 360.000 Speed = 0.00 Altitude = 0.00
<30 Nov 2025 08:55:44> [TSimMgr_Server.netRecv_Synch_Pos_VBS] Sender : 192.168.1.50Platform Name : Diponegoro - 365 ; Platform ID = 29801 X = 118° 00' 16.1" E Y = 00° 36' 17.3" N Z = 0.000 Course = 360.000 Speed = 0.00 Altitude = 0.00
<30 Nov 2025 08:55:44> [TSimMgr_Server.netRecv_Synch_Pos_VBS] Sender : 192.168.1.50Platform Name : Frans Kaisiepo - 368 ; Platform ID = 29776 X = 117° 47' 54.3" E Y = 00° 34' 29.1" N Z = 0.000 Course = 360.000 Speed = 0.00 Altitude = 0.00
<30 Nov 2025 08:55:44> [TSimMgr_Server.netRecv_Synch_Pos_VBS] Sender : 192.168.1.50Platform Name : Frans Kaisiepo - 368 ; Platform ID = 29776 X = 117° 47' 54.3" E Y = 00° 34' 29.1" N Z = 0.000 Course = 360.000 Speed = 0.00 Altitude = 0.00
<30 Nov 2025 08:55:44> [TSimMgr_Server.netRecv_Synch_Pos_VBS] Sender : 192.168.1.50Platform Name : Frans Kaisiepo - 368 ; Platform ID = 29776 X = 117° 47' 54.3" E Y = 00° 34' 29.1" N Z = 0.000 Course = 360.000 Speed = 0.00 Altitude = 0.00
<30 Nov 2025 08:55:44> [TSimMgr_Server.netRecv_Synch_Pos_VBS] Sender : 192.168.1.50Platform Name : I Gusti Ngurah Rai - 332 ; Platform ID = 29777 X = 118° 00' 29.8" E Y = 00° 39' 25.3" N Z = 0.000 Course = 360.000 Speed = 0.00 Altitude = 0.00
<30 Nov 2025 08:55:44> [TSimMgr_Server.netRecv_Synch_Pos_VBS] Sender : 192.168.1.50Platform Name : Karel Satsuitubun - 356 ; Platform ID = 29775 X = 117° 50' 30.4" E Y = 00° 35' 06.3" N Z = 0.000 Course = 0.000 Speed = 0.00 Altitude = 0.00
<30 Nov 2025 08:55:44> [TSimMgr_Server.netRecv_Synch_Pos_VBS] Sender : 192.168.1.50Platform Name : Makassar - 590 ; Platform ID = 29768 X = 117° 54' 48.9" E Y = 00° 33' 00.4" N Z = 0.000 Course = 360.000 Speed = 0.00 Altitude = 0.00
<30 Nov 2025 08:55:44> [TSimMgr_Server.netRecv_Synch_Pos_VBS] Sender : 192.168.1.50Platform Name : Surabaya - 591 ; Platform ID = 29769 X = 117° 51' 17.2" E Y = 00° 35' 08.2" N Z = 0.000 Course = 360.000 Speed = 0.00 Altitude = 0.00
<30 Nov 2025 08:55:44> [TSimMgr_Server.netRecv_Synch_Pos_VBS] Sender : 192.168.1.50Platform Name : Teluk Bintuni - 520 ; Platform ID = 29770 X = 117° 58' 00.6" E Y = 00° 34' 28.2" N Z = 0.000 Course = 0.000 Speed = 0.00 Altitude = 0.00
<30 Nov 2025 08:55:44> [TSimMgr_Server.netRecv_Synch_Pos_VBS] Sender : 192.168.1.50Platform Name : Teluk Wondama - 527 ; Platform ID = 29773 X = 117° 54' 00.2" E Y = 00° 37' 07.4" N Z = 0.000 Course = 0.000 Speed = 0.00 Altitude = 0.00
<30 Nov 2025 08:55:44> [TSimMgr_Server.netRecv_Synch_Pos_VBS] Sender : 192.168.1.50Platform Name : Usman-Harun - 359 ; Platform ID = 29800 X = 117° 48' 41.2" E Y = 00° 31' 15.2" N Z = 0.000 Course = 360.000 Speed = 0.00 Altitude = 0.00
<30 Nov 2025 08:55:44> [TSimMgr_Server.netRecv_Synch_Pos_VBS] Sender : 192.168.1.50Platform Name : Australia - Collins ; Platform ID = 29900 X = 117° 55' 39.7" E Y = 00° 39' 00.9" N Z = 0.000 Course = 0.000 Speed = 0.00 Altitude = 0.00
<30 Nov 2025 08:55:44> [TSimMgr_Server.netRecv_Synch_Pos_VBS] Sender : 192.168.1.50Platform Name : Australia - Collins ; Platform ID = 29900 X = 117° 55' 39.7" E Y = 00° 39' 00.9" N Z = 0.000 Course = 0.000 Speed = 0.00 Altitude = 0.00
<30 Nov 2025 08:55:44> [TSimMgr_Server.netRecv_Synch_Pos_VBS] Sender : 192.168.1.50Platform Name : Australia - Collins ; Platform ID = 29900 X = 117° 55' 39.7" E Y = 00° 39' 00.9" N Z = 0.000 Course = 0.000 Speed = 0.00 Altitude = 0.00
<30 Nov 2025 08:55:44> [TSimMgr_Server.netRecv_Synch_Pos_VBS] Sender : 192.168.1.50Platform Name : Australia - Collins ; Platform ID = 29900 X = 117° 55' 39.7" E Y = 00° 39' 00.9" N Z = 0.000 Course = 0.000 Speed = 0.00 Altitude = 0.00
<30 Nov 2025 08:55:44> [TSimMgr_Server.netRecv_Synch_Pos_VBS] Sender : 192.168.1.50Platform Name : Australia - Collins ; Platform ID = 29900 X = 117° 55' 39.7" E Y = 00° 39' 00.9" N Z = 0.000 Course = 0.000 Speed = 0.00 Altitude = 0.00
<30 Nov 2025 08:55:45> [TSimMgr_Server.netRecv_Synch_Pos_VBS] Sender : 192.168.1.50Platform Name : Ahmad Yani - 351 ; Platform ID = 29774 X = 117° 56' 47.4" E Y = 00° 38' 16.1" N Z = 0.000 Course = 0.000 Speed = 0.00 Altitude = 0.00
<30 Nov 2025 08:55:45> [TSimMgr_Server.netRecv_Synch_Pos_VBS] Sender : 192.168.1.50Platform Name : Bung Tomo - 357 ; Platform ID = 29799 X = 117° 51' 42.5" E Y = 00° 30' 57.0" N Z = 0.000 Course = 360.000 Speed = 0.00 Altitude = 0.00
<30 Nov 2025 08:55:45> [TSimMgr_Server.netRecv_Synch_Pos_VBS] Sender : 192.168.1.50Platform Name : Diponegoro - 365 ; Platform ID = 29801 X = 118° 00' 16.1" E Y = 00° 36' 17.3" N Z = 0.000 Course = 360.000 Speed = 0.00 Altitude = 0.00
<30 Nov 2025 08:55:45> [TSimMgr_Server.netRecv_Synch_Pos_VBS] Sender : 192.168.1.50Platform Name : Frans Kaisiepo - 368 ; Platform ID = 29776 X = 117° 47' 54.3" E Y = 00° 34' 29.1" N Z = 0.000 Course = 360.000 Speed = 0.00 Altitude = 0.00
<30 Nov 2025 08:55:45> [TSimMgr_Server.netRecv_Synch_Pos_VBS] Sender : 192.168.1.50Platform Name : I Gusti Ngurah Rai - 332 ; Platform ID = 29777 X = 118° 00' 29.8" E Y = 00° 39' 25.3" N Z = 0.000 Course = 360.000 Speed = 0.00 Altitude = 0.00
<30 Nov 2025 08:55:45> [TSimMgr_Server.netRecv_Synch_Pos_VBS] Sender : 192.168.1.50Platform Name : Karel Satsuitubun - 356 ; Platform ID = 29775 X = 117° 50' 30.4" E Y = 00° 35' 06.3" N Z = 0.000 Course = 0.000 Speed = 0.00 Altitude = 0.00
<30 Nov 2025 08:55:45> [TSimMgr_Server.netRecv_Synch_Pos_VBS] Sender : 192.168.1.50Platform Name : Makassar - 590 ; Platform ID = 29768 X = 117° 54' 48.9" E Y = 00° 33' 00.4" N Z = 0.000 Course = 360.000 Speed = 0.00 Altitude = 0.00
<30 Nov 2025 08:55:45> [TSimMgr_Server.netRecv_Synch_Pos_VBS] Sender : 192.168.1.50Platform Name : Surabaya - 591 ; Platform ID = 29769 X = 117° 51' 17.2" E Y = 00° 35' 08.2" N Z = 0.000 Course = 360.000 Speed = 0.00 Altitude = 0.00
<30 Nov 2025 08:55:45> [TSimMgr_Server.netRecv_Synch_Pos_VBS] Sender : 192.168.1.50Platform Name : Teluk Bintuni - 520 ; Platform ID = 29770 X = 117° 58' 00.6" E Y = 00° 34' 28.2" N Z = 0.000 Course = 0.000 Speed = 0.00 Altitude = 0.00
<30 Nov 2025 08:55:45> [TSimMgr_Server.netRecv_Synch_Pos_VBS] Sender : 192.168.1.50Platform Name : Teluk Bintuni - 520 ; Platform ID = 29770 X = 117° 58' 00.6" E Y = 00° 34' 28.2" N Z = 0.000 Course = 0.000 Speed = 0.00 Altitude = 0.00
<30 Nov 2025 08:55:45> [TSimMgr_Server.netRecv_Synch_Pos_VBS] Sender : 192.168.1.50Platform Name : Teluk Bintuni - 520 ; Platform ID = 29770 X = 117° 58' 00.6" E Y = 00° 34' 28.2" N Z = 0.000 Course = 0.000 Speed = 0.00 Altitude = 0.00
<30 Nov 2025 08:55:45> [TSimMgr_Server.netRecv_Synch_Pos_VBS] Sender : 192.168.1.50Platform Name : Teluk Wondama - 527 ; Platform ID = 29773 X = 117° 54' 00.2" E Y = 00° 37' 07.4" N Z = 0.000 Course = 0.000 Speed = 0.00 Altitude = 0.00
<30 Nov 2025 08:55:45> [TSimMgr_Server.netRecv_Synch_Pos_VBS] Sender : 192.168.1.50Platform Name : Teluk Wondama - 527 ; Platform ID = 29773 X = 117° 54' 00.2" E Y = 00° 37' 07.4" N Z = 0.000 Course = 0.000 Speed = 0.00 Altitude = 0.00
<30 Nov 2025 08:55:45> [TSimMgr_Server.netRecv_Synch_Pos_VBS] Sender : 192.168.1.50Platform Name : Teluk Wondama - 527 ; Platform ID = 29773 X = 117° 54' 00.2" E Y = 00° 37' 07.4" N Z = 0.000 Course = 0.000 Speed = 0.00 Altitude = 0.00
<30 Nov 2025 08:55:45> [TSimMgr_Server.netRecv_Synch_Pos_VBS] Sender : 192.168.1.50Platform Name : Teluk Wondama - 527 ; Platform ID = 29773 X = 117° 54' 00.2" E Y = 00° 37' 07.4" N Z = 0.000 Course = 0.000 Speed = 0.00 Altitude = 0.00
<30 Nov 2025 08:55:45> [TSimMgr_Server.netRecv_Synch_Pos_VBS] Sender : 192.168.1.50Platform Name : Teluk Wondama - 527 ; Platform ID = 29773 X = 117° 54' 00.2" E Y = 00° 37' 07.4" N Z = 0.000 Course = 0.000 Speed = 0.00 Altitude = 0.00
<30 Nov 2025 08:55:45> [TSimMgr_Server.netRecv_Synch_Pos_VBS] Sender : 192.168.1.50Platform Name : Usman-Harun - 359 ; Platform ID = 29800 X = 117° 48' 41.2" E Y = 00° 31' 15.2" N Z = 0.000 Course = 360.000 Speed = 0.00 Altitude = 0.00
<30 Nov 2025 08:55:46> [TSimMgr_Server.netRecv_Synch_Pos_VBS] Sender : 192.168.1.50Platform Name : Australia - Collins ; Platform ID = 29900 X = 117° 55' 39.7" E Y = 00° 39' 00.9" N Z = 0.000 Course = 359.999 Speed = 0.00 Altitude = 0.00
<30 Nov 2025 08:55:47> [TSimMgr_Server.netRecv_Synch_Pos_VBS] Sender : 192.168.1.50Platform Name : Ahmad Yani - 351 ; Platform ID = 29774 X = 117° 56' 47.4" E Y = 00° 38' 16.1" N Z = 0.000 Course = 0.000 Speed = 0.00 Altitude = 0.00
<30 Nov 2025 08:55:47> [TSimMgr_Server.netRecv_Synch_Pos_VBS] Sender : 192.168.1.50Platform Name : Bung Tomo - 357 ; Platform ID = 29799 X = 117° 51' 42.5" E Y = 00° 30' 57.0" N Z = 0.000 Course = 360.000 Speed = 0.00 Altitude = 0.00
<30 Nov 2025 08:55:47> [TSimMgr_Server.netRecv_Synch_Pos_VBS] Sender : 192.168.1.50Platform Name : Diponegoro - 365 ; Platform ID = 29801 X = 118° 00' 16.1" E Y = 00° 36' 17.3" N Z = 0.000 Course = 360.000 Speed = 0.00 Altitude = 0.00
<30 Nov 2025 08:55:47> [TSimMgr_Server.netRecv_Synch_Pos_VBS] Sender : 192.168.1.50Platform Name : Frans Kaisiepo - 368 ; Platform ID = 29776 X = 117° 47' 54.3" E Y = 00° 34' 29.1" N Z = 0.000 Course = 360.000 Speed = 0.00 Altitude = 0.00
<30 Nov 2025 08:55:47> [TSimMgr_Server.netRecv_Synch_Pos_VBS] Sender : 192.168.1.50Platform Name : I Gusti Ngurah Rai - 332 ; Platform ID = 29777 X = 118° 00' 29.8" E Y = 00° 39' 25.3" N Z = 0.000 Course = 360.000 Speed = 0.00 Altitude = 0.00
<30 Nov 2025 08:55:47> [TSimMgr_Server.netRecv_Synch_Pos_VBS] Sender : 192.168.1.50Platform Name : Karel Satsuitubun - 356 ; Platform ID = 29775 X = 117° 50' 30.4" E Y = 00° 35' 06.3" N Z = 0.000 Course = 0.000 Speed = 0.00 Altitude = 0.00
<30 Nov 2025 08:55:47> [TSimMgr_Server.netRecv_Synch_Pos_VBS] Sender : 192.168.1.50Platform Name : Makassar - 590 ; Platform ID = 29768 X = 117° 54' 48.9" E Y = 00° 33' 00.4" N Z = 0.000 Course = 360.000 Speed = 0.00 Altitude = 0.00
<30 Nov 2025 08:55:47> [TSimMgr_Server.netRecv_Synch_Pos_VBS] Sender : 192.168.1.50Platform Name : Makassar - 590 ; Platform ID = 29768 X = 117° 54' 48.9" E Y = 00° 33' 00.4" N Z = 0.000 Course = 360.000 Speed = 0.00 Altitude = 0.00
<30 Nov 2025 08:55:47> [TSimMgr_Server.netRecv_Synch_Pos_VBS] Sender : 192.168.1.50Platform Name : Surabaya - 591 ; Platform ID = 29769 X = 117° 51' 17.2" E Y = 00° 35' 08.2" N Z = 0.000 Course = 360.000 Speed = 0.00 Altitude = 0.00
<30 Nov 2025 08:55:47> [TSimMgr_Server.netRecv_Synch_Pos_VBS] Sender : 192.168.1.50Platform Name : Surabaya - 591 ; Platform ID = 29769 X = 117° 51' 17.2" E Y = 00° 35' 08.2" N Z = 0.000 Course = 360.000 Speed = 0.00 Altitude = 0.00
<30 Nov 2025 08:55:47> [TSimMgr_Server.netRecv_Synch_Pos_VBS] Sender : 192.168.1.50Platform Name : Surabaya - 591 ; Platform ID = 29769 X = 117° 51' 17.2" E Y = 00° 35' 08.2" N Z = 0.000 Course = 360.000 Speed = 0.00 Altitude = 0.00
<30 Nov 2025 08:55:47> [TSimMgr_Server.netRecv_Synch_Pos_VBS] Sender : 192.168.1.50Platform Name : Surabaya - 591 ; Platform ID = 29769 X = 117° 51' 17.2" E Y = 00° 35' 08.2" N Z = 0.000 Course = 360.000 Speed = 0.00 Altitude = 0.00
<30 Nov 2025 08:55:47> [TSimMgr_Server.netRecv_Synch_Pos_VBS] Sender : 192.168.1.50Platform Name : Teluk Bintuni - 520 ; Platform ID = 29770 X = 117° 58' 00.6" E Y = 00° 34' 28.2" N Z = 0.000 Course = 0.000 Speed = 0.00 Altitude = 0.00
<30 Nov 2025 08:55:47> [TSimMgr_Server.netRecv_Synch_Pos_VBS] Sender : 192.168.1.50Platform Name : Teluk Bintuni - 520 ; Platform ID = 29770 X = 117° 58' 00.6" E Y = 00° 34' 28.2" N Z = 0.000 Course = 0.000 Speed = 0.00 Altitude = 0.00
<30 Nov 2025 08:55:47> [TSimMgr_Server.netRecv_Synch_Pos_VBS] Sender : 192.168.1.50Platform Name : Teluk Bintuni - 520 ; Platform ID = 29770 X = 117° 58' 00.6" E Y = 00° 34' 28.2" N Z = 0.000 Course = 0.000 Speed = 0.00 Altitude = 0.00
<30 Nov 2025 08:55:47> [TSimMgr_Server.netRecv_Synch_Pos_VBS] Sender : 192.168.1.50Platform Name : Teluk Wondama - 527 ; Platform ID = 29773 X = 117° 54' 00.2" E Y = 00° 37' 07.4" N Z = 0.000 Course = 0.000 Speed = 0.00 Altitude = 0.00
<30 Nov 2025 08:55:47> [TSimMgr_Server.netRecv_Synch_Pos_VBS] Sender : 192.168.1.50Platform Name : Usman-Harun - 359 ; Platform ID = 29800 X = 117° 48' 41.2" E Y = 00° 31' 15.2" N Z = 0.000 Course = 360.000 Speed = 0.00 Altitude = 0.00
<30 Nov 2025 08:55:47> [TSimMgr_Server.netRecv_Synch_Pos_VBS] Sender : 192.168.1.50Platform Name : Australia - Collins ; Platform ID = 29900 X = 117° 55' 39.7" E Y = 00° 39' 00.9" N Z = 0.000 Course = 0.001 Speed = 0.00 Altitude = 0.00
<30 Nov 2025 08:55:47> [TSimMgr_Server.netRecv_Synch_Pos_VBS] Sender : 192.168.1.50Platform Name : Australia - Collins ; Platform ID = 29900 X = 117° 55' 39.7" E Y = 00° 39' 00.9" N Z = 0.000 Course = 0.001 Speed = 0.00 Altitude = 0.00
<30 Nov 2025 08:55:47> [TSimMgr_Server.netRecv_Synch_Pos_VBS] Sender : 192.168.1.50Platform Name : Australia - Collins ; Platform ID = 29900 X = 117° 55' 39.7" E Y = 00° 39' 00.9" N Z = 0.000 Course = 0.001 Speed = 0.00 Altitude = 0.00
<30 Nov 2025 08:55:48> [TSimMgr_Server.netRecv_Synch_Pos_VBS] Sender : 192.168.1.50Platform Name : Ahmad Yani - 351 ; Platform ID = 29774 X = 117° 56' 47.4" E Y = 00° 38' 16.1" N Z = 0.000 Course = 0.000 Speed = 0.00 Altitude = 0.00
<30 Nov 2025 08:55:48> [TSimMgr_Server.netRecv_Synch_Pos_VBS] Sender : 192.168.1.50Platform Name : Bung Tomo - 357 ; Platform ID = 29799 X = 117° 51' 42.5" E Y = 00° 30' 57.0" N Z = 0.000 Course = 360.000 Speed = 0.00 Altitude = 0.00
<30 Nov 2025 08:55:48> [TSimMgr_Server.netRecv_Synch_Pos_VBS] Sender : 192.168.1.50Platform Name : Diponegoro - 365 ; Platform ID = 29801 X = 118° 00' 16.1" E Y = 00° 36' 17.3" N Z = 0.000 Course = 360.000 Speed = 0.00 Altitude = 0.00
<30 Nov 2025 08:55:48> [TSimMgr_Server.netRecv_Synch_Pos_VBS] Sender : 192.168.1.50Platform Name : Frans Kaisiepo - 368 ; Platform ID = 29776 X = 117° 47' 54.3" E Y = 00° 34' 29.1" N Z = 0.000 Course = 360.000 Speed = 0.00 Altitude = 0.00
<30 Nov 2025 08:55:48> [TSimMgr_Server.netRecv_Synch_Pos_VBS] Sender : 192.168.1.50Platform Name : I Gusti Ngurah Rai - 332 ; Platform ID = 29777 X = 118° 00' 29.8" E Y = 00° 39' 25.3" N Z = 0.000 Course = 360.000 Speed = 0.00 Altitude = 0.00
<30 Nov 2025 08:55:48> [TSimMgr_Server.netRecv_Synch_Pos_VBS] Sender : 192.168.1.50Platform Name : Karel Satsuitubun - 356 ; Platform ID = 29775 X = 117° 50' 30.4" E Y = 00° 35' 06.3" N Z = 0.000 Course = 0.000 Speed = 0.00 Altitude = 0.00
<30 Nov 2025 08:55:48> [TSimMgr_Server.netRecv_Synch_Pos_VBS] Sender : 192.168.1.50Platform Name : Makassar - 590 ; Platform ID = 29768 X = 117° 54' 48.9" E Y = 00° 33' 00.4" N Z = 0.000 Course = 360.000 Speed = 0.00 Altitude = 0.00
<30 Nov 2025 08:55:48> [TSimMgr_Server.netRecv_Synch_Pos_VBS] Sender : 192.168.1.50Platform Name : Surabaya - 591 ; Platform ID = 29769 X = 117° 51' 17.2" E Y = 00° 35' 08.2" N Z = 0.000 Course = 360.000 Speed = 0.00 Altitude = 0.00
<30 Nov 2025 08:55:48> [TSimMgr_Server.netRecv_Synch_Pos_VBS] Sender : 192.168.1.50Platform Name : Teluk Bintuni - 520 ; Platform ID = 29770 X = 117° 58' 00.6" E Y = 00° 34' 28.2" N Z = 0.000 Course = 0.000 Speed = 0.00 Altitude = 0.00
<30 Nov 2025 08:55:48> [TSimMgr_Server.netRecv_Synch_Pos_VBS] Sender : 192.168.1.50Platform Name : Teluk Wondama - 527 ; Platform ID = 29773 X = 117° 54' 00.2" E Y = 00° 37' 07.4" N Z = 0.000 Course = 0.000 Speed = 0.00 Altitude = 0.00
<30 Nov 2025 08:55:48> [TSimMgr_Server.netRecv_Synch_Pos_VBS] Sender : 192.168.1.50Platform Name : Usman-Harun - 359 ; Platform ID = 29800 X = 117° 48' 41.2" E Y = 00° 31' 15.2" N Z = 0.000 Course = 360.000 Speed = 0.00 Altitude = 0.00
<30 Nov 2025 08:55:48> [TSimMgr_Server.netRecv_Synch_Pos_VBS] Sender : 192.168.1.50Platform Name : Australia - Collins ; Platform ID = 29900 X = 117° 55' 39.7" E Y = 00° 39' 00.9" N Z = 0.000 Course = 0.000 Speed = 0.00 Altitude = 0.00
<30 Nov 2025 08:55:48> [TSimMgr_Server.netRecv_Synch_Pos_VBS] Sender : 192.168.1.50Platform Name : Australia - Collins ; Platform ID = 29900 X = 117° 55' 39.7" E Y = 00° 39' 00.9" N Z = 0.000 Course = 0.000 Speed = 0.00 Altitude = 0.00
<30 Nov 2025 08:55:48> [TSimMgr_Server.netRecv_Synch_Pos_VBS] Sender : 192.168.1.50Platform Name : Australia - Collins ; Platform ID = 29900 X = 117° 55' 39.7" E Y = 00° 39' 00.9" N Z = 0.000 Course = 0.000 Speed = 0.00 Altitude = 0.00
<30 Nov 2025 08:55:48> [TSimMgr_Server.netRecv_Synch_Pos_VBS] Sender : 192.168.1.50Platform Name : Australia - Collins ; Platform ID = 29900 X = 117° 55' 39.7" E Y = 00° 39' 00.9" N Z = 0.000 Course = 0.000 Speed = 0.00 Altitude = 0.00
<30 Nov 2025 08:55:48> [TSimMgr_Server.netRecv_Synch_Pos_VBS] Sender : 192.168.1.50Platform Name : Australia - Collins ; Platform ID = 29900 X = 117° 55' 39.7" E Y = 00° 39' 00.9" N Z = 0.000 Course = 0.000 Speed = 0.00 Altitude = 0.00
<30 Nov 2025 08:55:48> [TSimMgr_Server.netRecv_Synch_Pos_VBS] Sender : 192.168.1.50Platform Name : Australia - Collins ; Platform ID = 29900 X = 117° 55' 39.7" E Y = 00° 39' 00.9" N Z = 0.000 Course = 0.000 Speed = 0.00 Altitude = 0.00
<30 Nov 2025 08:55:48> [TSimMgr_Server.netRecv_Synch_Pos_VBS] Sender : 192.168.1.50Platform Name : Australia - Collins ; Platform ID = 29900 X = 117° 55' 39.7" E Y = 00° 39' 00.9" N Z = 0.000 Course = 0.000 Speed = 0.00 Altitude = 0.00
<30 Nov 2025 08:55:48> [TSimMgr_Server.netRecv_Synch_Pos_VBS] Sender : 192.168.1.50Platform Name : Australia - Collins ; Platform ID = 29900 X = 117° 55' 39.7" E Y = 00° 39' 00.9" N Z = 0.000 Course = 0.000 Speed = 0.00 Altitude = 0.00
<30 Nov 2025 08:55:48> [TSimMgr_Server.netRecv_Synch_Pos_VBS] Sender : 192.168.1.50Platform Name : Australia - Collins ; Platform ID = 29900 X = 117° 55' 39.7" E Y = 00° 39' 00.9" N Z = 0.000 Course = 0.000 Speed = 0.00 Altitude = 0.00
<30 Nov 2025 08:55:48> [TSimMgr_Server.netRecv_Synch_Pos_VBS] Sender : 192.168.1.50Platform Name : Australia - Collins ; Platform ID = 29900 X = 117° 55' 39.7" E Y = 00° 39' 00.9" N Z = 0.000 Course = 0.000 Speed = 0.00 Altitude = 0.00
<30 Nov 2025 08:55:48> [TSimMgr_Server.netRecv_Synch_Pos_VBS] Sender : 192.168.1.50Platform Name : Australia - Collins ; Platform ID = 29900 X = 117° 55' 39.7" E Y = 00° 39' 00.9" N Z = 0.000 Course = 0.000 Speed = 0.00 Altitude = 0.00
<30 Nov 2025 08:55:48> [TSimMgr_Server.netRecv_Synch_Pos_VBS] Sender : 192.168.1.50Platform Name : Australia - Collins ; Platform ID = 29900 X = 117° 55' 39.7" E Y = 00° 39' 00.9" N Z = 0.000 Course = 0.000 Speed = 0.00 Altitude = 0.00
<30 Nov 2025 08:55:49> [TSimMgr_Client.LogEventRecv] <0031> CPID_UDP_PLATFORM_MOVE
<30 Nov 2025 08:55:49> [TSimMgr_Client.LogEventRecv] <0031> CPID_UDP_PLATFORM_MOVE
<30 Nov 2025 08:55:49> [TSimMgr_Client.LogEventRecv] <0031> CPID_UDP_PLATFORM_MOVE
<30 Nov 2025 08:55:49> [TSimMgr_Client.LogEventRecv] <0031> CPID_UDP_PLATFORM_MOVE
<30 Nov 2025 08:55:49> [TSimMgr_Client.LogEventRecv] <0031> CPID_UDP_PLATFORM_MOVE
<30 Nov 2025 08:55:49> [TSimMgr_Client.LogEventRecv] <0031> CPID_UDP_PLATFORM_MOVE
<30 Nov 2025 08:55:49> [TSimMgr_Client.LogEventRecv] <0031> CPID_UDP_PLATFORM_MOVE
<30 Nov 2025 08:55:49> [TSimMgr_Client.LogEventRecv] <0031> CPID_UDP_PLATFORM_MOVE
<30 Nov 2025 08:55:49> [TSimMgr_Client.LogEventRecv] <0031> CPID_UDP_PLATFORM_MOVE
<30 Nov 2025 08:55:49> [TSimMgr_Client.LogEventRecv] <0031> CPID_UDP_PLATFORM_MOVE
<30 Nov 2025 08:55:49> [TSimMgr_Client.LogEventRecv] <0031> CPID_UDP_PLATFORM_MOVE
<30 Nov 2025 08:55:49> [TSimMgr_Client.LogEventRecv] <0031> CPID_UDP_PLATFORM_MOVE
<30 Nov 2025 08:55:49> [TSimMgr_Client.LogEventRecv] <0031> CPID_UDP_PLATFORM_MOVE
<30 Nov 2025 08:55:49> [TSimMgr_Client.LogEventRecv] <0031> CPID_UDP_PLATFORM_MOVE
<30 Nov 2025 08:55:49> [TSimMgr_Client.LogEventRecv] <0031> CPID_UDP_PLATFORM_MOVE
<30 Nov 2025 08:55:49> [TSimMgr_Client.LogEventRecv] <0031> CPID_UDP_PLATFORM_MOVE
<30 Nov 2025 08:55:49> [TSimMgr_Client.LogEventRecv] <0031> CPID_UDP_PLATFORM_MOVE
<30 Nov 2025 08:55:49> [TSimMgr_Client.LogEventRecv] <0031> CPID_UDP_PLATFORM_MOVE
<30 Nov 2025 08:55:49> [TSimMgr_Client.LogEventRecv] <0031> CPID_UDP_PLATFORM_MOVE
<30 Nov 2025 08:55:49> [TSimMgr_Client.LogEventRecv] <0031> CPID_UDP_PLATFORM_MOVE
<30 Nov 2025 08:55:49> [TSimMgr_Client.LogEventRecv] <0031> CPID_UDP_PLATFORM_MOVE
<30 Nov 2025 08:55:49> [TSimMgr_Client.LogEventRecv] <0031> CPID_UDP_PLATFORM_MOVE
<30 Nov 2025 08:55:49> [TSimMgr_Client.LogEventRecv] <0031> CPID_UDP_PLATFORM_MOVE
<30 Nov 2025 08:55:49> [TSimMgr_Client.LogEventRecv] <0031> CPID_UDP_PLATFORM_MOVE
<30 Nov 2025 08:55:49> [TSimMgr_Client.LogEventRecv] <0031> CPID_UDP_PLATFORM_MOVE
<30 Nov 2025 08:55:49> [TSimMgr_Client.LogEventRecv] <0031> CPID_UDP_PLATFORM_MOVE
<30 Nov 2025 08:55:49> [TSimMgr_Client.LogEventRecv] <0031> CPID_UDP_PLATFORM_MOVE
<30 Nov 2025 08:55:49> [TSimMgr_Client.LogEventRecv] <0031> CPID_UDP_PLATFORM_MOVE
<30 Nov 2025 08:55:49> [TSimMgr_Client.LogEventRecv] <0031> CPID_UDP_PLATFORM_MOVE
<30 Nov 2025 08:55:49> [TSimMgr_Client.LogEventRecv] <0031> CPID_UDP_PLATFORM_MOVE
<30 Nov 2025 08:55:49> [TSimMgr_Client.LogEventRecv] <0031> CPID_UDP_PLATFORM_MOVE
<30 Nov 2025 08:55:49> [TSimMgr_Client.LogEventRecv] <0031> CPID_UDP_PLATFORM_MOVE
<30 Nov 2025 08:55:49> [TSimMgr_Client.LogEventRecv] <0031> CPID_UDP_PLATFORM_MOVE
<30 Nov 2025 08:55:49> [TSimMgr_Client.LogEventRecv] <0031> CPID_UDP_PLATFORM_MOVE
<30 Nov 2025 08:55:49> [TSimMgr_Client.LogEventRecv] <0031> CPID_UDP_PLATFORM_MOVE
<30 Nov 2025 08:55:49> [TSimMgr_Client.LogEventRecv] <0031> CPID_UDP_PLATFORM_MOVE
<30 Nov 2025 08:55:49> [TSimMgr_Client.LogEventRecv] <0031> CPID_UDP_PLATFORM_MOVE
<30 Nov 2025 08:55:49> [TSimMgr_Client.LogEventRecv] <0031> CPID_UDP_PLATFORM_MOVE
<30 Nov 2025 08:55:49> [TSimMgr_Client.LogEventRecv] <0031> CPID_UDP_PLATFORM_MOVE
<30 Nov 2025 08:55:49> [TSimMgr_Client.LogEventRecv] <0031> CPID_UDP_PLATFORM_MOVE
<30 Nov 2025 08:55:49> [TSimMgr_Client.LogEventRecv] <0031> CPID_UDP_PLATFORM_MOVE
<30 Nov 2025 08:55:49> [TSimMgr_Client.LogEventRecv] <0031> CPID_UDP_PLATFORM_MOVE
<30 Nov 2025 08:55:49> [TSimMgr_Client.LogEventRecv] <0031> CPID_UDP_PLATFORM_MOVE
<30 Nov 2025 08:55:49> [TSimMgr_Client.LogEventRecv] <0031> CPID_UDP_PLATFORM_MOVE
<30 Nov 2025 08:55:49> [TSimMgr_Client.LogEventRecv] <0031> CPID_UDP_PLATFORM_MOVE
<30 Nov 2025 08:55:49> [TSimMgr_Client.LogEventRecv] <0031> CPID_UDP_PLATFORM_MOVE
<30 Nov 2025 08:55:49> [TSimMgr_Client.LogEventRecv] <0031> CPID_UDP_PLATFORM_MOVE
<30 Nov 2025 08:55:49> [TSimMgr_Client.LogEventRecv] <0031> CPID_UDP_PLATFORM_MOVE
<30 Nov 2025 08:55:49> [TSimMgr_Client.LogEventRecv] <0031> CPID_UDP_PLATFORM_MOVE
<30 Nov 2025 08:55:49> [TSimMgr_Client.LogEventRecv] <0031> CPID_UDP_PLATFORM_MOVE
<30 Nov 2025 08:55:49> [TSimMgr_Client.LogEventRecv] <0031> CPID_UDP_PLATFORM_MOVE
<30 Nov 2025 08:55:49> [TSimMgr_Server.netRecv_Synch_Pos_VBS] Sender : 192.168.1.50Platform Name : Ahmad Yani - 351 ; Platform ID = 29774 X = 117° 56' 47.4" E Y = 00° 38' 16.1" N Z = 0.000 Course = 0.000 Speed = 0.00 Altitude = 0.00
<30 Nov 2025 08:55:49> [TSimMgr_Server.netRecv_Synch_Pos_VBS] Sender : 192.168.1.50Platform Name : Bung Tomo - 357 ; Platform ID = 29799 X = 117° 51' 42.5" E Y = 00° 30' 57.0" N Z = 0.000 Course = 360.000 Speed = 0.00 Altitude = 0.00
<30 Nov 2025 08:55:49> [TSimMgr_Server.netRecv_Synch_Pos_VBS] Sender : 192.168.1.50Platform Name : Diponegoro - 365 ; Platform ID = 29801 X = 118° 00' 16.1" E Y = 00° 36' 17.3" N Z = 0.000 Course = 360.000 Speed = 0.00 Altitude = 0.00
<30 Nov 2025 08:55:49> [TSimMgr_Server.netRecv_Synch_Pos_VBS] Sender : 192.168.1.50Platform Name : Frans Kaisiepo - 368 ; Platform ID = 29776 X = 117° 47' 54.3" E Y = 00° 34' 29.1" N Z = 0.000 Course = 360.000 Speed = 0.00 Altitude = 0.00
<30 Nov 2025 08:55:49> [TSimMgr_Server.netRecv_Synch_Pos_VBS] Sender : 192.168.1.50Platform Name : Frans Kaisiepo - 368 ; Platform ID = 29776 X = 117° 47' 54.3" E Y = 00° 34' 29.1" N Z = 0.000 Course = 360.000 Speed = 0.00 Altitude = 0.00
<30 Nov 2025 08:55:49> [TSimMgr_Server.netRecv_Synch_Pos_VBS] Sender : 192.168.1.50Platform Name : Frans Kaisiepo - 368 ; Platform ID = 29776 X = 117° 47' 54.3" E Y = 00° 34' 29.1" N Z = 0.000 Course = 360.000 Speed = 0.00 Altitude = 0.00
<30 Nov 2025 08:55:49> [TSimMgr_Server.netRecv_Synch_Pos_VBS] Sender : 192.168.1.50Platform Name : I Gusti Ngurah Rai - 332 ; Platform ID = 29777 X = 118° 00' 29.8" E Y = 00° 39' 25.3" N Z = 0.000 Course = 360.000 Speed = 0.00 Altitude = 0.00
<30 Nov 2025 08:55:49> [TSimMgr_Server.netRecv_Synch_Pos_VBS] Sender : 192.168.1.50Platform Name : Karel Satsuitubun - 356 ; Platform ID = 29775 X = 117° 50' 30.4" E Y = 00° 35' 06.3" N Z = 0.000 Course = 0.000 Speed = 0.00 Altitude = 0.00
<30 Nov 2025 08:55:49> [TSimMgr_Server.netRecv_Synch_Pos_VBS] Sender : 192.168.1.50Platform Name : Makassar - 590 ; Platform ID = 29768 X = 117° 54' 48.9" E Y = 00° 33' 00.4" N Z = 0.000 Course = 360.000 Speed = 0.00 Altitude = 0.00
<30 Nov 2025 08:55:49> [TSimMgr_Server.netRecv_Synch_Pos_VBS] Sender : 192.168.1.50Platform Name : Surabaya - 591 ; Platform ID = 29769 X = 117° 51' 17.2" E Y = 00° 35' 08.2" N Z = 0.000 Course = 360.000 Speed = 0.00 Altitude = 0.00
<30 Nov 2025 08:55:49> [TSimMgr_Server.netRecv_Synch_Pos_VBS] Sender : 192.168.1.50Platform Name : Teluk Bintuni - 520 ; Platform ID = 29770 X = 117° 58' 00.6" E Y = 00° 34' 28.2" N Z = 0.000 Course = 0.000 Speed = 0.00 Altitude = 0.00
<30 Nov 2025 08:55:49> [TSimMgr_Server.netRecv_Synch_Pos_VBS] Sender : 192.168.1.50Platform Name : Teluk Bintuni - 520 ; Platform ID = 29770 X = 117° 58' 00.6" E Y = 00° 34' 28.2" N Z = 0.000 Course = 0.000 Speed = 0.00 Altitude = 0.00
<30 Nov 2025 08:55:49> [TSimMgr_Server.netRecv_Synch_Pos_VBS] Sender : 192.168.1.50Platform Name : Teluk Wondama - 527 ; Platform ID = 29773 X = 117° 54' 00.2" E Y = 00° 37' 07.4" N Z = 0.000 Course = 0.000 Speed = 0.00 Altitude = 0.00
<30 Nov 2025 08:55:49> [TSimMgr_Server.netRecv_Synch_Pos_VBS] Sender : 192.168.1.50Platform Name : Usman-Harun - 359 ; Platform ID = 29800 X = 117° 48' 41.2" E Y = 00° 31' 15.2" N Z = 0.000 Course = 360.000 Speed = 0.00 Altitude = 0.00
<30 Nov 2025 08:55:49> [TSimMgr_Server.netRecv_Synch_Pos_VBS] Sender : 192.168.1.50Platform Name : Australia - Collins ; Platform ID = 29900 X = 117° 55' 39.7" E Y = 00° 39' 00.9" N Z = 0.000 Course = 359.999 Speed = 0.00 Altitude = 0.00
<30 Nov 2025 08:55:51> [TSimMgr_Server.netRecv_Synch_Pos_VBS] Sender : 192.168.1.50Platform Name : Ahmad Yani - 351 ; Platform ID = 29774 X = 117° 56' 47.4" E Y = 00° 38' 16.1" N Z = 0.000 Course = 0.000 Speed = 0.00 Altitude = 0.00
<30 Nov 2025 08:55:51> [TSimMgr_Server.netRecv_Synch_Pos_VBS] Sender : 192.168.1.50Platform Name : Bung Tomo - 357 ; Platform ID = 29799 X = 117° 51' 42.5" E Y = 00° 30' 57.0" N Z = 0.000 Course = 360.000 Speed = 0.00 Altitude = 0.00
<30 Nov 2025 08:55:51> [TSimMgr_Server.netRecv_Synch_Pos_VBS] Sender : 192.168.1.50Platform Name : Diponegoro - 365 ; Platform ID = 29801 X = 118° 00' 16.1" E Y = 00° 36' 17.3" N Z = 0.000 Course = 360.000 Speed = 0.00 Altitude = 0.00
<30 Nov 2025 08:55:51> [TSimMgr_Server.netRecv_Synch_Pos_VBS] Sender : 192.168.1.50Platform Name : Frans Kaisiepo - 368 ; Platform ID = 29776 X = 117° 47' 54.3" E Y = 00° 34' 29.1" N Z = 0.000 Course = 360.000 Speed = 0.00 Altitude = 0.00
<30 Nov 2025 08:55:51> [TSimMgr_Server.netRecv_Synch_Pos_VBS] Sender : 192.168.1.50Platform Name : I Gusti Ngurah Rai - 332 ; Platform ID = 29777 X = 118° 00' 29.8" E Y = 00° 39' 25.3" N Z = 0.000 Course = 360.000 Speed = 0.00 Altitude = 0.00
<30 Nov 2025 08:55:51> [TSimMgr_Server.netRecv_Synch_Pos_VBS] Sender : 192.168.1.50Platform Name : Karel Satsuitubun - 356 ; Platform ID = 29775 X = 117° 50' 30.4" E Y = 00° 35' 06.3" N Z = 0.000 Course = 0.000 Speed = 0.00 Altitude = 0.00
<30 Nov 2025 08:55:51> [TSimMgr_Server.netRecv_Synch_Pos_VBS] Sender : 192.168.1.50Platform Name : Makassar - 590 ; Platform ID = 29768 X = 117° 54' 48.9" E Y = 00° 33' 00.4" N Z = 0.000 Course = 360.000 Speed = 0.00 Altitude = 0.00
<30 Nov 2025 08:55:51> [TSimMgr_Server.netRecv_Synch_Pos_VBS] Sender : 192.168.1.50Platform Name : Makassar - 590 ; Platform ID = 29768 X = 117° 54' 48.9" E Y = 00° 33' 00.4" N Z = 0.000 Course = 360.000 Speed = 0.00 Altitude = 0.00
<30 Nov 2025 08:55:51> [TSimMgr_Server.netRecv_Synch_Pos_VBS] Sender : 192.168.1.50Platform Name : Makassar - 590 ; Platform ID = 29768 X = 117° 54' 48.9" E Y = 00° 33' 00.4" N Z = 0.000 Course = 360.000 Speed = 0.00 Altitude = 0.00
<30 Nov 2025 08:55:51> [TSimMgr_Server.netRecv_Synch_Pos_VBS] Sender : 192.168.1.50Platform Name : Surabaya - 591 ; Platform ID = 29769 X = 117° 51' 17.2" E Y = 00° 35' 08.2" N Z = 0.000 Course = 360.000 Speed = 0.00 Altitude = 0.00
<30 Nov 2025 08:55:51> [TSimMgr_Server.netRecv_Synch_Pos_VBS] Sender : 192.168.1.50Platform Name : Surabaya - 591 ; Platform ID = 29769 X = 117° 51' 17.2" E Y = 00° 35' 08.2" N Z = 0.000 Course = 360.000 Speed = 0.00 Altitude = 0.00
<30 Nov 2025 08:55:51> [TSimMgr_Server.netRecv_Synch_Pos_VBS] Sender : 192.168.1.50Platform Name : Surabaya - 591 ; Platform ID = 29769 X = 117° 51' 17.2" E Y = 00° 35' 08.2" N Z = 0.000 Course = 360.000 Speed = 0.00 Altitude = 0.00
<30 Nov 2025 08:55:51> [TSimMgr_Server.netRecv_Synch_Pos_VBS] Sender : 192.168.1.50Platform Name : Surabaya - 591 ; Platform ID = 29769 X = 117° 51' 17.2" E Y = 00° 35' 08.2" N Z = 0.000 Course = 360.000 Speed = 0.00 Altitude = 0.00
<30 Nov 2025 08:55:51> [TSimMgr_Server.netRecv_Synch_Pos_VBS] Sender : 192.168.1.50Platform Name : Surabaya - 591 ; Platform ID = 29769 X = 117° 51' 17.2" E Y = 00° 35' 08.2" N Z = 0.000 Course = 360.000 Speed = 0.00 Altitude = 0.00
<30 Nov 2025 08:55:51> [TSimMgr_Server.netRecv_Synch_Pos_VBS] Sender : 192.168.1.50Platform Name : Teluk Bintuni - 520 ; Platform ID = 29770 X = 117° 58' 00.6" E Y = 00° 34' 28.2" N Z = 0.000 Course = 0.000 Speed = 0.00 Altitude = 0.00
<30 Nov 2025 08:55:51> [TSimMgr_Server.netRecv_Synch_Pos_VBS] Sender : 192.168.1.50Platform Name : Teluk Wondama - 527 ; Platform ID = 29773 X = 117° 54' 00.2" E Y = 00° 37' 07.4" N Z = 0.000 Course = 0.000 Speed = 0.00 Altitude = 0.00
<30 Nov 2025 08:55:51> [TSimMgr_Server.netRecv_Synch_Pos_VBS] Sender : 192.168.1.50Platform Name : Usman-Harun - 359 ; Platform ID = 29800 X = 117° 48' 41.2" E Y = 00° 31' 15.2" N Z = 0.000 Course = 360.000 Speed = 0.00 Altitude = 0.00
<30 Nov 2025 08:55:51> [TSimMgr_Server.netRecv_Synch_Pos_VBS] Sender : 192.168.1.50Platform Name : Australia - Collins ; Platform ID = 29900 X = 117° 55' 39.7" E Y = 00° 39' 00.9" N Z = 0.000 Course = 0.001 Speed = 0.00 Altitude = 0.00
<30 Nov 2025 08:55:51> [TSimMgr_Server.netRecv_Synch_Pos_VBS] Sender : 192.168.1.50Platform Name : Australia - Collins ; Platform ID = 29900 X = 117° 55' 39.7" E Y = 00° 39' 00.9" N Z = 0.000 Course = 0.001 Speed = 0.00 Altitude = 0.00
<30 Nov 2025 08:55:52> [TSimMgr_Server.netRecv_Synch_Pos_VBS] Sender : 192.168.1.50Platform Name : Ahmad Yani - 351 ; Platform ID = 29774 X = 117° 56' 47.4" E Y = 00° 38' 16.1" N Z = 0.000 Course = 0.000 Speed = 0.00 Altitude = 0.00
<30 Nov 2025 08:55:52> [TSimMgr_Server.netRecv_Synch_Pos_VBS] Sender : 192.168.1.50Platform Name : Bung Tomo - 357 ; Platform ID = 29799 X = 117° 51' 42.5" E Y = 00° 30' 57.0" N Z = 0.000 Course = 360.000 Speed = 0.00 Altitude = 0.00
<30 Nov 2025 08:55:52> [TSimMgr_Server.netRecv_Synch_Pos_VBS] Sender : 192.168.1.50Platform Name : Diponegoro - 365 ; Platform ID = 29801 X = 118° 00' 16.1" E Y = 00° 36' 17.3" N Z = 0.000 Course = 360.000 Speed = 0.00 Altitude = 0.00
<30 Nov 2025 08:55:52> [TSimMgr_Server.netRecv_Synch_Pos_VBS] Sender : 192.168.1.50Platform Name : Frans Kaisiepo - 368 ; Platform ID = 29776 X = 117° 47' 54.3" E Y = 00° 34' 29.1" N Z = 0.000 Course = 360.000 Speed = 0.00 Altitude = 0.00
<30 Nov 2025 08:55:52> [TSimMgr_Server.netRecv_Synch_Pos_VBS] Sender : 192.168.1.50Platform Name : I Gusti Ngurah Rai - 332 ; Platform ID = 29777 X = 118° 00' 29.8" E Y = 00° 39' 25.3" N Z = 0.000 Course = 360.000 Speed = 0.00 Altitude = 0.00
<30 Nov 2025 08:55:52> [TSimMgr_Server.netRecv_Synch_Pos_VBS] Sender : 192.168.1.50Platform Name : Karel Satsuitubun - 356 ; Platform ID = 29775 X = 117° 50' 30.4" E Y = 00° 35' 06.3" N Z = 0.000 Course = 0.000 Speed = 0.00 Altitude = 0.00
<30 Nov 2025 08:55:52> [TSimMgr_Server.netRecv_Synch_Pos_VBS] Sender : 192.168.1.50Platform Name : Makassar - 590 ; Platform ID = 29768 X = 117° 54' 48.9" E Y = 00° 33' 00.4" N Z = 0.000 Course = 360.000 Speed = 0.00 Altitude = 0.00
<30 Nov 2025 08:55:52> [TSimMgr_Server.netRecv_Synch_Pos_VBS] Sender : 192.168.1.50Platform Name : Surabaya - 591 ; Platform ID = 29769 X = 117° 51' 17.2" E Y = 00° 35' 08.2" N Z = 0.000 Course = 360.000 Speed = 0.00 Altitude = 0.00
<30 Nov 2025 08:55:52> [TSimMgr_Server.netRecv_Synch_Pos_VBS] Sender : 192.168.1.50Platform Name : Teluk Bintuni - 520 ; Platform ID = 29770 X = 117° 58' 00.6" E Y = 00° 34' 28.2" N Z = 0.000 Course = 0.000 Speed = 0.00 Altitude = 0.00
<30 Nov 2025 08:55:52> [TSimMgr_Server.netRecv_Synch_Pos_VBS] Sender : 192.168.1.50Platform Name : Teluk Wondama - 527 ; Platform ID = 29773 X = 117° 54' 00.2" E Y = 00° 37' 07.4" N Z = 0.000 Course = 0.000 Speed = 0.00 Altitude = 0.00
<30 Nov 2025 08:55:52> [TSimMgr_Server.netRecv_Synch_Pos_VBS] Sender : 192.168.1.50Platform Name : Usman-Harun - 359 ; Platform ID = 29800 X = 117° 48' 41.2" E Y = 00° 31' 15.2" N Z = 0.000 Course = 360.000 Speed = 0.00 Altitude = 0.00
<30 Nov 2025 08:55:52> [TSimMgr_Server.netRecv_Synch_Pos_VBS] Sender : 192.168.1.50Platform Name : Australia - Collins ; Platform ID = 29900 X = 117° 55' 39.7" E Y = 00° 39' 00.9" N Z = 0.000 Course = 359.999 Speed = 0.00 Altitude = 0.00
<30 Nov 2025 08:55:52> [TSimMgr_Server.netRecv_Synch_Pos_VBS] Sender : 192.168.1.50Platform Name : Australia - Collins ; Platform ID = 29900 X = 117° 55' 39.7" E Y = 00° 39' 00.9" N Z = 0.000 Course = 359.999 Speed = 0.00 Altitude = 0.00
<30 Nov 2025 08:55:52> [TSimMgr_Server.netRecv_Synch_Pos_VBS] Sender : 192.168.1.50Platform Name : Australia - Collins ; Platform ID = 29900 X = 117° 55' 39.7" E Y = 00° 39' 00.9" N Z = 0.000 Course = 359.999 Speed = 0.00 Altitude = 0.00
<30 Nov 2025 08:55:52> [TSimMgr_Server.netRecv_Synch_Pos_VBS] Sender : 192.168.1.50Platform Name : Australia - Collins ; Platform ID = 29900 X = 117° 55' 39.7" E Y = 00° 39' 00.9" N Z = 0.000 Course = 359.999 Speed = 0.00 Altitude = 0.00
<30 Nov 2025 08:55:52> [TSimMgr_Server.netRecv_Synch_Pos_VBS] Sender : 192.168.1.50Platform Name : Australia - Collins ; Platform ID = 29900 X = 117° 55' 39.7" E Y = 00° 39' 00.9" N Z = 0.000 Course = 359.999 Speed = 0.00 Altitude = 0.00
<30 Nov 2025 08:55:52> [TSimMgr_Server.netRecv_Synch_Pos_VBS] Sender : 192.168.1.50Platform Name : Australia - Collins ; Platform ID = 29900 X = 117° 55' 39.7" E Y = 00° 39' 00.9" N Z = 0.000 Course = 359.999 Speed = 0.00 Altitude = 0.00
<30 Nov 2025 08:55:52> [TSimMgr_Server.netRecv_Synch_Pos_VBS] Sender : 192.168.1.50Platform Name : Australia - Collins ; Platform ID = 29900 X = 117° 55' 39.7" E Y = 00° 39' 00.9" N Z = 0.000 Course = 359.999 Speed = 0.00 Altitude = 0.00
<30 Nov 2025 08:55:52> [TSimMgr_Server.netRecv_Synch_Pos_VBS] Sender : 192.168.1.50Platform Name : Australia - Collins ; Platform ID = 29900 X = 117° 55' 39.7" E Y = 00° 39' 00.9" N Z = 0.000 Course = 359.999 Speed = 0.00 Altitude = 0.00
<30 Nov 2025 08:55:53> [TSimMgr_Server.netRecv_Synch_Pos_VBS] Sender : 192.168.1.50Platform Name : Ahmad Yani - 351 ; Platform ID = 29774 X = 117° 56' 47.4" E Y = 00° 38' 16.1" N Z = 0.000 Course = 0.000 Speed = 0.00 Altitude = 0.00
<30 Nov 2025 08:55:53> [TSimMgr_Server.netRecv_Synch_Pos_VBS] Sender : 192.168.1.50Platform Name : Bung Tomo - 357 ; Platform ID = 29799 X = 117° 51' 42.5" E Y = 00° 30' 57.0" N Z = 0.000 Course = 360.000 Speed = 0.00 Altitude = 0.00
<30 Nov 2025 08:55:53> [TSimMgr_Server.netRecv_Synch_Pos_VBS] Sender : 192.168.1.50Platform Name : Diponegoro - 365 ; Platform ID = 29801 X = 118° 00' 16.1" E Y = 00° 36' 17.3" N Z = 0.000 Course = 360.000 Speed = 0.00 Altitude = 0.00
<30 Nov 2025 08:55:53> [TSimMgr_Server.netRecv_Synch_Pos_VBS] Sender : 192.168.1.50Platform Name : Diponegoro - 365 ; Platform ID = 29801 X = 118° 00' 16.1" E Y = 00° 36' 17.3" N Z = 0.000 Course = 360.000 Speed = 0.00 Altitude = 0.00
<30 Nov 2025 08:55:53> [TSimMgr_Server.netRecv_Synch_Pos_VBS] Sender : 192.168.1.50Platform Name : Diponegoro - 365 ; Platform ID = 29801 X = 118° 00' 16.1" E Y = 00° 36' 17.3" N Z = 0.000 Course = 360.000 Speed = 0.00 Altitude = 0.00
<30 Nov 2025 08:55:53> [TSimMgr_Server.netRecv_Synch_Pos_VBS] Sender : 192.168.1.50Platform Name : Frans Kaisiepo - 368 ; Platform ID = 29776 X = 117° 47' 54.3" E Y = 00° 34' 29.1" N Z = 0.000 Course = 360.000 Speed = 0.00 Altitude = 0.00
<30 Nov 2025 08:55:53> [TSimMgr_Server.netRecv_Synch_Pos_VBS] Sender : 192.168.1.50Platform Name : I Gusti Ngurah Rai - 332 ; Platform ID = 29777 X = 118° 00' 29.8" E Y = 00° 39' 25.3" N Z = 0.000 Course = 360.000 Speed = 0.00 Altitude = 0.00
<30 Nov 2025 08:55:53> [TSimMgr_Server.netRecv_Synch_Pos_VBS] Sender : 192.168.1.50Platform Name : Karel Satsuitubun - 356 ; Platform ID = 29775 X = 117° 50' 30.4" E Y = 00° 35' 06.3" N Z = 0.000 Course = 0.000 Speed = 0.00 Altitude = 0.00
<30 Nov 2025 08:55:53> [TSimMgr_Server.netRecv_Synch_Pos_VBS] Sender : 192.168.1.50Platform Name : Makassar - 590 ; Platform ID = 29768 X = 117° 54' 48.9" E Y = 00° 33' 00.4" N Z = 0.000 Course = 360.000 Speed = 0.00 Altitude = 0.00
<30 Nov 2025 08:55:53> [TSimMgr_Server.netRecv_Synch_Pos_VBS] Sender : 192.168.1.50Platform Name : Surabaya - 591 ; Platform ID = 29769 X = 117° 51' 17.2" E Y = 00° 35' 08.2" N Z = 0.000 Course = 360.000 Speed = 0.00 Altitude = 0.00
<30 Nov 2025 08:55:53> [TSimMgr_Server.netRecv_Synch_Pos_VBS] Sender : 192.168.1.50Platform Name : Teluk Bintuni - 520 ; Platform ID = 29770 X = 117° 58' 00.6" E Y = 00° 34' 28.2" N Z = 0.000 Course = 0.000 Speed = 0.00 Altitude = 0.00
<30 Nov 2025 08:55:53> [TSimMgr_Server.netRecv_Synch_Pos_VBS] Sender : 192.168.1.50Platform Name : Teluk Wondama - 527 ; Platform ID = 29773 X = 117° 54' 00.2" E Y = 00° 37' 07.4" N Z = 0.000 Course = 0.000 Speed = 0.00 Altitude = 0.00
<30 Nov 2025 08:55:53> [TSimMgr_Server.netRecv_Synch_Pos_VBS] Sender : 192.168.1.50Platform Name : Teluk Wondama - 527 ; Platform ID = 29773 X = 117° 54' 00.2" E Y = 00° 37' 07.4" N Z = 0.000 Course = 0.000 Speed = 0.00 Altitude = 0.00
<30 Nov 2025 08:55:53> [TSimMgr_Server.netRecv_Synch_Pos_VBS] Sender : 192.168.1.50Platform Name : Teluk Wondama - 527 ; Platform ID = 29773 X = 117° 54' 00.2" E Y = 00° 37' 07.4" N Z = 0.000 Course = 0.000 Speed = 0.00 Altitude = 0.00
<30 Nov 2025 08:55:53> [TSimMgr_Server.netRecv_Synch_Pos_VBS] Sender : 192.168.1.50Platform Name : Teluk Wondama - 527 ; Platform ID = 29773 X = 117° 54' 00.2" E Y = 00° 37' 07.4" N Z = 0.000 Course = 0.000 Speed = 0.00 Altitude = 0.00
<30 Nov 2025 08:55:53> [TSimMgr_Server.netRecv_Synch_Pos_VBS] Sender : 192.168.1.50Platform Name : Teluk Wondama - 527 ; Platform ID = 29773 X = 117° 54' 00.2" E Y = 00° 37' 07.4" N Z = 0.000 Course = 0.000 Speed = 0.00 Altitude = 0.00
<30 Nov 2025 08:55:53> [TSimMgr_Server.netRecv_Synch_Pos_VBS] Sender : 192.168.1.50Platform Name : Usman-Harun - 359 ; Platform ID = 29800 X = 117° 48' 41.2" E Y = 00° 31' 15.2" N Z = 0.000 Course = 360.000 Speed = 0.00 Altitude = 0.00
<30 Nov 2025 08:55:53> [TSimMgr_Server.netRecv_Synch_Pos_VBS] Sender : 192.168.1.50Platform Name : Usman-Harun - 359 ; Platform ID = 29800 X = 117° 48' 41.2" E Y = 00° 31' 15.2" N Z = 0.000 Course = 360.000 Speed = 0.00 Altitude = 0.00
<30 Nov 2025 08:55:54> [TSimMgr_Server.netRecv_Synch_Pos_VBS] Sender : 192.168.1.50Platform Name : Australia - Collins ; Platform ID = 29900 X = 117° 55' 39.7" E Y = 00° 39' 00.9" N Z = 0.000 Course = 0.000 Speed = 0.00 Altitude = 0.00
<30 Nov 2025 08:55:55> [TSimMgr_Server.netRecv_Synch_Pos_VBS] Sender : 192.168.1.50Platform Name : Ahmad Yani - 351 ; Platform ID = 29774 X = 117° 56' 47.4" E Y = 00° 38' 16.1" N Z = 0.000 Course = 0.000 Speed = 0.00 Altitude = 0.00
<30 Nov 2025 08:55:55> [TSimMgr_Server.netRecv_Synch_Pos_VBS] Sender : 192.168.1.50Platform Name : Bung Tomo - 357 ; Platform ID = 29799 X = 117° 51' 42.5" E Y = 00° 30' 57.0" N Z = 0.000 Course = 360.000 Speed = 0.00 Altitude = 0.00
<30 Nov 2025 08:55:55> [TSimMgr_Server.netRecv_Synch_Pos_VBS] Sender : 192.168.1.50Platform Name : Diponegoro - 365 ; Platform ID = 29801 X = 118° 00' 16.1" E Y = 00° 36' 17.3" N Z = 0.000 Course = 360.000 Speed = 0.00 Altitude = 0.00
<30 Nov 2025 08:55:55> [TSimMgr_Server.netRecv_Synch_Pos_VBS] Sender : 192.168.1.50Platform Name : Frans Kaisiepo - 368 ; Platform ID = 29776 X = 117° 47' 54.3" E Y = 00° 34' 29.1" N Z = 0.000 Course = 360.000 Speed = 0.00 Altitude = 0.00
<30 Nov 2025 08:55:55> [TSimMgr_Server.netRecv_Synch_Pos_VBS] Sender : 192.168.1.50Platform Name : I Gusti Ngurah Rai - 332 ; Platform ID = 29777 X = 118° 00' 29.8" E Y = 00° 39' 25.3" N Z = 0.000 Course = 360.000 Speed = 0.00 Altitude = 0.00
<30 Nov 2025 08:55:55> [TSimMgr_Server.netRecv_Synch_Pos_VBS] Sender : 192.168.1.50Platform Name : Karel Satsuitubun - 356 ; Platform ID = 29775 X = 117° 50' 30.4" E Y = 00° 35' 06.3" N Z = 0.000 Course = 0.000 Speed = 0.00 Altitude = 0.00
<30 Nov 2025 08:55:55> [TSimMgr_Server.netRecv_Synch_Pos_VBS] Sender : 192.168.1.50Platform Name : Makassar - 590 ; Platform ID = 29768 X = 117° 54' 48.9" E Y = 00° 33' 00.4" N Z = 0.000 Course = 360.000 Speed = 0.00 Altitude = 0.00
<30 Nov 2025 08:55:55> [TSimMgr_Server.netRecv_Synch_Pos_VBS] Sender : 192.168.1.50Platform Name : Surabaya - 591 ; Platform ID = 29769 X = 117° 51' 17.2" E Y = 00° 35' 08.2" N Z = 0.000 Course = 360.000 Speed = 0.00 Altitude = 0.00
<30 Nov 2025 08:55:55> [TSimMgr_Server.netRecv_Synch_Pos_VBS] Sender : 192.168.1.50Platform Name : Teluk Bintuni - 520 ; Platform ID = 29770 X = 117° 58' 00.6" E Y = 00° 34' 28.2" N Z = 0.000 Course = 0.000 Speed = 0.00 Altitude = 0.00
<30 Nov 2025 08:55:55> [TSimMgr_Server.netRecv_Synch_Pos_VBS] Sender : 192.168.1.50Platform Name : Teluk Wondama - 527 ; Platform ID = 29773 X = 117° 54' 00.2" E Y = 00° 37' 07.4" N Z = 0.000 Course = 0.000 Speed = 0.00 Altitude = 0.00
<30 Nov 2025 08:55:55> [TSimMgr_Server.netRecv_Synch_Pos_VBS] Sender : 192.168.1.50Platform Name : Teluk Wondama - 527 ; Platform ID = 29773 X = 117° 54' 00.2" E Y = 00° 37' 07.4" N Z = 0.000 Course = 0.000 Speed = 0.00 Altitude = 0.00
<30 Nov 2025 08:55:55> [TSimMgr_Server.netRecv_Synch_Pos_VBS] Sender : 192.168.1.50Platform Name : Usman-Harun - 359 ; Platform ID = 29800 X = 117° 48' 41.2" E Y = 00° 31' 15.2" N Z = 0.000 Course = 360.000 Speed = 0.00 Altitude = 0.00
<30 Nov 2025 08:55:55> [TSimMgr_Server.netRecv_Synch_Pos_VBS] Sender : 192.168.1.50Platform Name : Usman-Harun - 359 ; Platform ID = 29800 X = 117° 48' 41.2" E Y = 00° 31' 15.2" N Z = 0.000 Course = 360.000 Speed = 0.00 Altitude = 0.00
<30 Nov 2025 08:55:55> [TSimMgr_Server.netRecv_Synch_Pos_VBS] Sender : 192.168.1.50Platform Name : Australia - Collins ; Platform ID = 29900 X = 117° 55' 39.7" E Y = 00° 39' 00.9" N Z = 0.000 Course = 359.998 Speed = 0.00 Altitude = 0.00
<30 Nov 2025 08:55:55> [TSimMgr_Server.netRecv_Synch_Pos_VBS] Sender : 192.168.1.50Platform Name : Australia - Collins ; Platform ID = 29900 X = 117° 55' 39.7" E Y = 00° 39' 00.9" N Z = 0.000 Course = 359.998 Speed = 0.00 Altitude = 0.00
<30 Nov 2025 08:55:55> [TSimMgr_Server.netRecv_Synch_Pos_VBS] Sender : 192.168.1.50Platform Name : Australia - Collins ; Platform ID = 29900 X = 117° 55' 39.7" E Y = 00° 39' 00.9" N Z = 0.000 Course = 359.998 Speed = 0.00 Altitude = 0.00
<30 Nov 2025 08:55:55> [TSimMgr_Server.netRecv_Synch_Pos_VBS] Sender : 192.168.1.50Platform Name : Australia - Collins ; Platform ID = 29900 X = 117° 55' 39.7" E Y = 00° 39' 00.9" N Z = 0.000 Course = 359.998 Speed = 0.00 Altitude = 0.00
<30 Nov 2025 08:55:55> [TSimMgr_Server.netRecv_Synch_Pos_VBS] Sender : 192.168.1.50Platform Name : Australia - Collins ; Platform ID = 29900 X = 117° 55' 39.7" E Y = 00° 39' 00.9" N Z = 0.000 Course = 359.998 Speed = 0.00 Altitude = 0.00
<30 Nov 2025 08:55:55> [TSimMgr_Server.netRecv_Synch_Pos_VBS] Sender : 192.168.1.50Platform Name : Australia - Collins ; Platform ID = 29900 X = 117° 55' 39.7" E Y = 00° 39' 00.9" N Z = 0.000 Course = 359.998 Speed = 0.00 Altitude = 0.00
<30 Nov 2025 08:55:55> [TSimMgr_Server.netRecv_Synch_Pos_VBS] Sender : 192.168.1.50Platform Name : Australia - Collins ; Platform ID = 29900 X = 117° 55' 39.7" E Y = 00° 39' 00.9" N Z = 0.000 Course = 359.998 Speed = 0.00 Altitude = 0.00
<30 Nov 2025 08:55:55> [TSimMgr_Server.netRecv_Synch_Pos_VBS] Sender : 192.168.1.50Platform Name : Australia - Collins ; Platform ID = 29900 X = 117° 55' 39.7" E Y = 00° 39' 00.9" N Z = 0.000 Course = 359.998 Speed = 0.00 Altitude = 0.00
